year,country,code,continent,report_type,report_link,date,assessment_body,in_efu,io1,io2,io3,io4,io5,io6,io7,io8,io9,io10,io11,r1,r2,r3,r4,r5,r6,r7,r8,r9,r10,r11,r12,r13,r14,r15,r16,r17,r18,r19,r20,r21,r22,r23,r24,r25,r26,r27,r28,r29,r30,r31,r32,r33,r34,r35,r36,r37,r38,r39,r40,io1_i,io2_i,io3_i,io4_i,io5_i,io6_i,io7_i,io8_i,io9_i,io10_i,io11_i,r1_i,r2_i,r3_i,r4_i,r5_i,r6_i,r7_i,r8_i,r9_i,r10_i,r11_i,r12_i,r13_i,r14_i,r15_i,r16_i,r17_i,r18_i,r19_i,r20_i,r21_i,r22_i,r23_i,r24_i,r25_i,r26_i,r27_i,r28_i,r29_i,r30_i,r31_i,r32_i,r33_i,r34_i,r35_i,r36_i,r37_i,r38_i,r39_i,r40_i,io_le,io_me,io_se,io_he,r_nc,r_pc,r_lc,r_c,io_mean,r_mean,io_a_mean,io_b_mean,io_c_mean,r_a_mean,r_b_mean,r_c_mean,r_d_mean,r_e_mean,r_f_mean,r_g_mean,ei1,tci1,ei2,tci2,cr1,cr2,fu,efu,c1_efu,c2_efu,c3_efu,c4_efu,r_efu,io_efu,rio_efu,stage
2018,Albania,AL,Europe,MER,https://www.fatf-gafi.org/content/fatf-gafi/en/publications/Mutualevaluations/Mer-albania-2018.html,2018-07-01,MONEYVAL,1,ME,ME,ME,SE,ME,SE,ME,ME,LE,ME,LE,LC,LC,LC,LC,LC,PC,NC,PC,LC,LC,LC,LC,LC,C,LC,LC,NA,PC,PC,LC,LC,LC,LC,PC,PC,PC,LC,PC,LC,C,LC,LC,LC,LC,PC,LC,LC,PC,LC,LC,0.3333333333333333,0.3333333333333333,0.3333333333333333,0.6666666666666666,0.3333333333333333,0.6666666666666666,0.3333333333333333,0.3333333333333333,0.0,0.3333333333333333,0.0,0.6666666666666666,0.6666666666666666,0.6666666666666666,0.6666666666666666,0.6666666666666666,0.3333333333333333,0.0,0.3333333333333333,0.6666666666666666,0.6666666666666666,0.6666666666666666,0.6666666666666666,0.6666666666666666,1.0,0.6666666666666666,0.6666666666666666,0.5811965811965811,0.3333333333333333,0.3333333333333333,0.6666666666666666,0.6666666666666666,0.6666666666666666,0.6666666666666666,0.3333333333333333,0.3333333333333333,0.3333333333333333,0.6666666666666666,0.3333333333333333,0.6666666666666666,1.0,0.6666666666666666,0.6666666666666666,0.6666666666666666,0.6666666666666666,0.3333333333333333,0.6666666666666666,0.6666666666666666,0.3333333333333333,0.6666666666666666,0.6666666666666666,2,7,2,0,1,10,26,2,0.3333333333333333,0.5811965811965811,0.3333333333333333,0.4444444444444444,0.2777777777777778,0.6666666666666666,0.6666666666666666,0.3333333333333333,0.6387464387464387,0.3333333333333333,0.6,0.6,0.3333333333333333,0.5811965811965811,0.35185185185185186,0.5483923483923484,0.573529411764706,0.64160605610806,0,0,1,0,1,0,1,1,1,0
2019,Albania,AL,Europe,EFUR1,https://www.fatf-gafi.org/content/fatf-gafi/en/publications/Mutualevaluations/Fur1-albania-2019.html,2019-12-01,MONEYVAL,1,ME,ME,ME,SE,ME,SE,ME,ME,LE,ME,LE,LC,LC,LC,LC,LC,C,NC,LC,LC,LC,LC,LC,LC,C,LC,LC,NA,LC,C,LC,C,LC,LC,PC,PC,PC,LC,PC,LC,C,LC,LC,LC,LC,LC,LC,LC,PC,LC,LC,0.3333333333333333,0.3333333333333333,0.3333333333333333,0.6666666666666666,0.3333333333333333,0.6666666666666666,0.3333333333333333,0.3333333333333333,0.0,0.3333333333333333,0.0,0.6666666666666666,0.6666666666666666,0.6666666666666666,0.6666666666666666,0.6666666666666666,1.0,0.0,0.6666666666666666,0.6666666666666666,0.6666666666666666,0.6666666666666666,0.6666666666666666,0.6666666666666666,1.0,0.6666666666666666,0.6666666666666666,0.6495726495726496,0.6666666666666666,1.0,0.6666666666666666,1.0,0.6666666666666666,0.6666666666666666,0.3333333333333333,0.3333333333333333,0.3333333333333333,0.6666666666666666,0.3333333333333333,0.6666666666666666,1.0,0.6666666666666666,0.6666666666666666,0.6666666666666666,0.6666666666666666,0.6666666666666666,0.6666666666666666,0.6666666666666666,0.3333333333333333,0.6666666666666666,0.6666666666666666,2,7,2,0,1,5,28,5,0.3333333333333333,0.6495726495726496,0.3333333333333333,0.4444444444444444,0.2777777777777778,0.6666666666666666,0.6666666666666666,0.5833333333333333,0.7321937321937322,0.3333333333333333,0.6333333333333333,0.6,0.3333333333333333,0.6495726495726496,0.35185185185185186,0.6022181522181522,0.513157894736842,0.58425979116683,1,1,0,0,1,0,0,1,1,1
2021,Albania,AL,Europe,EFUR2,https://www.fatf-gafi.org/content/fatf-gafi/en/publications/Mutualevaluations/Fur-albania-2021.html,2021-05-01,MONEYVAL,1,ME,ME,ME,SE,ME,SE,ME,ME,LE,ME,LE,LC,LC,LC,LC,LC,C,PC,LC,LC,LC,LC,LC,LC,C,PC,LC,NA,LC,C,LC,C,LC,LC,PC,PC,PC,LC,PC,LC,C,LC,LC,LC,LC,LC,LC,LC,PC,LC,LC,0.3333333333333333,0.3333333333333333,0.3333333333333333,0.6666666666666666,0.3333333333333333,0.6666666666666666,0.3333333333333333,0.3333333333333333,0.0,0.3333333333333333,0.0,0.6666666666666666,0.6666666666666666,0.6666666666666666,0.6666666666666666,0.6666666666666666,1.0,0.3333333333333333,0.6666666666666666,0.6666666666666666,0.6666666666666666,0.6666666666666666,0.6666666666666666,0.6666666666666666,1.0,0.3333333333333333,0.6666666666666666,0.6495726495726496,0.6666666666666666,1.0,0.6666666666666666,1.0,0.6666666666666666,0.6666666666666666,0.3333333333333333,0.3333333333333333,0.3333333333333333,0.6666666666666666,0.3333333333333333,0.6666666666666666,1.0,0.6666666666666666,0.6666666666666666,0.6666666666666666,0.6666666666666666,0.6666666666666666,0.6666666666666666,0.6666666666666666,0.3333333333333333,0.6666666666666666,0.6666666666666666,2,7,2,0,0,7,27,5,0.3333333333333333,0.6495726495726496,0.3333333333333333,0.4444444444444444,0.2777777777777778,0.6666666666666666,0.6666666666666666,0.6666666666666666,0.7099715099715099,0.3333333333333333,0.6333333333333333,0.6,0.3333333333333333,0.6495726495726496,0.35185185185185186,0.6109483109483109,0.513157894736842,0.5759109986010259,1,1,0,0,1,0,0,1,1,2
2022,Albania,AL,Europe,EFUR3,https://www.fatf-gafi.org/content/fatf-gafi/en/publications/Mutualevaluations/FUR-Albania-2022.html,2022-05-01,MONEYVAL,1,ME,ME,ME,SE,ME,SE,ME,ME,LE,ME,LE,LC,LC,LC,LC,LC,C,PC,LC,LC,LC,LC,LC,LC,C,PC,LC,NA,LC,C,LC,C,LC,LC,LC,PC,LC,LC,PC,LC,C,LC,LC,LC,LC,LC,LC,LC,C,LC,LC,0.3333333333333333,0.3333333333333333,0.3333333333333333,0.6666666666666666,0.3333333333333333,0.6666666666666666,0.3333333333333333,0.3333333333333333,0.0,0.3333333333333333,0.0,0.6666666666666666,0.6666666666666666,0.6666666666666666,0.6666666666666666,0.6666666666666666,1.0,0.3333333333333333,0.6666666666666666,0.6666666666666666,0.6666666666666666,0.6666666666666666,0.6666666666666666,0.6666666666666666,1.0,0.3333333333333333,0.6666666666666666,0.6837606837606838,0.6666666666666666,1.0,0.6666666666666666,1.0,0.6666666666666666,0.6666666666666666,0.6666666666666666,0.3333333333333333,0.6666666666666666,0.6666666666666666,0.3333333333333333,0.6666666666666666,1.0,0.6666666666666666,0.6666666666666666,0.6666666666666666,0.6666666666666666,0.6666666666666666,0.6666666666666666,0.6666666666666666,1.0,0.6666666666666666,0.6666666666666666,2,7,2,0,0,4,29,6,0.3333333333333333,0.6837606837606838,0.3333333333333333,0.4444444444444444,0.2777777777777778,0.6666666666666666,0.6666666666666666,0.6666666666666666,0.7122507122507122,0.5,0.6666666666666666,0.7333333333333333,0.3333333333333333,0.6837606837606838,0.35185185185185186,0.6588929588929588,0.4875,0.5340045710050034,1,1,0,0,1,0,0,1,1,3
2023,Albania,AL,Europe,EFUR4,https://www.fatf-gafi.org/content/fatf-gafi/en/publications/Mutualevaluations/fur-albania-2023.html,2023-05-01,MONEYVAL,1,ME,ME,ME,SE,ME,SE,ME,ME,LE,ME,LE,LC,LC,LC,LC,LC,C,PC,LC,LC,LC,LC,LC,LC,C,PC,LC,NA,LC,C,LC,C,LC,LC,LC,LC,LC,LC,LC,LC,C,LC,LC,LC,LC,LC,LC,LC,C,LC,LC,0.3333333333333333,0.3333333333333333,0.3333333333333333,0.6666666666666666,0.3333333333333333,0.6666666666666666,0.3333333333333333,0.3333333333333333,0.0,0.3333333333333333,0.0,0.6666666666666666,0.6666666666666666,0.6666666666666666,0.6666666666666666,0.6666666666666666,1.0,0.3333333333333333,0.6666666666666666,0.6666666666666666,0.6666666666666666,0.6666666666666666,0.6666666666666666,0.6666666666666666,1.0,0.3333333333333333,0.6666666666666666,0.7008547008547008,0.6666666666666666,1.0,0.6666666666666666,1.0,0.6666666666666666,0.6666666666666666,0.6666666666666666,0.6666666666666666,0.6666666666666666,0.6666666666666666,0.6666666666666666,0.6666666666666666,1.0,0.6666666666666666,0.6666666666666666,0.6666666666666666,0.6666666666666666,0.6666666666666666,0.6666666666666666,0.6666666666666666,1.0,0.6666666666666666,0.6666666666666666,2,7,2,0,0,2,31,6,0.3333333333333333,0.7008547008547008,0.3333333333333333,0.4444444444444444,0.2777777777777778,0.6666666666666666,0.6666666666666666,0.6666666666666666,0.7133903133903133,0.6666666666666666,0.7,0.7333333333333333,0.3333333333333333,0.7008547008547008,0.35185185185185186,0.6876271876271876,0.47560975609756095,0.5116898490677716,1,1,0,0,1,0,0,1,1,4
2023,Algeria,DZ,Africa,MER,https://www.fatf-gafi.org/content/fatf-gafi/en/publications/Mutualevaluations/mutual-evaluation-of-algeria.html,2023-07-01,MENAFATF,1,LE,ME,LE,LE,LE,ME,ME,SE,SE,LE,LE,NC,PC,LC,LC,C,PC,NC,NC,PC,PC,PC,NC,NC,PC,NC,NC,NA,PC,NC,LC,PC,PC,PC,NC,NC,PC,PC,PC,LC,LC,LC,PC,C,PC,PC,PC,LC,LC,LC,NC,0.0,0.3333333333333333,0.0,0.0,0.0,0.3333333333333333,0.3333333333333333,0.6666666666666666,0.6666666666666666,0.0,0.0,0.0,0.3333333333333333,0.6666666666666666,0.6666666666666666,1.0,0.3333333333333333,0.0,0.0,0.3333333333333333,0.3333333333333333,0.3333333333333333,0.0,0.0,0.3333333333333333,0.0,0.0,0.3504273504273504,0.3333333333333333,0.0,0.6666666666666666,0.3333333333333333,0.3333333333333333,0.3333333333333333,0.0,0.0,0.3333333333333333,0.3333333333333333,0.3333333333333333,0.6666666666666666,0.6666666666666666,0.6666666666666666,0.3333333333333333,1.0,0.3333333333333333,0.3333333333333333,0.3333333333333333,0.6666666666666666,0.6666666666666666,0.6666666666666666,0.0,6,3,2,0,11,17,9,2,0.2121212121212121,0.3504273504273504,0.16666666666666666,0.0,0.3333333333333333,0.16666666666666666,0.6666666666666666,0.3333333333333333,0.24558404558404556,0.0,0.5,0.4666666666666666,0.2121212121212121,0.3504273504273504,0.16666666666666666,0.3398453398453398,0.6053215077605322,0.49041916167664673,0,0,1,1,1,1,1,1,1,0
2024,Algeria,DZ,Africa,EFUR1,https://www.fatf-gafi.org/content/fatf-gafi/en/publications/Mutualevaluations/fur-algeria-2024.html,2024-05-01,MENAFATF,1,LE,ME,LE,LE,LE,ME,ME,SE,SE,LE,LE,NC,PC,LC,LC,C,PC,NC,NC,PC,PC,PC,PC,NC,LC,NC,NC,NA,PC,NC,LC,LC,PC,PC,NC,NC,LC,LC,LC,LC,LC,LC,PC,C,PC,PC,PC,LC,LC,LC,NC,0.0,0.3333333333333333,0.0,0.0,0.0,0.3333333333333333,0.3333333333333333,0.6666666666666666,0.6666666666666666,0.0,0.0,0.0,0.3333333333333333,0.6666666666666666,0.6666666666666666,1.0,0.3333333333333333,0.0,0.0,0.3333333333333333,0.3333333333333333,0.3333333333333333,0.3333333333333333,0.0,0.6666666666666666,0.0,0.0,0.40170940170940167,0.3333333333333333,0.0,0.6666666666666666,0.6666666666666666,0.3333333333333333,0.3333333333333333,0.0,0.0,0.6666666666666666,0.6666666666666666,0.6666666666666666,0.6666666666666666,0.6666666666666666,0.6666666666666666,0.3333333333333333,1.0,0.3333333333333333,0.3333333333333333,0.3333333333333333,0.6666666666666666,0.6666666666666666,0.6666666666666666,0.0,6,3,2,0,10,13,14,2,0.2121212121212121,0.40170940170940167,0.16666666666666666,0.0,0.3333333333333333,0.16666666666666666,0.6666666666666666,0.3333333333333333,0.3156695156695157,0.0,0.6,0.4666666666666666,0.2121212121212121,0.40170940170940167,0.16666666666666666,0.36414326414326414,0.528046421663443,0.4576953168659886,1,1,1,1,1,1,1,1,1,1
2025,Algeria,DZ,Africa,EFUR2,https://www.fatf-gafi.org/en/publications/Mutualevaluations/efur-algeria-2025.html,2025-05-01,MENAFATF,1,LE,ME,LE,LE,LE,ME,ME,SE,SE,LE,LE,NC,PC,LC,LC,C,PC,NC,NC,PC,LC,LC,PC,NC,LC,NC,LC,NA,LC,PC,LC,LC,PC,PC,NC,NC,LC,LC,LC,LC,LC,LC,PC,C,PC,PC,PC,LC,LC,LC,NC,0.0,0.3333333333333333,0.0,0.0,0.0,0.3333333333333333,0.3333333333333333,0.6666666666666666,0.6666666666666666,0.0,0.0,0.0,0.3333333333333333,0.6666666666666666,0.6666666666666666,1.0,0.3333333333333333,0.0,0.0,0.3333333333333333,0.6666666666666666,0.6666666666666666,0.3333333333333333,0.0,0.6666666666666666,0.0,0.6666666666666666,0.452991452991453,0.6666666666666666,0.3333333333333333,0.6666666666666666,0.6666666666666666,0.3333333333333333,0.3333333333333333,0.0,0.0,0.6666666666666666,0.6666666666666666,0.6666666666666666,0.6666666666666666,0.6666666666666666,0.6666666666666666,0.3333333333333333,1.0,0.3333333333333333,0.3333333333333333,0.3333333333333333,0.6666666666666666,0.6666666666666666,0.6666666666666666,0.0,6,3,2,0,8,11,18,2,0.2121212121212121,0.452991452991453,0.16666666666666666,0.0,0.3333333333333333,0.16666666666666666,0.6666666666666666,0.3333333333333333,0.4524216524216524,0.0,0.6,0.4666666666666666,0.2121212121212121,0.452991452991453,0.16666666666666666,0.38367928367928367,0.4682675814751286,0.4343905802482232,1,1,1,0,1,1,1,1,1,2
2017,Andorra,AD,Europe,MER,https://www.fatf-gafi.org/content/fatf-gafi/en/publications/Mutualevaluations/Mer-andorra-2017.html,2017-09-01,MONEYVAL,1,SE,SE,ME,ME,ME,SE,ME,ME,SE,ME,ME,LC,PC,PC,C,LC,LC,C,PC,LC,LC,LC,PC,LC,LC,PC,PC,LC,LC,C,LC,LC,PC,PC,LC,PC,PC,LC,PC,LC,C,PC,PC,LC,PC,LC,PC,LC,LC,LC,LC,0.6666666666666666,0.6666666666666666,0.3333333333333333,0.3333333333333333,0.3333333333333333,0.6666666666666666,0.3333333333333333,0.3333333333333333,0.6666666666666666,0.3333333333333333,0.3333333333333333,0.6666666666666666,0.3333333333333333,0.3333333333333333,1.0,0.6666666666666666,0.6666666666666666,1.0,0.3333333333333333,0.6666666666666666,0.6666666666666666,0.6666666666666666,0.3333333333333333,0.6666666666666666,0.6666666666666666,0.3333333333333333,0.3333333333333333,0.6666666666666666,0.6666666666666666,1.0,0.6666666666666666,0.6666666666666666,0.3333333333333333,0.3333333333333333,0.6666666666666666,0.3333333333333333,0.3333333333333333,0.6666666666666666,0.3333333333333333,0.6666666666666666,1.0,0.3333333333333333,0.3333333333333333,0.6666666666666666,0.3333333333333333,0.6666666666666666,0.3333333333333333,0.6666666666666666,0.6666666666666666,0.6666666666666666,0.6666666666666666,0,7,4,0,0,15,21,4,0.45454545454545453,0.575,0.6666666666666666,0.3333333333333333,0.4444444444444444,0.5,0.6666666666666666,0.6666666666666666,0.5777777777777777,0.5,0.5333333333333333,0.6,0.45454545454545453,0.575,0.48148148148148145,0.5777777777777777,0.7905138339920948,0.8333333333333334,0,0,1,1,1,0,1,1,1,0
2018,Andorra,AD,Europe,EFUR1,https://www.fatf-gafi.org/content/fatf-gafi/en/publications/Mutualevaluations/Fur-andorra-2019.html,2018-12-01,MONEYVAL,1,SE,SE,ME,ME,ME,SE,ME,ME,SE,ME,ME,LC,C,LC,C,LC,LC,C,PC,LC,LC,C,LC,LC,LC,C,LC,LC,LC,C,C,C,LC,LC,LC,PC,PC,LC,PC,LC,C,PC,C,LC,LC,LC,PC,LC,LC,LC,LC,0.6666666666666666,0.6666666666666666,0.3333333333333333,0.3333333333333333,0.3333333333333333,0.6666666666666666,0.3333333333333333,0.3333333333333333,0.6666666666666666,0.3333333333333333,0.3333333333333333,0.6666666666666666,1.0,0.6666666666666666,1.0,0.6666666666666666,0.6666666666666666,1.0,0.3333333333333333,0.6666666666666666,0.6666666666666666,1.0,0.6666666666666666,0.6666666666666666,0.6666666666666666,1.0,0.6666666666666666,0.6666666666666666,0.6666666666666666,1.0,1.0,1.0,0.6666666666666666,0.6666666666666666,0.6666666666666666,0.3333333333333333,0.3333333333333333,0.6666666666666666,0.3333333333333333,0.6666666666666666,1.0,0.3333333333333333,1.0,0.6666666666666666,0.6666666666666666,0.6666666666666666,0.3333333333333333,0.6666666666666666,0.6666666666666666,0.6666666666666666,0.6666666666666666,0,7,4,0,0,6,24,10,0.45454545454545453,0.7,0.6666666666666666,0.3333333333333333,0.4444444444444444,0.8333333333333333,0.8333333333333333,0.6666666666666666,0.7777777777777778,0.5,0.6333333333333333,0.6,0.45454545454545453,0.7,0.48148148148148145,0.692063492063492,0.6493506493506493,0.6957186544342507,1,1,0,0,1,0,0,1,1,1
2019,Andorra,AD,Europe,EFUR2,https://www.fatf-gafi.org/content/fatf-gafi/en/publications/Mutualevaluations/Fur2-andorra-2019.html,2019-12-01,MONEYVAL,1,SE,SE,ME,ME,ME,SE,ME,ME,SE,ME,ME,LC,C,LC,C,LC,LC,C,PC,LC,LC,C,LC,LC,LC,C,LC,LC,LC,C,C,C,LC,LC,LC,LC,LC,LC,LC,LC,C,PC,C,LC,LC,LC,PC,LC,LC,LC,LC,0.6666666666666666,0.6666666666666666,0.3333333333333333,0.3333333333333333,0.3333333333333333,0.6666666666666666,0.3333333333333333,0.3333333333333333,0.6666666666666666,0.3333333333333333,0.3333333333333333,0.6666666666666666,1.0,0.6666666666666666,1.0,0.6666666666666666,0.6666666666666666,1.0,0.3333333333333333,0.6666666666666666,0.6666666666666666,1.0,0.6666666666666666,0.6666666666666666,0.6666666666666666,1.0,0.6666666666666666,0.6666666666666666,0.6666666666666666,1.0,1.0,1.0,0.6666666666666666,0.6666666666666666,0.6666666666666666,0.6666666666666666,0.6666666666666666,0.6666666666666666,0.6666666666666666,0.6666666666666666,1.0,0.3333333333333333,1.0,0.6666666666666666,0.6666666666666666,0.6666666666666666,0.3333333333333333,0.6666666666666666,0.6666666666666666,0.6666666666666666,0.6666666666666666,0,7,4,0,0,3,27,10,0.45454545454545453,0.725,0.6666666666666666,0.3333333333333333,0.4444444444444444,0.8333333333333333,0.8333333333333333,0.6666666666666666,0.7777777777777778,0.6666666666666666,0.7,0.6,0.45454545454545453,0.725,0.48148148148148145,0.7253968253968254,0.6269592476489029,0.6637490882567468,1,1,0,0,1,0,0,1,1,2
2021,Andorra,AD,Europe,EFUR3,https://www.fatf-gafi.org/content/fatf-gafi/en/publications/Mutualevaluations/Fur-andorra-2021.html,2021-11-01,MONEYVAL,1,SE,SE,ME,ME,ME,SE,ME,ME,SE,ME,ME,LC,C,LC,C,LC,LC,C,LC,LC,LC,C,LC,LC,LC,PC,LC,LC,LC,C,C,C,LC,LC,LC,LC,LC,LC,LC,LC,C,PC,C,LC,LC,LC,PC,LC,LC,LC,LC,0.6666666666666666,0.6666666666666666,0.3333333333333333,0.3333333333333333,0.3333333333333333,0.6666666666666666,0.3333333333333333,0.3333333333333333,0.6666666666666666,0.3333333333333333,0.3333333333333333,0.6666666666666666,1.0,0.6666666666666666,1.0,0.6666666666666666,0.6666666666666666,1.0,0.6666666666666666,0.6666666666666666,0.6666666666666666,1.0,0.6666666666666666,0.6666666666666666,0.6666666666666666,0.3333333333333333,0.6666666666666666,0.6666666666666666,0.6666666666666666,1.0,1.0,1.0,0.6666666666666666,0.6666666666666666,0.6666666666666666,0.6666666666666666,0.6666666666666666,0.6666666666666666,0.6666666666666666,0.6666666666666666,1.0,0.3333333333333333,1.0,0.6666666666666666,0.6666666666666666,0.6666666666666666,0.3333333333333333,0.6666666666666666,0.6666666666666666,0.6666666666666666,0.6666666666666666,0,7,4,0,0,3,28,9,0.45454545454545453,0.7166666666666667,0.6666666666666666,0.3333333333333333,0.4444444444444444,0.8333333333333333,0.8333333333333333,0.75,0.7333333333333333,0.6666666666666666,0.7,0.6,0.45454545454545453,0.7166666666666667,0.48148148148148145,0.7309523809523809,0.6342494714587738,0.6587043069127759,1,1,0,0,1,0,0,1,1,3
2023,Angola,AO,Africa,MER,https://www.fatf-gafi.org/content/fatf-gafi/en/publications/Mutualevaluations/esaamlg-mutual-evaluation-of-angola-2023.html,2023-06-01,ESAAMLG,1,LE,LE,LE,LE,LE,ME,LE,ME,ME,LE,LE,LC,PC,PC,LC,PC,PC,PC,NC,LC,LC,C,C,LC,C,PC,PC,LC,LC,C,PC,LC,PC,PC,NC,NC,C,C,LC,LC,LC,LC,LC,PC,C,PC,PC,PC,LC,LC,LC,0.0,0.0,0.0,0.0,0.0,0.3333333333333333,0.0,0.3333333333333333,0.3333333333333333,0.0,0.0,0.6666666666666666,0.3333333333333333,0.3333333333333333,0.6666666666666666,0.3333333333333333,0.3333333333333333,0.3333333333333333,0.0,0.6666666666666666,0.6666666666666666,1.0,1.0,0.6666666666666666,1.0,0.3333333333333333,0.3333333333333333,0.6666666666666666,0.6666666666666666,1.0,0.3333333333333333,0.6666666666666666,0.3333333333333333,0.3333333333333333,0.0,0.0,1.0,1.0,0.6666666666666666,0.6666666666666666,0.6666666666666666,0.6666666666666666,0.6666666666666666,0.3333333333333333,1.0,0.3333333333333333,0.3333333333333333,0.3333333333333333,0.6666666666666666,0.6666666666666666,0.6666666666666666,8,3,0,0,3,14,16,7,0.0909090909090909,0.5583333333333333,0.0,0.0,0.16666666666666666,0.5,0.5,0.25,0.6444444444444444,0.0,0.7,0.5333333333333333,0.0909090909090909,0.5583333333333333,0.05555555555555555,0.4468253968253968,0.16282225237449116,0.12433392539964476,0,0,1,1,1,1,1,1,1,0
2024,Anguilla,AI,North America,MER,https://www.fatf-gafi.org/content/fatf-gafi/en/publications/Mutualevaluations/MER-Anguilla-2024.html,2024-07-01,CFATF,1,ME,ME,ME,ME,ME,ME,ME,ME,ME,ME,ME,PC,C,C,C,LC,LC,LC,LC,C,LC,C,LC,C,C,LC,LC,C,LC,C,C,C,PC,PC,LC,PC,LC,LC,PC,C,C,C,LC,C,C,PC,LC,LC,PC,LC,LC,0.3333333333333333,0.3333333333333333,0.3333333333333333,0.3333333333333333,0.3333333333333333,0.3333333333333333,0.3333333333333333,0.3333333333333333,0.3333333333333333,0.3333333333333333,0.3333333333333333,0.3333333333333333,1.0,1.0,1.0,0.6666666666666666,0.6666666666666666,0.6666666666666666,0.6666666666666666,1.0,0.6666666666666666,1.0,0.6666666666666666,1.0,1.0,0.6666666666666666,0.6666666666666666,1.0,0.6666666666666666,1.0,1.0,1.0,0.3333333333333333,0.3333333333333333,0.6666666666666666,0.3333333333333333,0.6666666666666666,0.6666666666666666,0.3333333333333333,1.0,1.0,1.0,0.6666666666666666,1.0,1.0,0.3333333333333333,0.6666666666666666,0.6666666666666666,0.3333333333333333,0.6666666666666666,0.6666666666666666,0,11,0,0,0,7,17,16,0.3333333333333333,0.7416666666666667,0.3333333333333333,0.3333333333333333,0.3333333333333333,0.6666666666666666,1.0,0.6666666666666666,0.7999999999999999,0.5,0.7666666666666666,0.6,0.3333333333333333,0.7416666666666667,0.3333333333333333,0.7142857142857143,0.44943820224719094,0.4666666666666666,0,0,0,0,1,0,0,1,1,0
2018,Antigua and Barbuda,AG,North America,MER,https://www.fatf-gafi.org/content/fatf-gafi/en/publications/Mutualevaluations/Mer-antigua-barbuda-2018.html,2018-07-01,CFATF,1,ME,ME,LE,ME,ME,ME,LE,ME,ME,LE,LE,LC,LC,LC,LC,C,PC,NC,NC,C,LC,LC,LC,C,LC,C,LC,C,C,C,C,LC,PC,LC,LC,LC,LC,LC,PC,LC,LC,LC,LC,LC,C,PC,LC,PC,LC,LC,PC,0.3333333333333333,0.3333333333333333,0.0,0.3333333333333333,0.3333333333333333,0.3333333333333333,0.0,0.3333333333333333,0.3333333333333333,0.0,0.0,0.6666666666666666,0.6666666666666666,0.6666666666666666,0.6666666666666666,1.0,0.3333333333333333,0.0,0.0,1.0,0.6666666666666666,0.6666666666666666,0.6666666666666666,1.0,0.6666666666666666,1.0,0.6666666666666666,1.0,1.0,1.0,1.0,0.6666666666666666,0.3333333333333333,0.6666666666666666,0.6666666666666666,0.6666666666666666,0.6666666666666666,0.6666666666666666,0.3333333333333333,0.6666666666666666,0.6666666666666666,0.6666666666666666,0.6666666666666666,0.6666666666666666,1.0,0.3333333333333333,0.6666666666666666,0.3333333333333333,0.6666666666666666,0.6666666666666666,0.3333333333333333,4,7,0,0,2,6,23,9,0.2121212121212121,0.6583333333333333,0.3333333333333333,0.2222222222222222,0.16666666666666666,0.6666666666666666,0.6666666666666666,0.3333333333333333,0.7999999999999999,0.6666666666666666,0.6333333333333333,0.5333333333333333,0.2121212121212121,0.6583333333333333,0.24074074074074073,0.6142857142857142,0.32220943613348674,0.39190353143841516,0,0,1,0,1,1,1,1,1,0
2021,Antigua and Barbuda,AG,North America,EFUR3,https://www.fatf-gafi.org/content/fatf-gafi/en/publications/Mutualevaluations/Cfatf-antigua-and-barbuda-fur-2021.html,2021-11-01,CFATF,1,ME,ME,LE,ME,ME,ME,LE,ME,ME,LE,LE,LC,C,LC,LC,C,PC,PC,NC,C,LC,LC,LC,C,LC,LC,LC,C,C,C,C,LC,LC,LC,LC,LC,LC,LC,C,LC,LC,LC,LC,LC,C,PC,LC,C,LC,LC,LC,0.3333333333333333,0.3333333333333333,0.0,0.3333333333333333,0.3333333333333333,0.3333333333333333,0.0,0.3333333333333333,0.3333333333333333,0.0,0.0,0.6666666666666666,1.0,0.6666666666666666,0.6666666666666666,1.0,0.3333333333333333,0.3333333333333333,0.0,1.0,0.6666666666666666,0.6666666666666666,0.6666666666666666,1.0,0.6666666666666666,0.6666666666666666,0.6666666666666666,1.0,1.0,1.0,1.0,0.6666666666666666,0.6666666666666666,0.6666666666666666,0.6666666666666666,0.6666666666666666,0.6666666666666666,0.6666666666666666,1.0,0.6666666666666666,0.6666666666666666,0.6666666666666666,0.6666666666666666,0.6666666666666666,1.0,0.3333333333333333,0.6666666666666666,1.0,0.6666666666666666,0.6666666666666666,0.6666666666666666,4,7,0,0,1,3,25,11,0.2121212121212121,0.7166666666666667,0.3333333333333333,0.2222222222222222,0.16666666666666666,0.8333333333333333,0.6666666666666666,0.41666666666666663,0.7999999999999999,0.6666666666666666,0.7,0.7333333333333333,0.2121212121212121,0.7166666666666667,0.24074074074074073,0.6880952380952381,0.29598308668076106,0.34986543637062667,1,1,0,0,1,1,0,1,1,3
2024,Argentina,AR,South America,MER,https://www.fatf-gafi.org/content/fatf-gafi/en/publications/Mutualevaluations/MER-Argentina-2024.html,2024-12-01,FATF/GAFILAT,1,ME,SE,ME,ME,ME,ME,ME,ME,ME,ME,LE,LC,C,LC,LC,LC,PC,NC,PC,C,LC,C,C,C,PC,PC,PC,PC,PC,C,C,LC,PC,PC,PC,PC,LC,C,LC,C,LC,LC,LC,LC,LC,C,LC,C,LC,C,PC,0.3333333333333333,0.6666666666666666,0.3333333333333333,0.3333333333333333,0.3333333333333333,0.3333333333333333,0.3333333333333333,0.3333333333333333,0.3333333333333333,0.3333333333333333,0.0,0.6666666666666666,1.0,0.6666666666666666,0.6666666666666666,0.6666666666666666,0.3333333333333333,0.0,0.3333333333333333,1.0,0.6666666666666666,1.0,1.0,1.0,0.3333333333333333,0.3333333333333333,0.3333333333333333,0.3333333333333333,0.3333333333333333,1.0,1.0,0.6666666666666666,0.3333333333333333,0.3333333333333333,0.3333333333333333,0.3333333333333333,0.6666666666666666,1.0,0.6666666666666666,1.0,0.6666666666666666,0.6666666666666666,0.6666666666666666,0.6666666666666666,0.6666666666666666,1.0,0.6666666666666666,1.0,0.6666666666666666,1.0,0.3333333333333333,1,9,1,0,1,12,15,12,0.3333333333333333,0.65,0.5,0.3333333333333333,0.2777777777777778,0.8333333333333333,0.6666666666666666,0.3333333333333333,0.6444444444444444,0.3333333333333333,0.7666666666666666,0.7333333333333333,0.3333333333333333,0.65,0.37037037037037035,0.6158730158730158,0.5128205128205128,0.6013745704467355,0,0,1,0,1,0,1,1,1,0
2015,Armenia,AM,Asia,MER,https://www.fatf-gafi.org/content/fatf-gafi/en/publications/Mutualevaluations/Mer-armenia-2015.html,2015-12-01,MONEYVAL,0,ME,SE,ME,SE,SE,ME,LE,LE,SE,SE,SE,PC,LC,LC,LC,LC,LC,PC,LC,C,LC,C,PC,C,C,C,C,C,C,C,C,C,LC,C,LC,LC,LC,C,PC,C,LC,PC,C,C,C,LC,LC,LC,LC,LC,C,0.3333333333333333,0.6666666666666666,0.3333333333333333,0.6666666666666666,0.6666666666666666,0.3333333333333333,0.0,0.0,0.6666666666666666,0.6666666666666666,0.6666666666666666,0.3333333333333333,0.6666666666666666,0.6666666666666666,0.6666666666666666,0.6666666666666666,0.6666666666666666,0.3333333333333333,0.6666666666666666,1.0,0.6666666666666666,1.0,0.3333333333333333,1.0,1.0,1.0,1.0,1.0,1.0,1.0,1.0,1.0,0.6666666666666666,1.0,0.6666666666666666,0.6666666666666666,0.6666666666666666,1.0,0.3333333333333333,1.0,0.6666666666666666,0.3333333333333333,1.0,1.0,1.0,0.6666666666666666,0.6666666666666666,0.6666666666666666,0.6666666666666666,0.6666666666666666,1.0,2,3,6,0,0,5,17,18,0.45454545454545453,0.775,0.5,0.5555555555555556,0.38888888888888884,0.5,0.6666666666666666,0.5833333333333333,0.9111111111111111,0.6666666666666666,0.7666666666666666,0.7333333333333333,0.45454545454545453,0.775,0.48148148148148145,0.6896825396825397,0.5865102639296187,0.698120444955888,0,0,0,0,0,0,0,0,0,0
2018,Armenia,AM,Asia,RFUR1,https://www.fatf-gafi.org/content/fatf-gafi/en/publications/Mutualevaluations/Fur-armenia-2018.html,2018-07-01,MONEYVAL,0,ME,SE,ME,SE,SE,ME,LE,LE,SE,SE,SE,LC,LC,LC,LC,LC,LC,LC,C,C,LC,C,PC,C,C,C,C,C,C,C,C,C,LC,C,LC,LC,LC,C,PC,C,LC,PC,C,C,C,LC,LC,LC,LC,LC,C,0.3333333333333333,0.6666666666666666,0.3333333333333333,0.6666666666666666,0.6666666666666666,0.3333333333333333,0.0,0.0,0.6666666666666666,0.6666666666666666,0.6666666666666666,0.6666666666666666,0.6666666666666666,0.6666666666666666,0.6666666666666666,0.6666666666666666,0.6666666666666666,0.6666666666666666,1.0,1.0,0.6666666666666666,1.0,0.3333333333333333,1.0,1.0,1.0,1.0,1.0,1.0,1.0,1.0,1.0,0.6666666666666666,1.0,0.6666666666666666,0.6666666666666666,0.6666666666666666,1.0,0.3333333333333333,1.0,0.6666666666666666,0.3333333333333333,1.0,1.0,1.0,0.6666666666666666,0.6666666666666666,0.6666666666666666,0.6666666666666666,0.6666666666666666,1.0,2,3,6,0,0,3,18,19,0.45454545454545453,0.7999999999999999,0.5,0.5555555555555556,0.38888888888888884,0.6666666666666666,0.6666666666666666,0.75,0.9111111111111111,0.6666666666666666,0.7666666666666666,0.7333333333333333,0.45454545454545453,0.7999999999999999,0.48148148148148145,0.7373015873015872,0.5681818181818182,0.6530319339791891,1,0,0,0,0,0,0,0,0,1
2022,Aruba,AW,North America,MER,https://www.fatf-gafi.org/content/fatf-gafi/en/publications/Mutualevaluations/Mer-aruba-2022.html,2022-07-01,CFATF,0,SE,SE,SE,SE,ME,SE,ME,SE,ME,ME,LE,LC,LC,LC,C,C,LC,PC,PC,C,LC,C,C,C,C,PC,C,C,C,LC,C,C,LC,LC,PC,PC,C,C,PC,C,C,C,LC,PC,C,LC,LC,LC,LC,LC,LC,0.6666666666666666,0.6666666666666666,0.6666666666666666,0.6666666666666666,0.3333333333333333,0.6666666666666666,0.3333333333333333,0.6666666666666666,0.3333333333333333,0.3333333333333333,0.0,0.6666666666666666,0.6666666666666666,0.6666666666666666,1.0,1.0,0.6666666666666666,0.3333333333333333,0.3333333333333333,1.0,0.6666666666666666,1.0,1.0,1.0,1.0,0.3333333333333333,1.0,1.0,1.0,0.6666666666666666,1.0,1.0,0.6666666666666666,0.6666666666666666,0.3333333333333333,0.3333333333333333,1.0,1.0,0.3333333333333333,1.0,1.0,1.0,0.6666666666666666,0.3333333333333333,1.0,0.6666666666666666,0.6666666666666666,0.6666666666666666,0.6666666666666666,0.6666666666666666,0.6666666666666666,1,4,6,0,0,7,15,18,0.4848484848484848,0.7583333333333333,0.6666666666666666,0.5555555555555556,0.38888888888888884,0.6666666666666666,0.8333333333333333,0.5833333333333333,0.8666666666666667,0.3333333333333333,0.8,0.6666666666666666,0.4848484848484848,0.7583333333333333,0.537037037037037,0.6785714285714286,0.6393606393606394,0.7914230019493176,0,0,0,0,0,0,0,0,0,0
2015,Australia,AU,Oceania,MER,https://www.fatf-gafi.org/content/fatf-gafi/en/publications/Mutualevaluations/Mer-australia-2015.html,2015-04-01,FATF/APG,1,SE,HE,ME,ME,ME,SE,ME,ME,SE,ME,SE,PC,LC,C,C,LC,C,C,NC,C,PC,LC,LC,NC,LC,LC,PC,PC,PC,PC,C,C,NC,NC,PC,NC,PC,PC,NC,C,LC,LC,LC,LC,LC,PC,LC,C,C,C,C,0.6666666666666666,1.0,0.3333333333333333,0.3333333333333333,0.3333333333333333,0.6666666666666666,0.3333333333333333,0.3333333333333333,0.6666666666666666,0.3333333333333333,0.6666666666666666,0.3333333333333333,0.6666666666666666,1.0,1.0,0.6666666666666666,1.0,1.0,0.0,1.0,0.3333333333333333,0.6666666666666666,0.6666666666666666,0.0,0.6666666666666666,0.6666666666666666,0.3333333333333333,0.3333333333333333,0.3333333333333333,0.3333333333333333,1.0,1.0,0.0,0.0,0.3333333333333333,0.0,0.3333333333333333,0.3333333333333333,0.0,1.0,0.6666666666666666,0.6666666666666666,0.6666666666666666,0.6666666666666666,0.6666666666666666,0.3333333333333333,0.6666666666666666,1.0,1.0,1.0,1.0,0,6,4,1,6,10,12,12,0.5151515151515151,0.5833333333333334,0.8333333333333333,0.3333333333333333,0.5,0.5,1.0,0.6666666666666666,0.4888888888888889,0.16666666666666666,0.5333333333333333,0.9333333333333333,0.5151515151515151,0.5833333333333334,0.5555555555555556,0.6126984126984127,0.8831168831168831,0.9067357512953368,0,0,1,1,0,0,1,0,1,0
2018,Australia,AU,Oceania,EFUR3,https://www.fatf-gafi.org/content/fatf-gafi/en/publications/Mutualevaluations/Fur-australia-2018.html,2018-11-01,FATF,1,SE,HE,ME,ME,ME,SE,ME,ME,SE,ME,SE,PC,LC,C,C,C,C,C,LC,C,PC,LC,LC,NC,LC,C,PC,PC,PC,LC,C,C,NC,NC,PC,NC,PC,PC,NC,C,C,LC,C,LC,LC,PC,C,C,C,C,C,0.6666666666666666,1.0,0.3333333333333333,0.3333333333333333,0.3333333333333333,0.6666666666666666,0.3333333333333333,0.3333333333333333,0.6666666666666666,0.3333333333333333,0.6666666666666666,0.3333333333333333,0.6666666666666666,1.0,1.0,1.0,1.0,1.0,0.6666666666666666,1.0,0.3333333333333333,0.6666666666666666,0.6666666666666666,0.0,0.6666666666666666,1.0,0.3333333333333333,0.3333333333333333,0.3333333333333333,0.6666666666666666,1.0,1.0,0.0,0.0,0.3333333333333333,0.0,0.3333333333333333,0.3333333333333333,0.0,1.0,1.0,0.6666666666666666,1.0,0.6666666666666666,0.6666666666666666,0.3333333333333333,1.0,1.0,1.0,1.0,1.0,0,6,4,1,5,9,9,17,0.5151515151515151,0.65,0.8333333333333333,0.3333333333333333,0.5,0.5,1.0,0.9166666666666666,0.5333333333333333,0.16666666666666666,0.6,1.0,0.5151515151515151,0.65,0.5555555555555556,0.6738095238095237,0.7925407925407925,0.8244994110718493,1,1,1,1,0,0,1,0,1,3
2024,Australia,AU,Oceania,EFUR4,https://www.fatf-gafi.org/content/fatf-gafi/en/publications/Mutualevaluations/Australia-fur-2024.html,2024-03-01,FATF,1,SE,HE,ME,ME,ME,SE,ME,ME,SE,ME,SE,PC,LC,C,C,C,C,C,LC,C,LC,LC,LC,C,LC,PC,PC,C,LC,LC,C,C,NC,NC,PC,NC,LC,PC,NC,C,C,LC,C,LC,LC,PC,C,C,C,C,C,0.6666666666666666,1.0,0.3333333333333333,0.3333333333333333,0.3333333333333333,0.6666666666666666,0.3333333333333333,0.3333333333333333,0.6666666666666666,0.3333333333333333,0.6666666666666666,0.3333333333333333,0.6666666666666666,1.0,1.0,1.0,1.0,1.0,0.6666666666666666,1.0,0.6666666666666666,0.6666666666666666,0.6666666666666666,1.0,0.6666666666666666,0.3333333333333333,0.3333333333333333,1.0,0.6666666666666666,0.6666666666666666,1.0,1.0,0.0,0.0,0.3333333333333333,0.0,0.6666666666666666,0.3333333333333333,0.0,1.0,1.0,0.6666666666666666,1.0,0.6666666666666666,0.6666666666666666,0.3333333333333333,1.0,1.0,1.0,1.0,1.0,0,6,4,1,4,6,12,18,0.5151515151515151,0.7,0.8333333333333333,0.3333333333333333,0.5,0.5,1.0,0.9166666666666666,0.6444444444444444,0.16666666666666666,0.6333333333333333,1.0,0.5151515151515151,0.7,0.5555555555555556,0.6944444444444444,0.735930735930736,0.8,1,1,1,0,0,0,1,0,1,4
2016,Austria,AT,Europe,MER,https://www.fatf-gafi.org/content/fatf-gafi/en/publications/Mutualevaluations/Mer-austria-2016.html,2016-09-01,FATF,1,ME,SE,ME,ME,ME,LE,LE,ME,SE,ME,SE,PC,PC,LC,C,C,PC,PC,PC,LC,LC,C,PC,LC,C,PC,PC,LC,PC,C,C,C,PC,LC,PC,PC,C,C,LC,PC,C,LC,LC,PC,LC,C,LC,LC,LC,C,LC,0.3333333333333333,0.6666666666666666,0.3333333333333333,0.3333333333333333,0.3333333333333333,0.0,0.0,0.3333333333333333,0.6666666666666666,0.3333333333333333,0.6666666666666666,0.3333333333333333,0.3333333333333333,0.6666666666666666,1.0,1.0,0.3333333333333333,0.3333333333333333,0.3333333333333333,0.6666666666666666,0.6666666666666666,1.0,0.3333333333333333,0.6666666666666666,1.0,0.3333333333333333,0.3333333333333333,0.6666666666666666,0.3333333333333333,1.0,1.0,1.0,0.3333333333333333,0.6666666666666666,0.3333333333333333,0.3333333333333333,1.0,1.0,0.6666666666666666,0.3333333333333333,1.0,0.6666666666666666,0.6666666666666666,0.3333333333333333,0.6666666666666666,1.0,0.6666666666666666,0.6666666666666666,0.6666666666666666,1.0,0.6666666666666666,2,6,3,0,0,14,14,12,0.3636363636363636,0.65,0.5,0.3333333333333333,0.3333333333333333,0.3333333333333333,0.8333333333333333,0.5,0.6666666666666666,0.3333333333333333,0.7333333333333333,0.7333333333333333,0.3636363636363636,0.65,0.3888888888888889,0.5904761904761905,0.5594405594405594,0.6586021505376344,0,0,1,0,1,0,1,1,1,0
2017,Austria,AT,Europe,EFUR1,https://www.fatf-gafi.org/content/fatf-gafi/en/publications/Mutualevaluations/Fur-austria-2017.html,2017-12-01,FATF,1,ME,SE,ME,ME,ME,LE,LE,ME,SE,ME,SE,LC,LC,LC,C,C,PC,PC,PC,C,C,C,C,LC,C,C,C,LC,C,C,C,C,LC,LC,PC,PC,C,C,LC,LC,C,LC,LC,PC,LC,C,LC,LC,LC,C,LC,0.3333333333333333,0.6666666666666666,0.3333333333333333,0.3333333333333333,0.3333333333333333,0.0,0.0,0.3333333333333333,0.6666666666666666,0.3333333333333333,0.6666666666666666,0.6666666666666666,0.6666666666666666,0.6666666666666666,1.0,1.0,0.3333333333333333,0.3333333333333333,0.3333333333333333,1.0,1.0,1.0,1.0,0.6666666666666666,1.0,1.0,1.0,0.6666666666666666,1.0,1.0,1.0,1.0,0.6666666666666666,0.6666666666666666,0.3333333333333333,0.3333333333333333,1.0,1.0,0.6666666666666666,0.6666666666666666,1.0,0.6666666666666666,0.6666666666666666,0.3333333333333333,0.6666666666666666,1.0,0.6666666666666666,0.6666666666666666,0.6666666666666666,1.0,0.6666666666666666,2,6,3,0,0,6,16,18,0.3636363636363636,0.7666666666666666,0.5,0.3333333333333333,0.3333333333333333,0.6666666666666666,0.8333333333333333,0.5,0.9111111111111111,0.3333333333333333,0.7666666666666666,0.7333333333333333,0.3636363636363636,0.7666666666666666,0.3888888888888889,0.6777777777777777,0.4743083003952569,0.5737704918032788,1,1,0,0,1,0,0,1,1,1
2018,Austria,AT,Europe,EFUR2,https://www.fatf-gafi.org/content/fatf-gafi/en/publications/Mutualevaluations/Fur-austria-2018.html,2018-11-01,FATF,1,ME,SE,ME,ME,ME,LE,LE,ME,SE,ME,SE,LC,LC,LC,C,C,PC,PC,PC,C,C,C,C,LC,C,C,C,LC,C,C,C,C,LC,LC,LC,LC,C,C,LC,LC,C,LC,LC,PC,LC,C,LC,LC,LC,C,LC,0.3333333333333333,0.6666666666666666,0.3333333333333333,0.3333333333333333,0.3333333333333333,0.0,0.0,0.3333333333333333,0.6666666666666666,0.3333333333333333,0.6666666666666666,0.6666666666666666,0.6666666666666666,0.6666666666666666,1.0,1.0,0.3333333333333333,0.3333333333333333,0.3333333333333333,1.0,1.0,1.0,1.0,0.6666666666666666,1.0,1.0,1.0,0.6666666666666666,1.0,1.0,1.0,1.0,0.6666666666666666,0.6666666666666666,0.6666666666666666,0.6666666666666666,1.0,1.0,0.6666666666666666,0.6666666666666666,1.0,0.6666666666666666,0.6666666666666666,0.3333333333333333,0.6666666666666666,1.0,0.6666666666666666,0.6666666666666666,0.6666666666666666,1.0,0.6666666666666666,2,6,3,0,0,4,18,18,0.3636363636363636,0.7833333333333333,0.5,0.3333333333333333,0.3333333333333333,0.6666666666666666,0.8333333333333333,0.5,0.9111111111111111,0.6666666666666666,0.7666666666666666,0.7333333333333333,0.3636363636363636,0.7833333333333333,0.3888888888888889,0.7253968253968254,0.4642166344294003,0.5361050328227571,1,1,0,0,1,0,0,1,1,2
2023,Azerbaijan,AZ,Europe,MER,https://www.fatf-gafi.org/content/fatf-gafi/en/publications/Mutualevaluations/Azerbaijan-MER-2023.html,2023-12-01,MONEYVAL,1,ME,SE,LE,ME,ME,ME,ME,ME,SE,ME,ME,LC,C,LC,LC,LC,LC,LC,PC,LC,LC,C,C,C,PC,PC,PC,C,LC,LC,C,LC,LC,LC,PC,LC,PC,PC,PC,C,LC,LC,LC,PC,PC,NC,LC,LC,LC,LC,LC,0.3333333333333333,0.6666666666666666,0.0,0.3333333333333333,0.3333333333333333,0.3333333333333333,0.3333333333333333,0.3333333333333333,0.6666666666666666,0.3333333333333333,0.3333333333333333,0.6666666666666666,1.0,0.6666666666666666,0.6666666666666666,0.6666666666666666,0.6666666666666666,0.6666666666666666,0.3333333333333333,0.6666666666666666,0.6666666666666666,1.0,1.0,1.0,0.3333333333333333,0.3333333333333333,0.3333333333333333,1.0,0.6666666666666666,0.6666666666666666,1.0,0.6666666666666666,0.6666666666666666,0.6666666666666666,0.3333333333333333,0.6666666666666666,0.3333333333333333,0.3333333333333333,0.3333333333333333,1.0,0.6666666666666666,0.6666666666666666,0.6666666666666666,0.3333333333333333,0.3333333333333333,0.0,0.6666666666666666,0.6666666666666666,0.6666666666666666,0.6666666666666666,0.6666666666666666,1,8,2,0,1,10,22,7,0.3636363636363636,0.625,0.5,0.2222222222222222,0.38888888888888884,0.8333333333333333,0.6666666666666666,0.5833333333333333,0.7111111111111111,0.5,0.4666666666666667,0.6666666666666666,0.3636363636363636,0.625,0.37037037037037035,0.6325396825396825,0.5818181818181818,0.5855290673358428,0,0,1,0,1,0,1,1,1,0
2017,Bahamas,BS,North America,MER,https://www.fatf-gafi.org/content/fatf-gafi/en/publications/Mutualevaluations/Mer-bahamas-2017.html,2017-07-01,CFATF,1,LE,ME,ME,ME,ME,ME,LE,LE,LE,LE,LE,PC,PC,C,C,LC,NC,PC,PC,C,PC,LC,PC,C,C,PC,LC,PC,PC,PC,C,C,PC,PC,PC,PC,PC,PC,PC,C,PC,LC,PC,PC,LC,PC,LC,LC,LC,LC,LC,0.0,0.3333333333333333,0.3333333333333333,0.3333333333333333,0.3333333333333333,0.3333333333333333,0.0,0.0,0.0,0.0,0.0,0.3333333333333333,0.3333333333333333,1.0,1.0,0.6666666666666666,0.0,0.3333333333333333,0.3333333333333333,1.0,0.3333333333333333,0.6666666666666666,0.3333333333333333,1.0,1.0,0.3333333333333333,0.6666666666666666,0.3333333333333333,0.3333333333333333,0.3333333333333333,1.0,1.0,0.3333333333333333,0.3333333333333333,0.3333333333333333,0.3333333333333333,0.3333333333333333,0.3333333333333333,0.3333333333333333,1.0,0.3333333333333333,0.6666666666666666,0.3333333333333333,0.3333333333333333,0.6666666666666666,0.3333333333333333,0.6666666666666666,0.6666666666666666,0.6666666666666666,0.6666666666666666,0.6666666666666666,6,5,0,0,1,21,10,8,0.15151515151515152,0.5416666666666666,0.16666666666666666,0.3333333333333333,0.05555555555555555,0.3333333333333333,1.0,0.3333333333333333,0.6,0.3333333333333333,0.4666666666666667,0.6666666666666666,0.15151515151515152,0.5416666666666666,0.18518518518518517,0.5333333333333333,0.27972027972027974,0.3472222222222222,0,0,1,1,1,1,1,1,1,0
2018,Bahamas,BS,North America,EFUR1,https://www.fatf-gafi.org/content/fatf-gafi/en/publications/Mutualevaluations/Fur-bahamas-2018.html,2018-12-01,CFATF,1,LE,ME,ME,ME,ME,ME,LE,LE,LE,LE,LE,LC,C,C,C,LC,PC,PC,PC,C,C,LC,C,C,C,LC,LC,C,LC,PC,C,C,PC,LC,PC,LC,PC,PC,PC,C,C,LC,LC,PC,LC,LC,LC,LC,LC,LC,LC,0.0,0.3333333333333333,0.3333333333333333,0.3333333333333333,0.3333333333333333,0.3333333333333333,0.0,0.0,0.0,0.0,0.0,0.6666666666666666,1.0,1.0,1.0,0.6666666666666666,0.3333333333333333,0.3333333333333333,0.3333333333333333,1.0,1.0,0.6666666666666666,1.0,1.0,1.0,0.6666666666666666,0.6666666666666666,1.0,0.6666666666666666,0.3333333333333333,1.0,1.0,0.3333333333333333,0.6666666666666666,0.3333333333333333,0.6666666666666666,0.3333333333333333,0.3333333333333333,0.3333333333333333,1.0,1.0,0.6666666666666666,0.6666666666666666,0.3333333333333333,0.6666666666666666,0.6666666666666666,0.6666666666666666,0.6666666666666666,0.6666666666666666,0.6666666666666666,0.6666666666666666,6,5,0,0,0,10,17,13,0.15151515151515152,0.6916666666666667,0.16666666666666666,0.3333333333333333,0.05555555555555555,0.8333333333333333,1.0,0.41666666666666663,0.7999999999999999,0.5,0.6,0.6666666666666666,0.15151515151515152,0.6916666666666667,0.18518518518518517,0.6880952380952381,0.2190580503833516,0.2691272587466359,1,1,1,0,1,1,1,1,1,1
2021,Bahamas,BS,North America,EFUR4,https://www.fatf-gafi.org/content/fatf-gafi/en/publications/Mutualevaluations/The-bahamas-fur-2021.html,2021-12-01,CFATF,1,LE,ME,ME,ME,ME,ME,LE,LE,LE,LE,LE,LC,C,C,C,LC,LC,LC,PC,C,C,LC,C,C,C,PC,LC,C,LC,C,C,C,C,LC,LC,LC,C,C,C,C,C,LC,LC,LC,LC,LC,LC,LC,LC,LC,LC,0.0,0.3333333333333333,0.3333333333333333,0.3333333333333333,0.3333333333333333,0.3333333333333333,0.0,0.0,0.0,0.0,0.0,0.6666666666666666,1.0,1.0,1.0,0.6666666666666666,0.6666666666666666,0.6666666666666666,0.3333333333333333,1.0,1.0,0.6666666666666666,1.0,1.0,1.0,0.3333333333333333,0.6666666666666666,1.0,0.6666666666666666,1.0,1.0,1.0,1.0,0.6666666666666666,0.6666666666666666,0.6666666666666666,1.0,1.0,1.0,1.0,1.0,0.6666666666666666,0.6666666666666666,0.6666666666666666,0.6666666666666666,0.6666666666666666,0.6666666666666666,0.6666666666666666,0.6666666666666666,0.6666666666666666,0.6666666666666666,6,5,0,0,0,2,20,18,0.15151515151515152,0.7999999999999999,0.16666666666666666,0.3333333333333333,0.05555555555555555,0.8333333333333333,1.0,0.5833333333333333,0.8666666666666667,0.6666666666666666,0.8333333333333333,0.6666666666666666,0.15151515151515152,0.7999999999999999,0.18518518518518517,0.7785714285714286,0.18939393939393942,0.23785253143051308,1,1,0,0,1,1,0,1,1,4
2022,Bahamas,BS,North America,EFUR5,https://www.fatf-gafi.org/content/fatf-gafi/en/publications/Mutualevaluations/publication-detail-page.html,2022-12-01,CFATF,1,LE,ME,ME,ME,ME,ME,LE,LE,LE,LE,LE,LC,C,C,C,LC,LC,LC,C,C,C,LC,C,C,C,C,LC,C,LC,C,C,C,C,LC,LC,LC,C,C,C,C,C,LC,LC,LC,LC,LC,LC,LC,LC,LC,LC,0.0,0.3333333333333333,0.3333333333333333,0.3333333333333333,0.3333333333333333,0.3333333333333333,0.0,0.0,0.0,0.0,0.0,0.6666666666666666,1.0,1.0,1.0,0.6666666666666666,0.6666666666666666,0.6666666666666666,1.0,1.0,1.0,0.6666666666666666,1.0,1.0,1.0,1.0,0.6666666666666666,1.0,0.6666666666666666,1.0,1.0,1.0,1.0,0.6666666666666666,0.6666666666666666,0.6666666666666666,1.0,1.0,1.0,1.0,1.0,0.6666666666666666,0.6666666666666666,0.6666666666666666,0.6666666666666666,0.6666666666666666,0.6666666666666666,0.6666666666666666,0.6666666666666666,0.6666666666666666,0.6666666666666666,6,5,0,0,0,0,20,20,0.15151515151515152,0.8333333333333333,0.16666666666666666,0.3333333333333333,0.05555555555555555,0.8333333333333333,1.0,0.75,0.9111111111111111,0.6666666666666666,0.8333333333333333,0.6666666666666666,0.15151515151515152,0.8333333333333333,0.18518518518518517,0.8087301587301587,0.18181818181818185,0.22898266274124957,1,1,0,0,1,1,0,1,1,5
2018,Bahrain,BH,Asia,MER,https://www.fatf-gafi.org/content/fatf-gafi/en/publications/Mutualevaluations/Mer-bahrain-2018.html,2018-09-01,FATF/MENAFATF,1,ME,SE,SE,ME,ME,SE,ME,ME,ME,ME,ME,PC,LC,LC,C,PC,PC,PC,LC,C,LC,C,LC,LC,LC,C,LC,C,LC,LC,LC,LC,PC,PC,LC,LC,LC,LC,LC,C,C,C,LC,LC,LC,LC,LC,LC,LC,LC,LC,0.3333333333333333,0.6666666666666666,0.6666666666666666,0.3333333333333333,0.3333333333333333,0.6666666666666666,0.3333333333333333,0.3333333333333333,0.3333333333333333,0.3333333333333333,0.3333333333333333,0.3333333333333333,0.6666666666666666,0.6666666666666666,1.0,0.3333333333333333,0.3333333333333333,0.3333333333333333,0.6666666666666666,1.0,0.6666666666666666,1.0,0.6666666666666666,0.6666666666666666,0.6666666666666666,1.0,0.6666666666666666,1.0,0.6666666666666666,0.6666666666666666,0.6666666666666666,0.6666666666666666,0.3333333333333333,0.3333333333333333,0.6666666666666666,0.6666666666666666,0.6666666666666666,0.6666666666666666,0.6666666666666666,1.0,1.0,1.0,0.6666666666666666,0.6666666666666666,0.6666666666666666,0.6666666666666666,0.6666666666666666,0.6666666666666666,0.6666666666666666,0.6666666666666666,0.6666666666666666,0,8,3,0,0,6,26,8,0.4242424242424242,0.6833333333333333,0.5,0.4444444444444444,0.38888888888888884,0.5,0.8333333333333333,0.41666666666666663,0.7111111111111111,0.6666666666666666,0.7666666666666666,0.6666666666666666,0.4242424242424242,0.6833333333333333,0.4444444444444444,0.6515873015873016,0.6208425720620842,0.682095006090134,0,0,0,1,1,0,1,1,1,0
2022,Bahrain,BH,Asia,EFUR3,https://www.fatf-gafi.org/content/fatf-gafi/en/publications/Mutualevaluations/FUR-Bahrain-2022.html,2022-05-01,MENAFATF,1,ME,SE,SE,ME,ME,SE,ME,ME,ME,ME,ME,LC,C,LC,C,LC,LC,LC,LC,C,LC,C,LC,LC,LC,LC,LC,C,C,LC,LC,LC,PC,LC,LC,LC,LC,LC,LC,C,C,C,LC,LC,LC,LC,LC,LC,LC,LC,LC,0.3333333333333333,0.6666666666666666,0.6666666666666666,0.3333333333333333,0.3333333333333333,0.6666666666666666,0.3333333333333333,0.3333333333333333,0.3333333333333333,0.3333333333333333,0.3333333333333333,0.6666666666666666,1.0,0.6666666666666666,1.0,0.6666666666666666,0.6666666666666666,0.6666666666666666,0.6666666666666666,1.0,0.6666666666666666,1.0,0.6666666666666666,0.6666666666666666,0.6666666666666666,0.6666666666666666,0.6666666666666666,1.0,1.0,0.6666666666666666,0.6666666666666666,0.6666666666666666,0.3333333333333333,0.6666666666666666,0.6666666666666666,0.6666666666666666,0.6666666666666666,0.6666666666666666,0.6666666666666666,1.0,1.0,1.0,0.6666666666666666,0.6666666666666666,0.6666666666666666,0.6666666666666666,0.6666666666666666,0.6666666666666666,0.6666666666666666,0.6666666666666666,0.6666666666666666,0,8,3,0,0,1,30,9,0.4242424242424242,0.7333333333333333,0.5,0.4444444444444444,0.38888888888888884,0.8333333333333333,0.8333333333333333,0.6666666666666666,0.7333333333333333,0.6666666666666666,0.7666666666666666,0.6666666666666666,0.4242424242424242,0.7333333333333333,0.4444444444444444,0.738095238095238,0.5785123966942148,0.6021505376344086,1,1,0,0,1,0,0,1,1,3
2016,Bangladesh,BD,Asia,MER,https://www.fatf-gafi.org/content/fatf-gafi/en/publications/Mutualevaluations/Mer-bangladesh-2016.html,2016-10-01,APG,1,ME,SE,ME,LE,LE,ME,LE,LE,SE,ME,SE,PC,LC,LC,LC,LC,C,LC,LC,PC,LC,C,LC,LC,LC,C,PC,LC,PC,PC,C,C,LC,LC,PC,PC,PC,LC,PC,LC,C,LC,LC,PC,PC,PC,LC,LC,LC,LC,LC,0.3333333333333333,0.6666666666666666,0.3333333333333333,0.0,0.0,0.3333333333333333,0.0,0.0,0.6666666666666666,0.3333333333333333,0.6666666666666666,0.3333333333333333,0.6666666666666666,0.6666666666666666,0.6666666666666666,0.6666666666666666,1.0,0.6666666666666666,0.6666666666666666,0.3333333333333333,0.6666666666666666,1.0,0.6666666666666666,0.6666666666666666,0.6666666666666666,1.0,0.3333333333333333,0.6666666666666666,0.3333333333333333,0.3333333333333333,1.0,1.0,0.6666666666666666,0.6666666666666666,0.3333333333333333,0.3333333333333333,0.3333333333333333,0.6666666666666666,0.3333333333333333,0.6666666666666666,1.0,0.6666666666666666,0.6666666666666666,0.3333333333333333,0.3333333333333333,0.3333333333333333,0.6666666666666666,0.6666666666666666,0.6666666666666666,0.6666666666666666,0.6666666666666666,4,4,3,0,0,12,22,6,0.30303030303030304,0.6166666666666667,0.5,0.1111111111111111,0.3333333333333333,0.5,0.6666666666666666,0.75,0.6666666666666666,0.3333333333333333,0.5333333333333333,0.6666666666666666,0.30303030303030304,0.6166666666666667,0.3148148148148148,0.5880952380952381,0.4914004914004914,0.5353126405757984,0,0,1,0,1,1,1,1,1,0
2018,Bangladesh,BD,Asia,EFUR2,https://www.fatf-gafi.org/content/fatf-gafi/en/publications/Mutualevaluations/Fur-bangladesh-2018.html,2018-09-01,APG,1,ME,SE,ME,LE,LE,ME,LE,LE,SE,ME,SE,PC,LC,LC,LC,LC,C,LC,LC,PC,LC,C,LC,LC,LC,C,PC,LC,PC,LC,C,C,LC,LC,PC,PC,PC,LC,PC,LC,C,LC,LC,PC,PC,PC,LC,LC,LC,LC,LC,0.3333333333333333,0.6666666666666666,0.3333333333333333,0.0,0.0,0.3333333333333333,0.0,0.0,0.6666666666666666,0.3333333333333333,0.6666666666666666,0.3333333333333333,0.6666666666666666,0.6666666666666666,0.6666666666666666,0.6666666666666666,1.0,0.6666666666666666,0.6666666666666666,0.3333333333333333,0.6666666666666666,1.0,0.6666666666666666,0.6666666666666666,0.6666666666666666,1.0,0.3333333333333333,0.6666666666666666,0.3333333333333333,0.6666666666666666,1.0,1.0,0.6666666666666666,0.6666666666666666,0.3333333333333333,0.3333333333333333,0.3333333333333333,0.6666666666666666,0.3333333333333333,0.6666666666666666,1.0,0.6666666666666666,0.6666666666666666,0.3333333333333333,0.3333333333333333,0.3333333333333333,0.6666666666666666,0.6666666666666666,0.6666666666666666,0.6666666666666666,0.6666666666666666,4,4,3,0,0,11,23,6,0.30303030303030304,0.625,0.5,0.1111111111111111,0.3333333333333333,0.5,0.6666666666666666,0.75,0.6888888888888889,0.3333333333333333,0.5333333333333333,0.6666666666666666,0.30303030303030304,0.625,0.3148148148148148,0.5912698412698413,0.48484848484848486,0.5324384787472036,1,1,1,0,1,1,1,1,1,2
2019,Bangladesh,BD,Asia,EFUR3,https://www.fatf-gafi.org/content/fatf-gafi/en/publications/Mutualevaluations/Fur-bangladesh-2019.html,2019-08-01,APG,1,ME,SE,ME,LE,LE,ME,LE,LE,SE,ME,SE,PC,LC,LC,LC,LC,C,LC,LC,LC,LC,C,LC,LC,LC,C,C,LC,C,LC,C,C,LC,LC,PC,PC,LC,LC,PC,LC,C,LC,LC,PC,LC,PC,LC,LC,LC,LC,LC,0.3333333333333333,0.6666666666666666,0.3333333333333333,0.0,0.0,0.3333333333333333,0.0,0.0,0.6666666666666666,0.3333333333333333,0.6666666666666666,0.3333333333333333,0.6666666666666666,0.6666666666666666,0.6666666666666666,0.6666666666666666,1.0,0.6666666666666666,0.6666666666666666,0.6666666666666666,0.6666666666666666,1.0,0.6666666666666666,0.6666666666666666,0.6666666666666666,1.0,1.0,0.6666666666666666,1.0,0.6666666666666666,1.0,1.0,0.6666666666666666,0.6666666666666666,0.3333333333333333,0.3333333333333333,0.6666666666666666,0.6666666666666666,0.3333333333333333,0.6666666666666666,1.0,0.6666666666666666,0.6666666666666666,0.3333333333333333,0.6666666666666666,0.3333333333333333,0.6666666666666666,0.6666666666666666,0.6666666666666666,0.6666666666666666,0.6666666666666666,4,4,3,0,0,6,26,8,0.30303030303030304,0.6833333333333333,0.5,0.1111111111111111,0.3333333333333333,0.5,0.6666666666666666,0.75,0.7999999999999999,0.3333333333333333,0.6,0.6666666666666666,0.30303030303030304,0.6833333333333333,0.3148148148148148,0.6166666666666667,0.4434589800443459,0.5105105105105106,1,1,0,0,1,1,0,1,1,3
2020,Bangladesh,BD,Asia,EFUR4,https://www.fatf-gafi.org/content/fatf-gafi/en/publications/Mutualevaluations/Fur-bangladesh-2020.html,2020-11-01,APG,1,ME,SE,ME,LE,LE,ME,LE,LE,SE,ME,SE,PC,LC,LC,LC,LC,C,LC,LC,LC,LC,C,LC,LC,LC,PC,C,LC,C,LC,C,C,LC,LC,PC,PC,LC,LC,LC,LC,C,LC,LC,C,LC,PC,LC,LC,LC,LC,LC,0.3333333333333333,0.6666666666666666,0.3333333333333333,0.0,0.0,0.3333333333333333,0.0,0.0,0.6666666666666666,0.3333333333333333,0.6666666666666666,0.3333333333333333,0.6666666666666666,0.6666666666666666,0.6666666666666666,0.6666666666666666,1.0,0.6666666666666666,0.6666666666666666,0.6666666666666666,0.6666666666666666,1.0,0.6666666666666666,0.6666666666666666,0.6666666666666666,0.3333333333333333,1.0,0.6666666666666666,1.0,0.6666666666666666,1.0,1.0,0.6666666666666666,0.6666666666666666,0.3333333333333333,0.3333333333333333,0.6666666666666666,0.6666666666666666,0.6666666666666666,0.6666666666666666,1.0,0.6666666666666666,0.6666666666666666,1.0,0.6666666666666666,0.3333333333333333,0.6666666666666666,0.6666666666666666,0.6666666666666666,0.6666666666666666,0.6666666666666666,4,4,3,0,0,5,27,8,0.30303030303030304,0.6916666666666667,0.5,0.1111111111111111,0.3333333333333333,0.5,0.6666666666666666,0.75,0.7555555555555555,0.3333333333333333,0.7,0.6666666666666666,0.30303030303030304,0.6916666666666667,0.3148148148148148,0.6246031746031746,0.4381161007667032,0.5040237187632359,1,1,0,0,1,1,0,1,1,4
2018,Barbados,BB,North America,MER,https://www.fatf-gafi.org/content/fatf-gafi/en/publications/Mutualevaluations/Mer-barbados-2018.html,2018-02-01,CFATF,1,LE,ME,ME,ME,ME,LE,LE,LE,LE,LE,LE,PC,LC,LC,PC,LC,LC,NC,NC,C,LC,C,LC,LC,LC,C,LC,LC,LC,PC,PC,LC,LC,PC,PC,LC,C,C,LC,PC,LC,PC,PC,PC,PC,LC,PC,LC,PC,LC,LC,0.0,0.3333333333333333,0.3333333333333333,0.3333333333333333,0.3333333333333333,0.0,0.0,0.0,0.0,0.0,0.0,0.3333333333333333,0.6666666666666666,0.6666666666666666,0.3333333333333333,0.6666666666666666,0.6666666666666666,0.0,0.0,1.0,0.6666666666666666,1.0,0.6666666666666666,0.6666666666666666,0.6666666666666666,1.0,0.6666666666666666,0.6666666666666666,0.6666666666666666,0.3333333333333333,0.3333333333333333,0.6666666666666666,0.6666666666666666,0.3333333333333333,0.3333333333333333,0.6666666666666666,1.0,1.0,0.6666666666666666,0.3333333333333333,0.6666666666666666,0.3333333333333333,0.3333333333333333,0.3333333333333333,0.3333333333333333,0.6666666666666666,0.3333333333333333,0.6666666666666666,0.3333333333333333,0.6666666666666666,0.6666666666666666,7,4,0,0,2,13,20,5,0.1212121212121212,0.5666666666666667,0.16666666666666666,0.3333333333333333,0.0,0.5,0.5,0.3333333333333333,0.6666666666666666,0.5,0.5666666666666667,0.5333333333333333,0.1212121212121212,0.5666666666666667,0.16666666666666666,0.5142857142857142,0.21390374331550802,0.32407407407407407,0,0,1,1,1,1,1,1,1,0
2021,Barbados,BB,North America,EFUR2,https://www.fatf-gafi.org/content/fatf-gafi/en/publications/Mutualevaluations/Fur-barbados-2021.html,2021-02-01,CFATF,1,LE,ME,ME,ME,ME,LE,LE,LE,LE,LE,LE,LC,LC,LC,C,LC,LC,LC,PC,C,LC,C,LC,LC,LC,PC,LC,LC,LC,LC,C,PC,LC,PC,PC,LC,C,C,LC,LC,LC,PC,LC,LC,LC,LC,PC,LC,LC,LC,LC,0.0,0.3333333333333333,0.3333333333333333,0.3333333333333333,0.3333333333333333,0.0,0.0,0.0,0.0,0.0,0.0,0.6666666666666666,0.6666666666666666,0.6666666666666666,1.0,0.6666666666666666,0.6666666666666666,0.6666666666666666,0.3333333333333333,1.0,0.6666666666666666,1.0,0.6666666666666666,0.6666666666666666,0.6666666666666666,0.3333333333333333,0.6666666666666666,0.6666666666666666,0.6666666666666666,0.6666666666666666,1.0,0.3333333333333333,0.6666666666666666,0.3333333333333333,0.3333333333333333,0.6666666666666666,1.0,1.0,0.6666666666666666,0.6666666666666666,0.6666666666666666,0.3333333333333333,0.6666666666666666,0.6666666666666666,0.6666666666666666,0.6666666666666666,0.3333333333333333,0.6666666666666666,0.6666666666666666,0.6666666666666666,0.6666666666666666,7,4,0,0,0,7,27,6,0.1212121212121212,0.6583333333333333,0.16666666666666666,0.3333333333333333,0.0,0.6666666666666666,0.8333333333333333,0.5833333333333333,0.6666666666666666,0.5,0.7,0.6,0.1212121212121212,0.6583333333333333,0.16666666666666666,0.6499999999999999,0.18411967779056385,0.25641025641025644,1,1,0,0,1,1,0,1,1,2
2019,Belarus,BY,Europe,MER,https://www.fatf-gafi.org/content/fatf-gafi/en/publications/Mutualevaluations/Mer-belarus-2019.html,2019-12-01,EAG,0,SE,SE,ME,ME,LE,SE,ME,ME,SE,ME,SE,LC,LC,C,C,C,LC,LC,PC,C,LC,LC,LC,LC,C,PC,LC,LC,LC,LC,C,C,LC,LC,LC,LC,LC,LC,PC,C,C,C,LC,LC,C,LC,C,LC,LC,LC,LC,0.6666666666666666,0.6666666666666666,0.3333333333333333,0.3333333333333333,0.0,0.6666666666666666,0.3333333333333333,0.3333333333333333,0.6666666666666666,0.3333333333333333,0.6666666666666666,0.6666666666666666,0.6666666666666666,1.0,1.0,1.0,0.6666666666666666,0.6666666666666666,0.3333333333333333,1.0,0.6666666666666666,0.6666666666666666,0.6666666666666666,0.6666666666666666,1.0,0.3333333333333333,0.6666666666666666,0.6666666666666666,0.6666666666666666,0.6666666666666666,1.0,1.0,0.6666666666666666,0.6666666666666666,0.6666666666666666,0.6666666666666666,0.6666666666666666,0.6666666666666666,0.3333333333333333,1.0,1.0,1.0,0.6666666666666666,0.6666666666666666,1.0,0.6666666666666666,1.0,0.6666666666666666,0.6666666666666666,0.6666666666666666,0.6666666666666666,1,5,5,0,0,3,25,12,0.45454545454545453,0.7416666666666667,0.6666666666666666,0.2222222222222222,0.5,0.6666666666666666,1.0,0.6666666666666666,0.7333333333333333,0.6666666666666666,0.7666666666666666,0.7333333333333333,0.45454545454545453,0.7416666666666667,0.46296296296296297,0.7476190476190476,0.612870275791624,0.6192498230714791,0,0,0,0,0,0,0,0,0,0
2015,Belgium,BE,Europe,MER,https://www.fatf-gafi.org/content/fatf-gafi/en/publications/Mutualevaluations/Mer-belgium-2015.html,2015-04-01,FATF,1,SE,SE,ME,ME,ME,SE,ME,ME,SE,ME,ME,LC,LC,C,C,LC,PC,PC,PC,C,LC,C,PC,PC,LC,LC,PC,PC,PC,LC,C,C,LC,LC,LC,LC,PC,LC,PC,C,C,C,C,PC,LC,LC,C,LC,LC,LC,LC,0.6666666666666666,0.6666666666666666,0.3333333333333333,0.3333333333333333,0.3333333333333333,0.6666666666666666,0.3333333333333333,0.3333333333333333,0.6666666666666666,0.3333333333333333,0.3333333333333333,0.6666666666666666,0.6666666666666666,1.0,1.0,0.6666666666666666,0.3333333333333333,0.3333333333333333,0.3333333333333333,1.0,0.6666666666666666,1.0,0.3333333333333333,0.3333333333333333,0.6666666666666666,0.6666666666666666,0.3333333333333333,0.3333333333333333,0.3333333333333333,0.6666666666666666,1.0,1.0,0.6666666666666666,0.6666666666666666,0.6666666666666666,0.6666666666666666,0.3333333333333333,0.6666666666666666,0.3333333333333333,1.0,1.0,1.0,1.0,0.3333333333333333,0.6666666666666666,0.6666666666666666,1.0,0.6666666666666666,0.6666666666666666,0.6666666666666666,0.6666666666666666,0,7,4,0,0,11,18,11,0.45454545454545453,0.6666666666666666,0.6666666666666666,0.3333333333333333,0.4444444444444444,0.6666666666666666,1.0,0.41666666666666663,0.6444444444444444,0.6666666666666666,0.7,0.7333333333333333,0.45454545454545453,0.6666666666666666,0.48148148148148145,0.6896825396825397,0.6818181818181819,0.698120444955888,0,0,1,0,1,0,1,1,1,0
2018,Belgium,BE,Europe,EFUR3,https://www.fatf-gafi.org/content/fatf-gafi/en/publications/Mutualevaluations/Fur-belgium-2018.html,2018-09-01,FATF,1,SE,SE,ME,ME,ME,SE,ME,ME,SE,ME,ME,C,C,C,C,C,PC,PC,LC,C,C,C,C,PC,LC,LC,C,LC,LC,C,C,C,LC,LC,LC,LC,C,C,LC,C,C,C,C,LC,LC,C,C,LC,LC,LC,LC,0.6666666666666666,0.6666666666666666,0.3333333333333333,0.3333333333333333,0.3333333333333333,0.6666666666666666,0.3333333333333333,0.3333333333333333,0.6666666666666666,0.3333333333333333,0.3333333333333333,1.0,1.0,1.0,1.0,1.0,0.3333333333333333,0.3333333333333333,0.6666666666666666,1.0,1.0,1.0,1.0,0.3333333333333333,0.6666666666666666,0.6666666666666666,1.0,0.6666666666666666,0.6666666666666666,1.0,1.0,1.0,0.6666666666666666,0.6666666666666666,0.6666666666666666,0.6666666666666666,1.0,1.0,0.6666666666666666,1.0,1.0,1.0,1.0,0.6666666666666666,0.6666666666666666,1.0,1.0,0.6666666666666666,0.6666666666666666,0.6666666666666666,0.6666666666666666,0,7,4,0,0,3,16,21,0.45454545454545453,0.8166666666666667,0.6666666666666666,0.3333333333333333,0.4444444444444444,1.0,1.0,0.5833333333333333,0.8222222222222222,0.6666666666666666,0.9,0.7333333333333333,0.45454545454545453,0.8166666666666667,0.48148148148148145,0.8150793650793651,0.5565862708719852,0.5907172995780591,1,1,0,0,1,0,0,1,1,3
2025,Belize,BZ,North America,MER,https://www.fatf-gafi.org/content/fatf-gafi/en/publications/Mutualevaluations/MER-Belize-2025.html,2025-01-01,CFATF,0,SE,SE,ME,ME,ME,ME,LE,ME,SE,SE,SE,C,C,C,C,C,C,C,LC,C,C,C,C,C,C,C,C,C,C,C,C,C,C,C,LC,C,C,C,C,C,C,C,C,C,C,C,C,C,C,C,C,0.6666666666666666,0.6666666666666666,0.3333333333333333,0.3333333333333333,0.3333333333333333,0.3333333333333333,0.0,0.3333333333333333,0.6666666666666666,0.6666666666666666,0.6666666666666666,1.0,1.0,1.0,1.0,1.0,1.0,1.0,0.6666666666666666,1.0,1.0,1.0,1.0,1.0,1.0,1.0,1.0,1.0,1.0,1.0,1.0,1.0,1.0,1.0,0.6666666666666666,1.0,1.0,1.0,1.0,1.0,1.0,1.0,1.0,1.0,1.0,1.0,1.0,1.0,1.0,1.0,1.0,1,5,5,0,0,0,2,38,0.45454545454545453,0.9833333333333333,0.6666666666666666,0.3333333333333333,0.4444444444444444,1.0,1.0,0.9166666666666666,1.0,0.8333333333333333,1.0,1.0,0.45454545454545453,0.9833333333333333,0.48148148148148145,0.9642857142857143,0.4622496147919877,0.49931412894375854,0,0,0,0,0,0,0,0,0,0
2021,Benin,BJ,Africa,MER,https://www.fatf-gafi.org/content/fatf-gafi/en/publications/Mutualevaluations/Mer-benin-2021.html,2021-05-01,GIABA,1,LE,LE,LE,LE,LE,LE,LE,LE,LE,LE,LE,LC,LC,LC,PC,PC,PC,PC,NC,C,PC,LC,PC,LC,PC,C,PC,LC,LC,NC,PC,C,PC,PC,NC,NC,PC,C,NC,C,C,C,PC,LC,PC,LC,LC,C,LC,LC,LC,0.0,0.0,0.0,0.0,0.0,0.0,0.0,0.0,0.0,0.0,0.0,0.6666666666666666,0.6666666666666666,0.6666666666666666,0.3333333333333333,0.3333333333333333,0.3333333333333333,0.3333333333333333,0.0,1.0,0.3333333333333333,0.6666666666666666,0.3333333333333333,0.6666666666666666,0.3333333333333333,1.0,0.3333333333333333,0.6666666666666666,0.6666666666666666,0.0,0.3333333333333333,1.0,0.3333333333333333,0.3333333333333333,0.0,0.0,0.3333333333333333,1.0,0.0,1.0,1.0,1.0,0.3333333333333333,0.6666666666666666,0.3333333333333333,0.6666666666666666,0.6666666666666666,1.0,0.6666666666666666,0.6666666666666666,0.6666666666666666,11,0,0,0,5,14,13,8,0.0,0.5333333333333333,0.0,0.0,0.0,0.6666666666666666,0.5,0.25,0.5333333333333333,0.0,0.6333333333333333,0.7333333333333333,0.0,0.5333333333333333,0.0,0.4738095238095238,0.0,0.0,0,0,1,1,1,1,1,1,1,0
2023,Benin,BJ,Africa,EFUR2,https://www.fatf-gafi.org/content/fatf-gafi/en/publications/Mutualevaluations/Benin-fur-2023.html,2023-06-01,GIABA,1,LE,LE,LE,LE,LE,LE,LE,LE,LE,LE,LE,LC,LC,LC,PC,PC,LC,LC,NC,C,PC,LC,PC,LC,PC,NC,PC,LC,LC,NC,PC,C,PC,PC,NC,NC,PC,C,NC,C,C,C,PC,LC,PC,LC,LC,C,LC,LC,LC,0.0,0.0,0.0,0.0,0.0,0.0,0.0,0.0,0.0,0.0,0.0,0.6666666666666666,0.6666666666666666,0.6666666666666666,0.3333333333333333,0.3333333333333333,0.6666666666666666,0.6666666666666666,0.0,1.0,0.3333333333333333,0.6666666666666666,0.3333333333333333,0.6666666666666666,0.3333333333333333,0.0,0.3333333333333333,0.6666666666666666,0.6666666666666666,0.0,0.3333333333333333,1.0,0.3333333333333333,0.3333333333333333,0.0,0.0,0.3333333333333333,1.0,0.0,1.0,1.0,1.0,0.3333333333333333,0.6666666666666666,0.3333333333333333,0.6666666666666666,0.6666666666666666,1.0,0.6666666666666666,0.6666666666666666,0.6666666666666666,11,0,0,0,6,12,15,7,0.0,0.525,0.0,0.0,0.0,0.6666666666666666,0.5,0.41666666666666663,0.4666666666666667,0.0,0.6333333333333333,0.7333333333333333,0.0,0.525,0.0,0.4880952380952381,0.0,0.0,1,1,1,1,1,1,1,1,1,2
2024,Benin,BJ,Africa,EFUR3,https://www.fatf-gafi.org/content/fatf-gafi/en/publications/Mutualevaluations/Benin-GIABA-FUR-2024.html,2024-05-01,GIABA,1,LE,LE,LE,LE,LE,LE,LE,LE,LE,LE,LE,LC,LC,LC,PC,PC,LC,LC,NC,C,PC,LC,PC,LC,PC,NC,PC,LC,LC,NC,PC,C,PC,PC,NC,NC,PC,C,NC,C,C,C,PC,LC,LC,LC,LC,C,LC,LC,LC,0.0,0.0,0.0,0.0,0.0,0.0,0.0,0.0,0.0,0.0,0.0,0.6666666666666666,0.6666666666666666,0.6666666666666666,0.3333333333333333,0.3333333333333333,0.6666666666666666,0.6666666666666666,0.0,1.0,0.3333333333333333,0.6666666666666666,0.3333333333333333,0.6666666666666666,0.3333333333333333,0.0,0.3333333333333333,0.6666666666666666,0.6666666666666666,0.0,0.3333333333333333,1.0,0.3333333333333333,0.3333333333333333,0.0,0.0,0.3333333333333333,1.0,0.0,1.0,1.0,1.0,0.3333333333333333,0.6666666666666666,0.6666666666666666,0.6666666666666666,0.6666666666666666,1.0,0.6666666666666666,0.6666666666666666,0.6666666666666666,11,0,0,0,6,11,16,7,0.0,0.5333333333333333,0.0,0.0,0.0,0.6666666666666666,0.5,0.41666666666666663,0.4666666666666667,0.0,0.6666666666666666,0.7333333333333333,0.0,0.5333333333333333,0.0,0.4928571428571428,0.0,0.0,1,1,1,1,1,1,1,1,1,3
2020,Bermuda,BM,North America,MER,https://www.fatf-gafi.org/content/fatf-gafi/en/publications/Mutualevaluations/Mer-bermuda-2020.html,2020-01-01,CFATF,0,HE,SE,SE,ME,SE,SE,ME,LE,SE,SE,ME,C,C,C,LC,C,LC,LC,C,C,C,C,LC,C,C,C,C,C,C,C,C,C,C,C,LC,LC,LC,C,C,C,C,C,PC,C,LC,LC,C,LC,LC,C,C,1.0,0.6666666666666666,0.6666666666666666,0.3333333333333333,0.6666666666666666,0.6666666666666666,0.3333333333333333,0.0,0.6666666666666666,0.6666666666666666,0.3333333333333333,1.0,1.0,1.0,0.6666666666666666,1.0,0.6666666666666666,0.6666666666666666,1.0,1.0,1.0,1.0,0.6666666666666666,1.0,1.0,1.0,1.0,1.0,1.0,1.0,1.0,1.0,1.0,1.0,0.6666666666666666,0.6666666666666666,0.6666666666666666,1.0,1.0,1.0,1.0,1.0,0.3333333333333333,1.0,0.6666666666666666,0.6666666666666666,1.0,0.6666666666666666,0.6666666666666666,1.0,1.0,1,3,6,1,0,1,11,28,0.5454545454545454,0.8916666666666666,0.8333333333333333,0.5555555555555556,0.4444444444444444,1.0,0.8333333333333333,0.8333333333333333,0.9777777777777777,0.6666666666666666,0.8333333333333334,0.8666666666666667,0.5454545454545454,0.8916666666666666,0.611111111111111,0.8587301587301587,0.6117247238742566,0.711645101663586,0,0,0,0,0,0,0,0,0,0
2016,Bhutan,BT,Asia,MER,https://www.fatf-gafi.org/content/fatf-gafi/en/publications/Mutualevaluations/Mer-bhutan-2016.html,2016-09-01,APG,1,LE,ME,LE,LE,LE,LE,LE,LE,ME,LE,LE,NC,PC,PC,PC,NC,NC,NC,PC,LC,C,C,C,C,PC,C,LC,LC,LC,LC,PC,NC,C,PC,PC,LC,PC,C,NC,NC,PC,PC,PC,PC,PC,PC,PC,NC,NC,LC,PC,0.0,0.3333333333333333,0.0,0.0,0.0,0.0,0.0,0.0,0.3333333333333333,0.0,0.0,0.0,0.3333333333333333,0.3333333333333333,0.3333333333333333,0.0,0.0,0.0,0.3333333333333333,0.6666666666666666,1.0,1.0,1.0,1.0,0.3333333333333333,1.0,0.6666666666666666,0.6666666666666666,0.6666666666666666,0.6666666666666666,0.3333333333333333,0.0,1.0,0.3333333333333333,0.3333333333333333,0.6666666666666666,0.3333333333333333,1.0,0.0,0.0,0.3333333333333333,0.3333333333333333,0.3333333333333333,0.3333333333333333,0.3333333333333333,0.3333333333333333,0.3333333333333333,0.0,0.0,0.6666666666666666,0.3333333333333333,9,2,0,0,9,17,7,7,0.0606060606060606,0.4333333333333333,0.16666666666666666,0.0,0.05555555555555555,0.16666666666666666,0.3333333333333333,0.08333333333333333,0.6888888888888889,0.5,0.3333333333333333,0.26666666666666666,0.0606060606060606,0.4333333333333333,0.07407407407407407,0.3388888888888889,0.13986013986013987,0.21857923497267756,0,0,1,1,1,1,1,1,1,0
2018,Bhutan,BT,Asia,EFUR2,https://www.fatf-gafi.org/content/fatf-gafi/en/publications/Mutualevaluations/Fur-bhutan-2018.html,2018-09-01,APG,1,LE,ME,LE,LE,LE,LE,LE,LE,ME,LE,LE,LC,LC,PC,PC,LC,PC,PC,PC,C,C,C,C,C,LC,C,LC,LC,LC,LC,PC,LC,C,LC,PC,LC,PC,C,PC,LC,PC,PC,LC,PC,PC,LC,PC,NC,LC,LC,PC,0.0,0.3333333333333333,0.0,0.0,0.0,0.0,0.0,0.0,0.3333333333333333,0.0,0.0,0.6666666666666666,0.6666666666666666,0.3333333333333333,0.3333333333333333,0.6666666666666666,0.3333333333333333,0.3333333333333333,0.3333333333333333,1.0,1.0,1.0,1.0,1.0,0.6666666666666666,1.0,0.6666666666666666,0.6666666666666666,0.6666666666666666,0.6666666666666666,0.3333333333333333,0.6666666666666666,1.0,0.6666666666666666,0.3333333333333333,0.6666666666666666,0.3333333333333333,1.0,0.3333333333333333,0.6666666666666666,0.3333333333333333,0.3333333333333333,0.6666666666666666,0.3333333333333333,0.3333333333333333,0.6666666666666666,0.3333333333333333,0.0,0.6666666666666666,0.6666666666666666,0.3333333333333333,9,2,0,0,1,15,16,8,0.0606060606060606,0.5916666666666667,0.16666666666666666,0.0,0.05555555555555555,0.6666666666666666,0.3333333333333333,0.41666666666666663,0.7999999999999999,0.5,0.5,0.39999999999999997,0.0606060606060606,0.5916666666666667,0.07407407407407407,0.5166666666666666,0.10243277848911651,0.14336917562724016,1,1,1,1,1,1,1,1,1,2
2021,Bhutan,BT,Asia,EFUR4,https://www.fatf-gafi.org/content/fatf-gafi/en/publications/Mutualevaluations/Fur-bhutan-2021.html,2021-05-01,APG,1,LE,ME,LE,LE,LE,LE,LE,LE,ME,LE,LE,LC,LC,LC,PC,LC,LC,PC,PC,C,C,C,C,C,LC,NC,LC,LC,LC,LC,LC,LC,C,LC,PC,LC,LC,C,PC,LC,LC,PC,LC,LC,PC,LC,PC,NC,LC,LC,PC,0.0,0.3333333333333333,0.0,0.0,0.0,0.0,0.0,0.0,0.3333333333333333,0.0,0.0,0.6666666666666666,0.6666666666666666,0.6666666666666666,0.3333333333333333,0.6666666666666666,0.6666666666666666,0.3333333333333333,0.3333333333333333,1.0,1.0,1.0,1.0,1.0,0.6666666666666666,0.0,0.6666666666666666,0.6666666666666666,0.6666666666666666,0.6666666666666666,0.6666666666666666,0.6666666666666666,1.0,0.6666666666666666,0.3333333333333333,0.6666666666666666,0.6666666666666666,1.0,0.3333333333333333,0.6666666666666666,0.6666666666666666,0.3333333333333333,0.6666666666666666,0.6666666666666666,0.3333333333333333,0.6666666666666666,0.3333333333333333,0.0,0.6666666666666666,0.6666666666666666,0.3333333333333333,9,2,0,0,2,9,22,7,0.0606060606060606,0.6166666666666667,0.16666666666666666,0.0,0.05555555555555555,0.6666666666666666,0.5,0.5,0.7555555555555555,0.5,0.6,0.39999999999999997,0.0606060606060606,0.6166666666666667,0.07407407407407407,0.5603174603174603,0.09828009828009826,0.13220018885741264,1,1,1,0,1,1,1,1,1,4
2023,Bhutan,BT,Asia,EFUR6,https://www.fatf-gafi.org/content/fatf-gafi/en/publications/Mutualevaluations/fur-bhutan-2023.html,2023-06-01,APG,1,LE,ME,LE,LE,LE,LE,LE,LE,ME,LE,LE,LC,LC,LC,LC,LC,LC,LC,PC,C,C,C,C,C,LC,NC,LC,LC,LC,LC,LC,LC,C,LC,PC,LC,LC,C,PC,LC,LC,PC,LC,LC,LC,LC,PC,NC,LC,LC,PC,0.0,0.3333333333333333,0.0,0.0,0.0,0.0,0.0,0.0,0.3333333333333333,0.0,0.0,0.6666666666666666,0.6666666666666666,0.6666666666666666,0.6666666666666666,0.6666666666666666,0.6666666666666666,0.6666666666666666,0.3333333333333333,1.0,1.0,1.0,1.0,1.0,0.6666666666666666,0.0,0.6666666666666666,0.6666666666666666,0.6666666666666666,0.6666666666666666,0.6666666666666666,0.6666666666666666,1.0,0.6666666666666666,0.3333333333333333,0.6666666666666666,0.6666666666666666,1.0,0.3333333333333333,0.6666666666666666,0.6666666666666666,0.3333333333333333,0.6666666666666666,0.6666666666666666,0.6666666666666666,0.6666666666666666,0.3333333333333333,0.0,0.6666666666666666,0.6666666666666666,0.3333333333333333,9,2,0,0,2,6,25,7,0.0606060606060606,0.6416666666666666,0.16666666666666666,0.0,0.05555555555555555,0.6666666666666666,0.6666666666666666,0.5833333333333333,0.7555555555555555,0.5,0.6333333333333333,0.39999999999999997,0.0606060606060606,0.6416666666666666,0.07407407407407407,0.6007936507936508,0.09445100354191263,0.12329370321444298,1,1,1,0,1,1,1,1,1,6
2023,Bolivia,BO,South America,MER,https://www.fatf-gafi.org/content/fatf-gafi/en/publications/Mutualevaluations/Bolivia-mer-2023.html,2023-12-01,GAFILAT,1,ME,SE,ME,LE,ME,ME,LE,ME,ME,ME,ME,LC,C,LC,C,LC,PC,PC,PC,C,LC,C,C,PC,C,PC,LC,C,LC,LC,LC,PC,PC,PC,PC,C,LC,C,PC,C,C,PC,LC,C,LC,PC,LC,LC,LC,LC,LC,0.3333333333333333,0.6666666666666666,0.3333333333333333,0.0,0.3333333333333333,0.3333333333333333,0.0,0.3333333333333333,0.3333333333333333,0.3333333333333333,0.3333333333333333,0.6666666666666666,1.0,0.6666666666666666,1.0,0.6666666666666666,0.3333333333333333,0.3333333333333333,0.3333333333333333,1.0,0.6666666666666666,1.0,1.0,0.3333333333333333,1.0,0.3333333333333333,0.6666666666666666,1.0,0.6666666666666666,0.6666666666666666,0.6666666666666666,0.3333333333333333,0.3333333333333333,0.3333333333333333,0.3333333333333333,1.0,0.6666666666666666,1.0,0.3333333333333333,1.0,1.0,0.3333333333333333,0.6666666666666666,1.0,0.6666666666666666,0.3333333333333333,0.6666666666666666,0.6666666666666666,0.6666666666666666,0.6666666666666666,0.6666666666666666,2,8,1,0,0,12,16,12,0.30303030303030304,0.6666666666666666,0.5,0.2222222222222222,0.2777777777777778,0.8333333333333333,0.8333333333333333,0.41666666666666663,0.6666666666666666,0.6666666666666666,0.7,0.6666666666666666,0.30303030303030304,0.6666666666666666,0.3333333333333333,0.6833333333333332,0.4545454545454546,0.48780487804878053,0,0,1,0,1,0,1,1,1,0
2025,Bolivia,BO,South America,EFUR1,https://www.fatf-gafi.org/content/fatf-gafi/en/publications/Mutualevaluations/FUR-Bolivia-2025.html,2025-01-01,GAFILAT,1,ME,SE,ME,LE,ME,ME,LE,ME,ME,ME,ME,LC,C,LC,C,LC,LC,PC,PC,C,LC,C,C,LC,C,PC,LC,C,LC,LC,LC,PC,C,LC,PC,C,LC,C,C,C,C,PC,LC,C,LC,PC,LC,LC,LC,LC,LC,0.3333333333333333,0.6666666666666666,0.3333333333333333,0.0,0.3333333333333333,0.3333333333333333,0.0,0.3333333333333333,0.3333333333333333,0.3333333333333333,0.3333333333333333,0.6666666666666666,1.0,0.6666666666666666,1.0,0.6666666666666666,0.6666666666666666,0.3333333333333333,0.3333333333333333,1.0,0.6666666666666666,1.0,1.0,0.6666666666666666,1.0,0.3333333333333333,0.6666666666666666,1.0,0.6666666666666666,0.6666666666666666,0.6666666666666666,0.3333333333333333,1.0,0.6666666666666666,0.3333333333333333,1.0,0.6666666666666666,1.0,1.0,1.0,1.0,0.3333333333333333,0.6666666666666666,1.0,0.6666666666666666,0.3333333333333333,0.6666666666666666,0.6666666666666666,0.6666666666666666,0.6666666666666666,0.6666666666666666,2,8,1,0,0,7,19,14,0.30303030303030304,0.725,0.5,0.2222222222222222,0.2777777777777778,0.8333333333333333,0.8333333333333333,0.5,0.7555555555555555,0.6666666666666666,0.7666666666666666,0.6666666666666666,0.30303030303030304,0.725,0.3333333333333333,0.7174603174603175,0.41797283176593525,0.46460176991150437,1,1,0,0,1,0,0,1,1,1
2024,Bosnia and Herzegovina,BA,Europe,MER,https://www.fatf-gafi.org/content/fatf-gafi/en/publications/Mutualevaluations/Bosnia-Herzegovina-MER-2024.html,2024-12-01,MONEYVAL,1,ME,ME,ME,ME,ME,ME,ME,ME,ME,LE,LE,PC,PC,LC,LC,LC,LC,PC,NC,LC,LC,LC,PC,C,LC,NC,LC,LC,LC,LC,LC,C,LC,LC,PC,LC,PC,LC,NC,C,C,LC,LC,PC,PC,PC,PC,LC,PC,LC,PC,0.3333333333333333,0.3333333333333333,0.3333333333333333,0.3333333333333333,0.3333333333333333,0.3333333333333333,0.3333333333333333,0.3333333333333333,0.3333333333333333,0.0,0.0,0.3333333333333333,0.3333333333333333,0.6666666666666666,0.6666666666666666,0.6666666666666666,0.6666666666666666,0.3333333333333333,0.0,0.6666666666666666,0.6666666666666666,0.6666666666666666,0.3333333333333333,1.0,0.6666666666666666,0.0,0.6666666666666666,0.6666666666666666,0.6666666666666666,0.6666666666666666,0.6666666666666666,1.0,0.6666666666666666,0.6666666666666666,0.3333333333333333,0.6666666666666666,0.3333333333333333,0.6666666666666666,0.0,1.0,1.0,0.6666666666666666,0.6666666666666666,0.3333333333333333,0.3333333333333333,0.3333333333333333,0.3333333333333333,0.6666666666666666,0.3333333333333333,0.6666666666666666,0.3333333333333333,2,9,0,0,3,12,21,4,0.2727272727272727,0.5499999999999999,0.3333333333333333,0.3333333333333333,0.2222222222222222,0.3333333333333333,0.6666666666666666,0.41666666666666663,0.6444444444444444,0.5,0.5333333333333333,0.4666666666666666,0.2727272727272727,0.5499999999999999,0.2962962962962963,0.5087301587301587,0.49586776859504134,0.5824232969318773,0,0,1,0,1,0,1,1,1,0
2017,Botswana,BW,Africa,MER,https://www.fatf-gafi.org/content/fatf-gafi/en/publications/Mutualevaluations/Mer-botswana-2017.html,2017-05-01,ESAAMLG,1,LE,ME,LE,LE,LE,ME,LE,LE,LE,LE,LE,NC,PC,PC,PC,NC,NC,NC,NC,NC,NC,NC,NC,NC,NC,NC,NC,NA,PC,NC,PC,NC,NC,PC,NC,NC,NC,LC,NC,NC,PC,PC,PC,NC,PC,NC,PC,LC,PC,PC,PC,0.0,0.3333333333333333,0.0,0.0,0.0,0.3333333333333333,0.0,0.0,0.0,0.0,0.0,0.0,0.3333333333333333,0.3333333333333333,0.3333333333333333,0.0,0.0,0.0,0.0,0.0,0.0,0.0,0.0,0.0,0.0,0.0,0.0,0.15384615384615383,0.3333333333333333,0.0,0.3333333333333333,0.0,0.0,0.3333333333333333,0.0,0.0,0.0,0.6666666666666666,0.0,0.0,0.3333333333333333,0.3333333333333333,0.3333333333333333,0.0,0.3333333333333333,0.0,0.3333333333333333,0.6666666666666666,0.3333333333333333,0.3333333333333333,0.3333333333333333,9,2,0,0,23,14,2,0,0.0606060606060606,0.15384615384615383,0.16666666666666666,0.0,0.05555555555555555,0.16666666666666666,0.3333333333333333,0.0,0.07692307692307691,0.0,0.19999999999999998,0.39999999999999997,0.0606060606060606,0.15384615384615383,0.07407407407407407,0.16813186813186812,0.393939393939394,0.4405712902444929,0,0,1,1,1,1,1,1,1,0
2019,Botswana,BW,Africa,EFUR1,https://www.fatf-gafi.org/content/fatf-gafi/en/publications/Mutualevaluations/Fur-botswana-2019.html,2019-04-01,ESAAMLG,1,LE,ME,LE,LE,LE,ME,LE,LE,LE,LE,LE,LC,PC,C,LC,C,PC,PC,NC,PC,PC,LC,LC,PC,NC,PC,PC,NA,PC,NC,C,LC,NC,LC,PC,PC,PC,C,PC,LC,LC,LC,LC,PC,PC,PC,C,LC,C,LC,LC,0.0,0.3333333333333333,0.0,0.0,0.0,0.3333333333333333,0.0,0.0,0.0,0.0,0.0,0.6666666666666666,0.3333333333333333,1.0,0.6666666666666666,1.0,0.3333333333333333,0.3333333333333333,0.0,0.3333333333333333,0.3333333333333333,0.6666666666666666,0.6666666666666666,0.3333333333333333,0.0,0.3333333333333333,0.3333333333333333,0.5128205128205128,0.3333333333333333,0.0,1.0,0.6666666666666666,0.0,0.6666666666666666,0.3333333333333333,0.3333333333333333,0.3333333333333333,1.0,0.3333333333333333,0.6666666666666666,0.6666666666666666,0.6666666666666666,0.6666666666666666,0.3333333333333333,0.3333333333333333,0.3333333333333333,1.0,0.6666666666666666,1.0,0.6666666666666666,0.6666666666666666,9,2,0,0,4,16,13,6,0.0606060606060606,0.5128205128205128,0.16666666666666666,0.0,0.05555555555555555,0.5,0.8333333333333333,0.41666666666666663,0.41196581196581195,0.3333333333333333,0.5333333333333333,0.7999999999999999,0.0606060606060606,0.5128205128205128,0.07407407407407407,0.5469474969474969,0.11818181818181818,0.13543178182088775,1,1,1,1,1,1,1,1,1,1
2020,Botswana,BW,Africa,EFUR4,https://www.fatf-gafi.org/content/fatf-gafi/en/publications/Mutualevaluations/Fur-botswana-2021.html,2020-12-01,ESAAMLG,1,LE,ME,LE,LE,LE,ME,LE,LE,LE,LE,LE,LC,PC,C,LC,C,LC,LC,NC,PC,LC,LC,LC,PC,NC,PC,PC,NA,PC,NC,C,LC,NC,LC,PC,PC,PC,C,PC,LC,LC,LC,LC,PC,PC,PC,C,LC,C,LC,LC,0.0,0.3333333333333333,0.0,0.0,0.0,0.3333333333333333,0.0,0.0,0.0,0.0,0.0,0.6666666666666666,0.3333333333333333,1.0,0.6666666666666666,1.0,0.6666666666666666,0.6666666666666666,0.0,0.3333333333333333,0.6666666666666666,0.6666666666666666,0.6666666666666666,0.3333333333333333,0.0,0.3333333333333333,0.3333333333333333,0.5384615384615384,0.3333333333333333,0.0,1.0,0.6666666666666666,0.0,0.6666666666666666,0.3333333333333333,0.3333333333333333,0.3333333333333333,1.0,0.3333333333333333,0.6666666666666666,0.6666666666666666,0.6666666666666666,0.6666666666666666,0.3333333333333333,0.3333333333333333,0.3333333333333333,1.0,0.6666666666666666,1.0,0.6666666666666666,0.6666666666666666,9,2,0,0,4,13,16,6,0.0606060606060606,0.5384615384615384,0.16666666666666666,0.0,0.05555555555555555,0.5,0.8333333333333333,0.5833333333333333,0.4358974358974359,0.3333333333333333,0.5333333333333333,0.7999999999999999,0.0606060606060606,0.5384615384615384,0.07407407407407407,0.5741758241758241,0.11255411255411255,0.1290093921672869,1,1,1,0,1,1,1,1,1,4
2021,Botswana,BW,Africa,EFUR5,https://www.fatf-gafi.org/content/fatf-gafi/en/publications/Mutualevaluations/Fur-botswana-aug-2021.html,2021-04-01,ESAAMLG,1,LE,ME,LE,LE,LE,ME,LE,LE,LE,LE,LE,LC,PC,C,LC,C,LC,LC,NC,C,LC,LC,LC,LC,NC,PC,LC,NA,LC,PC,C,LC,LC,LC,PC,PC,PC,C,PC,LC,LC,LC,LC,LC,LC,PC,C,LC,C,LC,LC,0.0,0.3333333333333333,0.0,0.0,0.0,0.3333333333333333,0.0,0.0,0.0,0.0,0.0,0.6666666666666666,0.3333333333333333,1.0,0.6666666666666666,1.0,0.6666666666666666,0.6666666666666666,0.0,1.0,0.6666666666666666,0.6666666666666666,0.6666666666666666,0.6666666666666666,0.0,0.3333333333333333,0.6666666666666666,0.6239316239316239,0.6666666666666666,0.3333333333333333,1.0,0.6666666666666666,0.6666666666666666,0.6666666666666666,0.3333333333333333,0.3333333333333333,0.3333333333333333,1.0,0.3333333333333333,0.6666666666666666,0.6666666666666666,0.6666666666666666,0.6666666666666666,0.6666666666666666,0.6666666666666666,0.3333333333333333,1.0,0.6666666666666666,1.0,0.6666666666666666,0.6666666666666666,9,2,0,0,2,8,22,7,0.0606060606060606,0.6239316239316239,0.16666666666666666,0.0,0.05555555555555555,0.5,0.8333333333333333,0.5833333333333333,0.6193732193732193,0.3333333333333333,0.6,0.7999999999999999,0.0606060606060606,0.6239316239316239,0.07407407407407407,0.6099104599104599,0.0971357409713574,0.12145073571118747,1,1,1,0,1,1,1,1,1,5
2022,Botswana,BW,Africa,EFUR8,https://www.fatf-gafi.org/content/fatf-gafi/en/publications/Mutualevaluations/FUR-Botswana-2023.html,2022-09-01,ESAAMLG,1,LE,ME,LE,LE,LE,ME,LE,LE,LE,LE,LE,LC,PC,C,LC,C,LC,LC,PC,C,LC,LC,LC,LC,NC,PC,LC,NA,LC,LC,C,LC,LC,LC,PC,LC,LC,C,PC,LC,LC,LC,LC,LC,LC,PC,C,LC,C,LC,LC,0.0,0.3333333333333333,0.0,0.0,0.0,0.3333333333333333,0.0,0.0,0.0,0.0,0.0,0.6666666666666666,0.3333333333333333,1.0,0.6666666666666666,1.0,0.6666666666666666,0.6666666666666666,0.3333333333333333,1.0,0.6666666666666666,0.6666666666666666,0.6666666666666666,0.6666666666666666,0.0,0.3333333333333333,0.6666666666666666,0.6581196581196581,0.6666666666666666,0.6666666666666666,1.0,0.6666666666666666,0.6666666666666666,0.6666666666666666,0.3333333333333333,0.6666666666666666,0.6666666666666666,1.0,0.3333333333333333,0.6666666666666666,0.6666666666666666,0.6666666666666666,0.6666666666666666,0.6666666666666666,0.6666666666666666,0.3333333333333333,1.0,0.6666666666666666,1.0,0.6666666666666666,0.6666666666666666,9,2,0,0,1,6,25,7,0.0606060606060606,0.6581196581196581,0.16666666666666666,0.0,0.05555555555555555,0.5,0.8333333333333333,0.6666666666666666,0.6438746438746439,0.5,0.6333333333333333,0.7999999999999999,0.0606060606060606,0.6581196581196581,0.07407407407407407,0.6538868538868539,0.09208972845336481,0.11328270882609237,1,1,0,0,1,1,0,1,1,8
2023,Brazil,BR,South America,MER,https://www.fatf-gafi.org/content/fatf-gafi/en/publications/Mutualevaluations/Brazil-mer-2023.html,2023-12-01,FATF/GAFILAT,1,SE,SE,ME,ME,ME,ME,ME,ME,ME,ME,ME,LC,LC,LC,LC,PC,PC,LC,PC,C,LC,C,LC,C,C,PC,C,LC,LC,PC,LC,C,PC,PC,PC,PC,LC,C,PC,C,C,C,PC,LC,LC,LC,LC,LC,LC,LC,LC,0.6666666666666666,0.6666666666666666,0.3333333333333333,0.3333333333333333,0.3333333333333333,0.3333333333333333,0.3333333333333333,0.3333333333333333,0.3333333333333333,0.3333333333333333,0.3333333333333333,0.6666666666666666,0.6666666666666666,0.6666666666666666,0.6666666666666666,0.3333333333333333,0.3333333333333333,0.6666666666666666,0.3333333333333333,1.0,0.6666666666666666,1.0,0.6666666666666666,1.0,1.0,0.3333333333333333,1.0,0.6666666666666666,0.6666666666666666,0.3333333333333333,0.6666666666666666,1.0,0.3333333333333333,0.3333333333333333,0.3333333333333333,0.3333333333333333,0.6666666666666666,1.0,0.3333333333333333,1.0,1.0,1.0,0.3333333333333333,0.6666666666666666,0.6666666666666666,0.6666666666666666,0.6666666666666666,0.6666666666666666,0.6666666666666666,0.6666666666666666,0.6666666666666666,0,9,2,0,0,11,19,10,0.3939393939393939,0.6583333333333333,0.6666666666666666,0.3333333333333333,0.3333333333333333,0.6666666666666666,0.6666666666666666,0.41666666666666663,0.7111111111111111,0.3333333333333333,0.7333333333333333,0.6666666666666666,0.3939393939393939,0.6583333333333333,0.4444444444444444,0.5992063492063492,0.5983889528193326,0.7417218543046358,0,0,1,1,1,0,1,1,1,0
2024,British Virgin Islands,VG,North America,MER,https://www.fatf-gafi.org/content/fatf-gafi/en/publications/Mutualevaluations/bvi-mer-2024.html,2024-02-01,CFATF,1,ME,ME,LE,LE,ME,LE,LE,LE,ME,LE,LE,LC,C,LC,LC,C,LC,LC,NC,C,LC,LC,LC,C,LC,LC,LC,LC,LC,LC,C,C,LC,LC,PC,LC,PC,C,PC,C,C,LC,LC,C,LC,LC,LC,LC,LC,C,LC,0.3333333333333333,0.3333333333333333,0.0,0.0,0.3333333333333333,0.0,0.0,0.0,0.3333333333333333,0.0,0.0,0.6666666666666666,1.0,0.6666666666666666,0.6666666666666666,1.0,0.6666666666666666,0.6666666666666666,0.0,1.0,0.6666666666666666,0.6666666666666666,0.6666666666666666,1.0,0.6666666666666666,0.6666666666666666,0.6666666666666666,0.6666666666666666,0.6666666666666666,0.6666666666666666,1.0,1.0,0.6666666666666666,0.6666666666666666,0.3333333333333333,0.6666666666666666,0.3333333333333333,1.0,0.3333333333333333,1.0,1.0,0.6666666666666666,0.6666666666666666,1.0,0.6666666666666666,0.6666666666666666,0.6666666666666666,0.6666666666666666,0.6666666666666666,1.0,0.6666666666666666,7,4,0,0,1,3,25,11,0.1212121212121212,0.7166666666666667,0.3333333333333333,0.1111111111111111,0.05555555555555555,0.8333333333333333,0.6666666666666666,0.5833333333333333,0.7555555555555555,0.5,0.7333333333333333,0.7333333333333333,0.1212121212121212,0.7166666666666667,0.16666666666666666,0.6865079365079365,0.16913319238900631,0.24277456647398843,0,0,0,0,1,1,0,1,1,0
2023,Brunei,BN,Asia,MER,https://www.fatf-gafi.org/content/fatf-gafi/en/publications/Mutualevaluations/mer-brunei-darussalam-2023.html,2023-08-01,APG,1,SE,SE,ME,ME,ME,SE,ME,ME,SE,SE,LE,LC,LC,LC,C,LC,LC,NC,LC,C,PC,LC,LC,LC,LC,PC,PC,LC,PC,PC,LC,LC,PC,LC,PC,NC,PC,PC,PC,C,C,LC,C,LC,LC,LC,LC,LC,LC,LC,LC,0.6666666666666666,0.6666666666666666,0.3333333333333333,0.3333333333333333,0.3333333333333333,0.6666666666666666,0.3333333333333333,0.3333333333333333,0.6666666666666666,0.6666666666666666,0.0,0.6666666666666666,0.6666666666666666,0.6666666666666666,1.0,0.6666666666666666,0.6666666666666666,0.0,0.6666666666666666,1.0,0.3333333333333333,0.6666666666666666,0.6666666666666666,0.6666666666666666,0.6666666666666666,0.3333333333333333,0.3333333333333333,0.6666666666666666,0.3333333333333333,0.3333333333333333,0.6666666666666666,0.6666666666666666,0.3333333333333333,0.6666666666666666,0.3333333333333333,0.0,0.3333333333333333,0.3333333333333333,0.3333333333333333,1.0,1.0,0.6666666666666666,1.0,0.6666666666666666,0.6666666666666666,0.6666666666666666,0.6666666666666666,0.6666666666666666,0.6666666666666666,0.6666666666666666,0.6666666666666666,1,5,5,0,2,10,23,5,0.45454545454545453,0.5916666666666667,0.6666666666666666,0.3333333333333333,0.4444444444444444,0.6666666666666666,0.8333333333333333,0.5,0.5555555555555556,0.16666666666666666,0.6666666666666666,0.6666666666666666,0.45454545454545453,0.5916666666666667,0.48148148148148145,0.5793650793650793,0.7682458386683738,0.8310502283105023,0,0,1,1,0,0,1,0,1,0
2024,Brunei,BN,Asia,EFUR1,https://www.fatf-gafi.org/content/fatf-gafi/en/publications/Mutualevaluations/Brunei-Darussalam-fur-APG-2024.html,2024-06-01,APG,1,SE,SE,ME,ME,ME,SE,ME,ME,SE,SE,LE,LC,LC,LC,C,LC,LC,NC,LC,C,LC,LC,LC,LC,LC,PC,LC,LC,C,LC,LC,LC,LC,LC,PC,NC,LC,C,LC,C,C,LC,C,LC,LC,LC,LC,LC,LC,LC,LC,0.6666666666666666,0.6666666666666666,0.3333333333333333,0.3333333333333333,0.3333333333333333,0.6666666666666666,0.3333333333333333,0.3333333333333333,0.6666666666666666,0.6666666666666666,0.0,0.6666666666666666,0.6666666666666666,0.6666666666666666,1.0,0.6666666666666666,0.6666666666666666,0.0,0.6666666666666666,1.0,0.6666666666666666,0.6666666666666666,0.6666666666666666,0.6666666666666666,0.6666666666666666,0.3333333333333333,0.6666666666666666,0.6666666666666666,1.0,0.6666666666666666,0.6666666666666666,0.6666666666666666,0.6666666666666666,0.6666666666666666,0.3333333333333333,0.0,0.6666666666666666,1.0,0.6666666666666666,1.0,1.0,0.6666666666666666,1.0,0.6666666666666666,0.6666666666666666,0.6666666666666666,0.6666666666666666,0.6666666666666666,0.6666666666666666,0.6666666666666666,0.6666666666666666,1,5,5,0,2,2,29,7,0.45454545454545453,0.6749999999999999,0.6666666666666666,0.3333333333333333,0.4444444444444444,0.6666666666666666,0.8333333333333333,0.5,0.6888888888888889,0.16666666666666666,0.7999999999999999,0.6666666666666666,0.45454545454545453,0.6749999999999999,0.48148148148148145,0.6174603174603174,0.6734006734006734,0.7797772065124251,1,1,0,0,0,0,0,0,0,1
2022,Bulgaria,BG,Europe,MER,https://www.fatf-gafi.org/content/fatf-gafi/en/publications/Mutualevaluations/Mer-bulgaria-2022.html,2022-05-01,MONEYVAL,1,ME,ME,ME,ME,LE,LE,LE,LE,ME,ME,LE,LC,PC,LC,PC,PC,PC,PC,PC,LC,PC,LC,PC,PC,PC,PC,LC,C,PC,LC,LC,LC,PC,LC,PC,PC,PC,PC,PC,LC,LC,C,PC,PC,PC,PC,LC,LC,PC,LC,LC,0.3333333333333333,0.3333333333333333,0.3333333333333333,0.3333333333333333,0.0,0.0,0.0,0.0,0.3333333333333333,0.3333333333333333,0.0,0.6666666666666666,0.3333333333333333,0.6666666666666666,0.3333333333333333,0.3333333333333333,0.3333333333333333,0.3333333333333333,0.3333333333333333,0.6666666666666666,0.3333333333333333,0.6666666666666666,0.3333333333333333,0.3333333333333333,0.3333333333333333,0.3333333333333333,0.6666666666666666,1.0,0.3333333333333333,0.6666666666666666,0.6666666666666666,0.6666666666666666,0.3333333333333333,0.6666666666666666,0.3333333333333333,0.3333333333333333,0.3333333333333333,0.3333333333333333,0.3333333333333333,0.6666666666666666,0.6666666666666666,1.0,0.3333333333333333,0.3333333333333333,0.3333333333333333,0.3333333333333333,0.6666666666666666,0.6666666666666666,0.3333333333333333,0.6666666666666666,0.6666666666666666,5,6,0,0,0,23,15,2,0.1818181818181818,0.49166666666666664,0.3333333333333333,0.2222222222222222,0.1111111111111111,0.5,0.5,0.3333333333333333,0.5333333333333333,0.3333333333333333,0.4666666666666667,0.6,0.1818181818181818,0.49166666666666664,0.2222222222222222,0.4666666666666667,0.3697996918335901,0.47619047619047616,0,0,1,1,1,1,1,1,1,0
2024,Bulgaria,BG,Europe,EFUR1,https://www.fatf-gafi.org/content/fatf-gafi/en/publications/Mutualevaluations/Bulgaria-FUR-2024.html,2024-05-01,MONEYVAL,1,ME,ME,ME,ME,LE,LE,LE,LE,ME,ME,LE,LC,LC,LC,PC,PC,PC,PC,PC,LC,PC,LC,LC,PC,C,PC,LC,C,LC,LC,LC,LC,LC,LC,PC,LC,LC,LC,PC,LC,LC,C,C,C,PC,PC,LC,LC,PC,LC,LC,0.3333333333333333,0.3333333333333333,0.3333333333333333,0.3333333333333333,0.0,0.0,0.0,0.0,0.3333333333333333,0.3333333333333333,0.0,0.6666666666666666,0.6666666666666666,0.6666666666666666,0.3333333333333333,0.3333333333333333,0.3333333333333333,0.3333333333333333,0.3333333333333333,0.6666666666666666,0.3333333333333333,0.6666666666666666,0.6666666666666666,0.3333333333333333,1.0,0.3333333333333333,0.6666666666666666,1.0,0.6666666666666666,0.6666666666666666,0.6666666666666666,0.6666666666666666,0.6666666666666666,0.6666666666666666,0.3333333333333333,0.6666666666666666,0.6666666666666666,0.6666666666666666,0.3333333333333333,0.6666666666666666,0.6666666666666666,1.0,1.0,1.0,0.3333333333333333,0.3333333333333333,0.6666666666666666,0.6666666666666666,0.3333333333333333,0.6666666666666666,0.6666666666666666,5,6,0,0,0,13,22,5,0.1818181818181818,0.6,0.3333333333333333,0.2222222222222222,0.1111111111111111,0.6666666666666666,0.5,0.3333333333333333,0.6444444444444444,0.5,0.6666666666666666,0.6,0.1818181818181818,0.6,0.2222222222222222,0.5587301587301587,0.303030303030303,0.3977272727272727,1,1,1,1,1,1,1,1,1,1
2019,Burkina Faso,BF,Africa,MER,https://www.fatf-gafi.org/content/fatf-gafi/en/publications/Mutualevaluations/Mer-burkina-faso-2019.html,2019-05-01,GIABA,1,LE,ME,LE,LE,LE,ME,LE,LE,LE,LE,LE,LC,PC,C,LC,PC,PC,PC,PC,C,LC,LC,LC,LC,PC,C,LC,LC,LC,PC,LC,C,PC,LC,PC,PC,PC,C,NC,C,C,C,PC,LC,PC,LC,C,LC,LC,LC,LC,0.0,0.3333333333333333,0.0,0.0,0.0,0.3333333333333333,0.0,0.0,0.0,0.0,0.0,0.6666666666666666,0.3333333333333333,1.0,0.6666666666666666,0.3333333333333333,0.3333333333333333,0.3333333333333333,0.3333333333333333,1.0,0.6666666666666666,0.6666666666666666,0.6666666666666666,0.6666666666666666,0.3333333333333333,1.0,0.6666666666666666,0.6666666666666666,0.6666666666666666,0.3333333333333333,0.6666666666666666,1.0,0.3333333333333333,0.6666666666666666,0.3333333333333333,0.3333333333333333,0.3333333333333333,1.0,0.0,1.0,1.0,1.0,0.3333333333333333,0.6666666666666666,0.3333333333333333,0.6666666666666666,1.0,0.6666666666666666,0.6666666666666666,0.6666666666666666,0.6666666666666666,9,2,0,0,1,13,17,9,0.0606060606060606,0.6166666666666667,0.16666666666666666,0.0,0.05555555555555555,0.5,0.8333333333333333,0.3333333333333333,0.6666666666666666,0.3333333333333333,0.6333333333333333,0.7333333333333333,0.0606060606060606,0.6166666666666667,0.07407407407407407,0.5761904761904761,0.09828009828009826,0.1285583103764922,0,0,1,1,1,1,1,1,1,0
2021,Burkina Faso,BF,Africa,EFUR1,https://www.fatf-gafi.org/content/fatf-gafi/en/publications/Mutualevaluations/Fur-burkina-faso-2021.html,2021-04-01,GIABA,1,LE,ME,LE,LE,LE,ME,LE,LE,LE,LE,LE,LC,PC,C,LC,C,PC,PC,PC,C,LC,LC,LC,LC,PC,PC,LC,LC,LC,PC,LC,C,PC,LC,PC,PC,PC,C,NC,C,C,C,PC,LC,PC,LC,C,LC,LC,LC,LC,0.0,0.3333333333333333,0.0,0.0,0.0,0.3333333333333333,0.0,0.0,0.0,0.0,0.0,0.6666666666666666,0.3333333333333333,1.0,0.6666666666666666,1.0,0.3333333333333333,0.3333333333333333,0.3333333333333333,1.0,0.6666666666666666,0.6666666666666666,0.6666666666666666,0.6666666666666666,0.3333333333333333,0.3333333333333333,0.6666666666666666,0.6666666666666666,0.6666666666666666,0.3333333333333333,0.6666666666666666,1.0,0.3333333333333333,0.6666666666666666,0.3333333333333333,0.3333333333333333,0.3333333333333333,1.0,0.0,1.0,1.0,1.0,0.3333333333333333,0.6666666666666666,0.3333333333333333,0.6666666666666666,1.0,0.6666666666666666,0.6666666666666666,0.6666666666666666,0.6666666666666666,9,2,0,0,1,13,17,9,0.0606060606060606,0.6166666666666667,0.16666666666666666,0.0,0.05555555555555555,0.5,0.8333333333333333,0.5,0.6222222222222222,0.3333333333333333,0.6333333333333333,0.7333333333333333,0.0606060606060606,0.6166666666666667,0.07407407407407407,0.5936507936507937,0.09828009828009826,0.12477718360071301,1,1,1,0,1,1,1,1,1,1
2023,Burkina Faso,BF,Africa,EFUR4,https://www.fatf-gafi.org/content/fatf-gafi/en/publications/Mutualevaluations/Burkina-Faso-FUR-2023.html,2023-06-01,GIABA,1,LE,ME,LE,LE,LE,ME,LE,LE,LE,LE,LE,LC,LC,C,LC,C,PC,PC,PC,C,LC,LC,LC,LC,PC,PC,LC,LC,LC,PC,LC,C,PC,LC,PC,PC,PC,C,PC,C,C,C,PC,LC,LC,LC,C,LC,LC,LC,LC,0.0,0.3333333333333333,0.0,0.0,0.0,0.3333333333333333,0.0,0.0,0.0,0.0,0.0,0.6666666666666666,0.6666666666666666,1.0,0.6666666666666666,1.0,0.3333333333333333,0.3333333333333333,0.3333333333333333,1.0,0.6666666666666666,0.6666666666666666,0.6666666666666666,0.6666666666666666,0.3333333333333333,0.3333333333333333,0.6666666666666666,0.6666666666666666,0.6666666666666666,0.3333333333333333,0.6666666666666666,1.0,0.3333333333333333,0.6666666666666666,0.3333333333333333,0.3333333333333333,0.3333333333333333,1.0,0.3333333333333333,1.0,1.0,1.0,0.3333333333333333,0.6666666666666666,0.6666666666666666,0.6666666666666666,1.0,0.6666666666666666,0.6666666666666666,0.6666666666666666,0.6666666666666666,9,2,0,0,0,12,19,9,0.0606060606060606,0.6416666666666666,0.16666666666666666,0.0,0.05555555555555555,0.6666666666666666,0.8333333333333333,0.5,0.6222222222222222,0.3333333333333333,0.7,0.7333333333333333,0.0606060606060606,0.6416666666666666,0.07407407407407407,0.626984126984127,0.09445100354191263,0.11814345991561181,1,1,1,0,1,1,1,1,1,4
2019,Cabo Verde,CV,Africa,MER,https://www.fatf-gafi.org/content/fatf-gafi/en/publications/Mutualevaluations/Mer-cabo-verde-2019.html,2019-05-01,GIABA,1,LE,LE,LE,LE,LE,LE,LE,LE,LE,LE,LE,PC,PC,C,C,LC,PC,LC,PC,C,PC,LC,LC,LC,LC,PC,PC,PC,PC,PC,PC,C,PC,LC,LC,LC,PC,PC,PC,LC,C,C,PC,C,LC,LC,LC,C,LC,C,LC,0.0,0.0,0.0,0.0,0.0,0.0,0.0,0.0,0.0,0.0,0.0,0.3333333333333333,0.3333333333333333,1.0,1.0,0.6666666666666666,0.3333333333333333,0.6666666666666666,0.3333333333333333,1.0,0.3333333333333333,0.6666666666666666,0.6666666666666666,0.6666666666666666,0.6666666666666666,0.3333333333333333,0.3333333333333333,0.3333333333333333,0.3333333333333333,0.3333333333333333,0.3333333333333333,1.0,0.3333333333333333,0.6666666666666666,0.6666666666666666,0.6666666666666666,0.3333333333333333,0.3333333333333333,0.3333333333333333,0.6666666666666666,1.0,1.0,0.3333333333333333,1.0,0.6666666666666666,0.6666666666666666,0.6666666666666666,1.0,0.6666666666666666,1.0,0.6666666666666666,11,0,0,0,0,16,15,9,0.0,0.6083333333333333,0.0,0.0,0.0,0.3333333333333333,1.0,0.5,0.5333333333333333,0.6666666666666666,0.6333333333333333,0.7999999999999999,0.0,0.6083333333333333,0.0,0.638095238095238,0.0,0.0,0,0,1,1,1,1,1,1,1,0
2021,Cabo Verde,CV,Africa,EFUR1,https://www.fatf-gafi.org/content/fatf-gafi/en/publications/Mutualevaluations/Fur-cabo-verde-2021.html,2021-04-01,GIABA,1,LE,LE,LE,LE,LE,LE,LE,LE,LE,LE,LE,PC,PC,C,C,LC,PC,PC,PC,C,PC,LC,LC,LC,LC,PC,PC,PC,PC,PC,PC,LC,PC,LC,LC,LC,PC,PC,PC,LC,C,C,PC,C,LC,LC,LC,C,LC,C,LC,0.0,0.0,0.0,0.0,0.0,0.0,0.0,0.0,0.0,0.0,0.0,0.3333333333333333,0.3333333333333333,1.0,1.0,0.6666666666666666,0.3333333333333333,0.3333333333333333,0.3333333333333333,1.0,0.3333333333333333,0.6666666666666666,0.6666666666666666,0.6666666666666666,0.6666666666666666,0.3333333333333333,0.3333333333333333,0.3333333333333333,0.3333333333333333,0.3333333333333333,0.3333333333333333,0.6666666666666666,0.3333333333333333,0.6666666666666666,0.6666666666666666,0.6666666666666666,0.3333333333333333,0.3333333333333333,0.3333333333333333,0.6666666666666666,1.0,1.0,0.3333333333333333,1.0,0.6666666666666666,0.6666666666666666,0.6666666666666666,1.0,0.6666666666666666,1.0,0.6666666666666666,11,0,0,0,0,17,15,8,0.0,0.5916666666666667,0.0,0.0,0.0,0.3333333333333333,1.0,0.41666666666666663,0.5111111111111111,0.6666666666666666,0.6333333333333333,0.7999999999999999,0.0,0.5916666666666667,0.0,0.623015873015873,0.0,0.0,1,1,1,1,1,1,1,1,1,1
2017,Cambodia,KH,Asia,MER,https://www.fatf-gafi.org/content/fatf-gafi/en/publications/Mutualevaluations/Mer-cambodia-2017.html,2017-09-01,APG,1,ME,ME,LE,LE,LE,LE,LE,LE,SE,ME,LE,PC,PC,LC,LC,LC,LC,NC,PC,C,LC,LC,PC,PC,LC,C,PC,LC,PC,PC,LC,LC,PC,LC,PC,PC,PC,LC,PC,LC,LC,LC,LC,PC,PC,PC,LC,PC,PC,LC,PC,0.3333333333333333,0.3333333333333333,0.0,0.0,0.0,0.0,0.0,0.0,0.6666666666666666,0.3333333333333333,0.0,0.3333333333333333,0.3333333333333333,0.6666666666666666,0.6666666666666666,0.6666666666666666,0.6666666666666666,0.0,0.3333333333333333,1.0,0.6666666666666666,0.6666666666666666,0.3333333333333333,0.3333333333333333,0.6666666666666666,1.0,0.3333333333333333,0.6666666666666666,0.3333333333333333,0.3333333333333333,0.6666666666666666,0.6666666666666666,0.3333333333333333,0.6666666666666666,0.3333333333333333,0.3333333333333333,0.3333333333333333,0.6666666666666666,0.3333333333333333,0.6666666666666666,0.6666666666666666,0.6666666666666666,0.6666666666666666,0.3333333333333333,0.3333333333333333,0.3333333333333333,0.6666666666666666,0.3333333333333333,0.3333333333333333,0.6666666666666666,0.3333333333333333,7,3,1,0,1,19,18,2,0.15151515151515152,0.5083333333333333,0.3333333333333333,0.0,0.16666666666666666,0.3333333333333333,0.6666666666666666,0.41666666666666663,0.5777777777777777,0.3333333333333333,0.5,0.4666666666666666,0.15151515151515152,0.5083333333333333,0.16666666666666666,0.47063492063492063,0.2980625931445604,0.35413153456998314,0,0,1,0,1,1,1,1,1,0
2018,Cambodia,KH,Asia,EFUR1,https://www.fatf-gafi.org/content/fatf-gafi/en/publications/Mutualevaluations/Fur-cambodia-2018.html,2018-09-01,APG,1,ME,ME,LE,LE,LE,LE,LE,LE,SE,ME,LE,PC,PC,LC,LC,LC,LC,NC,PC,C,LC,LC,PC,PC,LC,C,PC,LC,PC,LC,LC,LC,PC,LC,PC,PC,PC,LC,PC,LC,LC,LC,LC,PC,LC,PC,LC,PC,PC,LC,PC,0.3333333333333333,0.3333333333333333,0.0,0.0,0.0,0.0,0.0,0.0,0.6666666666666666,0.3333333333333333,0.0,0.3333333333333333,0.3333333333333333,0.6666666666666666,0.6666666666666666,0.6666666666666666,0.6666666666666666,0.0,0.3333333333333333,1.0,0.6666666666666666,0.6666666666666666,0.3333333333333333,0.3333333333333333,0.6666666666666666,1.0,0.3333333333333333,0.6666666666666666,0.3333333333333333,0.6666666666666666,0.6666666666666666,0.6666666666666666,0.3333333333333333,0.6666666666666666,0.3333333333333333,0.3333333333333333,0.3333333333333333,0.6666666666666666,0.3333333333333333,0.6666666666666666,0.6666666666666666,0.6666666666666666,0.6666666666666666,0.3333333333333333,0.6666666666666666,0.3333333333333333,0.6666666666666666,0.3333333333333333,0.3333333333333333,0.6666666666666666,0.3333333333333333,7,3,1,0,1,17,20,2,0.15151515151515152,0.525,0.3333333333333333,0.0,0.16666666666666666,0.3333333333333333,0.6666666666666666,0.41666666666666663,0.6,0.3333333333333333,0.5333333333333333,0.4666666666666666,0.15151515151515152,0.525,0.16666666666666666,0.47857142857142854,0.2886002886002886,0.3482587064676617,1,1,1,0,1,1,1,1,1,1
2019,Cambodia,KH,Asia,EFUR2,https://www.fatf-gafi.org/content/fatf-gafi/en/publications/Mutualevaluations/Fur-cambodia-2019.html,2019-08-01,APG,1,ME,ME,LE,LE,LE,LE,LE,LE,SE,ME,LE,PC,LC,LC,LC,LC,LC,NC,PC,C,LC,LC,PC,PC,LC,C,PC,LC,PC,LC,LC,LC,PC,LC,PC,PC,PC,LC,PC,LC,LC,LC,LC,PC,LC,PC,LC,PC,PC,LC,PC,0.3333333333333333,0.3333333333333333,0.0,0.0,0.0,0.0,0.0,0.0,0.6666666666666666,0.3333333333333333,0.0,0.3333333333333333,0.6666666666666666,0.6666666666666666,0.6666666666666666,0.6666666666666666,0.6666666666666666,0.0,0.3333333333333333,1.0,0.6666666666666666,0.6666666666666666,0.3333333333333333,0.3333333333333333,0.6666666666666666,1.0,0.3333333333333333,0.6666666666666666,0.3333333333333333,0.6666666666666666,0.6666666666666666,0.6666666666666666,0.3333333333333333,0.6666666666666666,0.3333333333333333,0.3333333333333333,0.3333333333333333,0.6666666666666666,0.3333333333333333,0.6666666666666666,0.6666666666666666,0.6666666666666666,0.6666666666666666,0.3333333333333333,0.6666666666666666,0.3333333333333333,0.6666666666666666,0.3333333333333333,0.3333333333333333,0.6666666666666666,0.3333333333333333,7,3,1,0,1,16,21,2,0.15151515151515152,0.5333333333333333,0.3333333333333333,0.0,0.16666666666666666,0.5,0.6666666666666666,0.41666666666666663,0.6,0.3333333333333333,0.5333333333333333,0.4666666666666666,0.15151515151515152,0.5333333333333333,0.16666666666666666,0.5023809523809524,0.2840909090909091,0.33175355450236965,1,1,1,0,1,1,1,1,1,2
2021,Cambodia,KH,Asia,EFUR3,https://www.fatf-gafi.org/content/fatf-gafi/en/publications/Mutualevaluations/Fur-cambodia-2021.html,2021-07-01,APG,1,ME,ME,LE,LE,LE,LE,LE,LE,SE,ME,LE,LC,LC,LC,LC,LC,LC,PC,PC,C,LC,LC,LC,PC,LC,NC,PC,LC,PC,LC,LC,LC,PC,LC,PC,PC,PC,LC,PC,LC,LC,LC,LC,LC,LC,PC,LC,LC,LC,LC,PC,0.3333333333333333,0.3333333333333333,0.0,0.0,0.0,0.0,0.0,0.0,0.6666666666666666,0.3333333333333333,0.0,0.6666666666666666,0.6666666666666666,0.6666666666666666,0.6666666666666666,0.6666666666666666,0.6666666666666666,0.3333333333333333,0.3333333333333333,1.0,0.6666666666666666,0.6666666666666666,0.6666666666666666,0.3333333333333333,0.6666666666666666,0.0,0.3333333333333333,0.6666666666666666,0.3333333333333333,0.6666666666666666,0.6666666666666666,0.6666666666666666,0.3333333333333333,0.6666666666666666,0.3333333333333333,0.3333333333333333,0.3333333333333333,0.6666666666666666,0.3333333333333333,0.6666666666666666,0.6666666666666666,0.6666666666666666,0.6666666666666666,0.6666666666666666,0.6666666666666666,0.3333333333333333,0.6666666666666666,0.6666666666666666,0.6666666666666666,0.6666666666666666,0.3333333333333333,7,3,1,0,1,12,26,1,0.15151515151515152,0.5583333333333333,0.3333333333333333,0.0,0.16666666666666666,0.6666666666666666,0.6666666666666666,0.5,0.5555555555555556,0.3333333333333333,0.5666666666666667,0.6,0.15151515151515152,0.5583333333333333,0.16666666666666666,0.5555555555555556,0.27137042062415195,0.3,1,1,1,0,1,1,1,1,1,3
2022,Cambodia,KH,Asia,EFUR5,https://www.fatf-gafi.org/content/fatf-gafi/en/publications/Mutualevaluations/Fur-cambodia-2022.html,2022-08-01,APG,1,ME,ME,LE,LE,LE,LE,LE,LE,SE,ME,LE,LC,LC,LC,LC,LC,LC,PC,PC,C,LC,LC,LC,C,LC,NC,LC,LC,LC,LC,LC,LC,LC,LC,PC,PC,PC,LC,PC,LC,LC,LC,LC,LC,LC,LC,LC,LC,LC,LC,PC,0.3333333333333333,0.3333333333333333,0.0,0.0,0.0,0.0,0.0,0.0,0.6666666666666666,0.3333333333333333,0.0,0.6666666666666666,0.6666666666666666,0.6666666666666666,0.6666666666666666,0.6666666666666666,0.6666666666666666,0.3333333333333333,0.3333333333333333,1.0,0.6666666666666666,0.6666666666666666,0.6666666666666666,1.0,0.6666666666666666,0.0,0.6666666666666666,0.6666666666666666,0.6666666666666666,0.6666666666666666,0.6666666666666666,0.6666666666666666,0.6666666666666666,0.6666666666666666,0.3333333333333333,0.3333333333333333,0.3333333333333333,0.6666666666666666,0.3333333333333333,0.6666666666666666,0.6666666666666666,0.6666666666666666,0.6666666666666666,0.6666666666666666,0.6666666666666666,0.6666666666666666,0.6666666666666666,0.6666666666666666,0.6666666666666666,0.6666666666666666,0.3333333333333333,7,3,1,0,1,7,30,2,0.15151515151515152,0.6083333333333333,0.3333333333333333,0.0,0.16666666666666666,0.6666666666666666,0.6666666666666666,0.5,0.6666666666666666,0.3333333333333333,0.6,0.6,0.15151515151515152,0.6083333333333333,0.16666666666666666,0.5761904761904761,0.24906600249066005,0.2892561983471075,1,1,1,0,1,1,1,1,1,5
2023,Cambodia,KH,Asia,EFUR6,https://www.fatf-gafi.org/content/fatf-gafi/en/publications/Mutualevaluations/fur-cambodia-2023.html,2023-10-01,APG,1,ME,ME,LE,LE,LE,LE,LE,LE,SE,ME,LE,LC,LC,LC,LC,LC,LC,LC,PC,C,LC,LC,LC,C,LC,NC,LC,LC,LC,LC,LC,LC,LC,LC,PC,PC,PC,LC,PC,LC,LC,LC,LC,LC,LC,LC,LC,LC,LC,LC,PC,0.3333333333333333,0.3333333333333333,0.0,0.0,0.0,0.0,0.0,0.0,0.6666666666666666,0.3333333333333333,0.0,0.6666666666666666,0.6666666666666666,0.6666666666666666,0.6666666666666666,0.6666666666666666,0.6666666666666666,0.6666666666666666,0.3333333333333333,1.0,0.6666666666666666,0.6666666666666666,0.6666666666666666,1.0,0.6666666666666666,0.0,0.6666666666666666,0.6666666666666666,0.6666666666666666,0.6666666666666666,0.6666666666666666,0.6666666666666666,0.6666666666666666,0.6666666666666666,0.3333333333333333,0.3333333333333333,0.3333333333333333,0.6666666666666666,0.3333333333333333,0.6666666666666666,0.6666666666666666,0.6666666666666666,0.6666666666666666,0.6666666666666666,0.6666666666666666,0.6666666666666666,0.6666666666666666,0.6666666666666666,0.6666666666666666,0.6666666666666666,0.3333333333333333,7,3,1,0,1,6,31,2,0.15151515151515152,0.6166666666666666,0.3333333333333333,0.0,0.16666666666666666,0.6666666666666666,0.6666666666666666,0.5833333333333333,0.6666666666666666,0.3333333333333333,0.6,0.6,0.15151515151515152,0.6166666666666666,0.16666666666666666,0.588095238095238,0.24570024570024573,0.2834008097165992,1,1,0,0,1,1,0,1,1,6
2022,Cameroon,CM,Africa,MER,https://www.fatf-gafi.org/content/fatf-gafi/en/publications/Mutualevaluations/Mer-cameroon-2022.html,2022-03-01,GABAC,1,LE,LE,LE,LE,LE,ME,LE,LE,ME,LE,LE,PC,PC,LC,PC,LC,NC,NC,NC,C,PC,LC,PC,LC,NC,NC,PC,LC,LC,PC,PC,C,PC,PC,NC,LC,PC,LC,NC,LC,C,C,PC,NC,PC,LC,LC,LC,PC,C,LC,0.0,0.0,0.0,0.0,0.0,0.3333333333333333,0.0,0.0,0.3333333333333333,0.0,0.0,0.3333333333333333,0.3333333333333333,0.6666666666666666,0.3333333333333333,0.6666666666666666,0.0,0.0,0.0,1.0,0.3333333333333333,0.6666666666666666,0.3333333333333333,0.6666666666666666,0.0,0.0,0.3333333333333333,0.6666666666666666,0.6666666666666666,0.3333333333333333,0.3333333333333333,1.0,0.3333333333333333,0.3333333333333333,0.0,0.6666666666666666,0.3333333333333333,0.6666666666666666,0.0,0.6666666666666666,1.0,1.0,0.3333333333333333,0.0,0.3333333333333333,0.6666666666666666,0.6666666666666666,0.6666666666666666,0.3333333333333333,1.0,0.6666666666666666,9,2,0,0,8,14,13,5,0.0606060606060606,0.4583333333333333,0.0,0.0,0.1111111111111111,0.3333333333333333,0.5,0.16666666666666666,0.4666666666666667,0.3333333333333333,0.5,0.6666666666666666,0.0606060606060606,0.4583333333333333,0.037037037037037035,0.4238095238095238,0.1322314049586777,0.08739076154806491,0,0,1,1,1,1,1,1,1,0
2024,Cameroon,CM,Africa,EFUR1,https://www.fatf-gafi.org/content/fatf-gafi/en/publications/Mutualevaluations/Cameroun-fur-2024.html,2024-11-01,GABAC,1,LE,LE,LE,LE,LE,ME,LE,LE,ME,LE,LE,PC,C,LC,PC,LC,NC,NC,NC,C,LC,LC,LC,LC,LC,PC,LC,LC,LC,PC,LC,C,PC,PC,LC,LC,PC,LC,NC,LC,C,C,LC,NC,PC,LC,LC,LC,PC,C,LC,0.0,0.0,0.0,0.0,0.0,0.3333333333333333,0.0,0.0,0.3333333333333333,0.0,0.0,0.3333333333333333,1.0,0.6666666666666666,0.3333333333333333,0.6666666666666666,0.0,0.0,0.0,1.0,0.6666666666666666,0.6666666666666666,0.6666666666666666,0.6666666666666666,0.6666666666666666,0.3333333333333333,0.6666666666666666,0.6666666666666666,0.6666666666666666,0.3333333333333333,0.6666666666666666,1.0,0.3333333333333333,0.3333333333333333,0.6666666666666666,0.6666666666666666,0.3333333333333333,0.6666666666666666,0.0,0.6666666666666666,1.0,1.0,0.6666666666666666,0.0,0.3333333333333333,0.6666666666666666,0.6666666666666666,0.6666666666666666,0.3333333333333333,1.0,0.6666666666666666,9,2,0,0,5,9,20,6,0.0606060606060606,0.5583333333333333,0.0,0.0,0.1111111111111111,0.6666666666666666,0.5,0.16666666666666666,0.6222222222222222,0.6666666666666666,0.5333333333333333,0.6666666666666666,0.0606060606060606,0.5583333333333333,0.037037037037037035,0.546031746031746,0.10854816824966078,0.0678294573643411,1,1,1,0,1,1,1,1,1,1
2016,Canada,CA,North America,MER,https://www.fatf-gafi.org/content/fatf-gafi/en/publications/Mutualevaluations/Mer-canada-2016.html,2016-09-01,FATF/IMF/APG,1,SE,SE,SE,ME,LE,ME,ME,ME,SE,SE,ME,LC,C,C,LC,LC,LC,LC,C,C,LC,LC,NC,LC,C,NC,PC,PC,LC,C,PC,LC,NC,NC,PC,NC,LC,C,PC,PC,C,LC,LC,C,LC,LC,C,LC,LC,C,LC,0.6666666666666666,0.6666666666666666,0.6666666666666666,0.3333333333333333,0.0,0.3333333333333333,0.3333333333333333,0.3333333333333333,0.6666666666666666,0.6666666666666666,0.3333333333333333,0.6666666666666666,1.0,1.0,0.6666666666666666,0.6666666666666666,0.6666666666666666,0.6666666666666666,1.0,1.0,0.6666666666666666,0.6666666666666666,0.0,0.6666666666666666,1.0,0.0,0.3333333333333333,0.3333333333333333,0.6666666666666666,1.0,0.3333333333333333,0.6666666666666666,0.0,0.0,0.3333333333333333,0.0,0.6666666666666666,1.0,0.3333333333333333,0.3333333333333333,1.0,0.6666666666666666,0.6666666666666666,1.0,0.6666666666666666,0.6666666666666666,1.0,0.6666666666666666,0.6666666666666666,1.0,0.6666666666666666,1,5,5,0,5,6,18,11,0.45454545454545453,0.625,0.6666666666666666,0.3333333333333333,0.4444444444444444,0.8333333333333333,0.8333333333333333,0.75,0.4888888888888889,0.16666666666666666,0.7,0.7999999999999999,0.45454545454545453,0.625,0.48148148148148145,0.6531746031746032,0.7272727272727273,0.7371405427298501,0,0,1,1,0,0,1,0,1,0
2021,Canada,CA,North America,EFUR4,https://www.fatf-gafi.org/content/fatf-gafi/en/publications/Mutualevaluations/Fur-canada-2021.html,2021-10-01,FATF,1,SE,SE,SE,ME,LE,ME,ME,ME,SE,SE,ME,LC,C,C,LC,LC,LC,LC,PC,C,LC,LC,LC,LC,C,LC,LC,C,LC,C,LC,LC,PC,LC,PC,NC,LC,C,PC,PC,C,LC,LC,C,LC,LC,C,LC,LC,C,LC,0.6666666666666666,0.6666666666666666,0.6666666666666666,0.3333333333333333,0.0,0.3333333333333333,0.3333333333333333,0.3333333333333333,0.6666666666666666,0.6666666666666666,0.3333333333333333,0.6666666666666666,1.0,1.0,0.6666666666666666,0.6666666666666666,0.6666666666666666,0.6666666666666666,0.3333333333333333,1.0,0.6666666666666666,0.6666666666666666,0.6666666666666666,0.6666666666666666,1.0,0.6666666666666666,0.6666666666666666,1.0,0.6666666666666666,1.0,0.6666666666666666,0.6666666666666666,0.3333333333333333,0.6666666666666666,0.3333333333333333,0.0,0.6666666666666666,1.0,0.3333333333333333,0.3333333333333333,1.0,0.6666666666666666,0.6666666666666666,1.0,0.6666666666666666,0.6666666666666666,1.0,0.6666666666666666,0.6666666666666666,1.0,0.6666666666666666,1,5,5,0,1,5,23,11,0.45454545454545453,0.7,0.6666666666666666,0.3333333333333333,0.4444444444444444,0.8333333333333333,0.8333333333333333,0.5833333333333333,0.7333333333333333,0.16666666666666666,0.7,0.7999999999999999,0.45454545454545453,0.7,0.48148148148148145,0.6642857142857143,0.6493506493506493,0.724810832337714,1,1,0,0,0,0,0,0,0,4
2019,Cayman Islands,KY,North America,MER,https://www.fatf-gafi.org/content/fatf-gafi/en/publications/Mutualevaluations/Mer-cayman-islands-2019.html,2019-03-01,CFATF,1,ME,ME,LE,LE,ME,LE,LE,ME,LE,ME,ME,PC,PC,C,LC,C,LC,LC,LC,C,LC,C,C,C,LC,LC,LC,LC,C,PC,C,LC,PC,PC,PC,PC,PC,C,PC,PC,LC,LC,PC,C,PC,PC,LC,C,LC,C,LC,0.3333333333333333,0.3333333333333333,0.0,0.0,0.3333333333333333,0.0,0.0,0.3333333333333333,0.0,0.3333333333333333,0.3333333333333333,0.3333333333333333,0.3333333333333333,1.0,0.6666666666666666,1.0,0.6666666666666666,0.6666666666666666,0.6666666666666666,1.0,0.6666666666666666,1.0,1.0,1.0,0.6666666666666666,0.6666666666666666,0.6666666666666666,0.6666666666666666,1.0,0.3333333333333333,1.0,0.6666666666666666,0.3333333333333333,0.3333333333333333,0.3333333333333333,0.3333333333333333,0.3333333333333333,1.0,0.3333333333333333,0.3333333333333333,0.6666666666666666,0.6666666666666666,0.3333333333333333,1.0,0.3333333333333333,0.3333333333333333,0.6666666666666666,1.0,0.6666666666666666,1.0,0.6666666666666666,5,6,0,0,0,13,15,12,0.1818181818181818,0.6583333333333333,0.3333333333333333,0.1111111111111111,0.16666666666666666,0.3333333333333333,0.8333333333333333,0.75,0.7333333333333333,0.3333333333333333,0.5333333333333333,0.7999999999999999,0.1818181818181818,0.6583333333333333,0.2037037037037037,0.6166666666666666,0.2761795166858458,0.3303303303303304,0,0,1,0,1,1,1,1,1,0
2021,Cayman Islands,KY,North America,EFUR2,https://www.fatf-gafi.org/content/fatf-gafi/en/publications/Mutualevaluations/Fur-cayman-islands-2021.html,2021-02-01,CFATF,1,ME,ME,LE,LE,ME,LE,LE,ME,LE,ME,ME,LC,C,C,LC,C,LC,LC,LC,C,LC,C,C,C,LC,PC,LC,LC,C,C,C,C,C,C,LC,LC,C,C,C,LC,LC,LC,C,C,C,C,LC,C,LC,C,LC,0.3333333333333333,0.3333333333333333,0.0,0.0,0.3333333333333333,0.0,0.0,0.3333333333333333,0.0,0.3333333333333333,0.3333333333333333,0.6666666666666666,1.0,1.0,0.6666666666666666,1.0,0.6666666666666666,0.6666666666666666,0.6666666666666666,1.0,0.6666666666666666,1.0,1.0,1.0,0.6666666666666666,0.3333333333333333,0.6666666666666666,0.6666666666666666,1.0,1.0,1.0,1.0,1.0,1.0,0.6666666666666666,0.6666666666666666,1.0,1.0,1.0,0.6666666666666666,0.6666666666666666,0.6666666666666666,1.0,1.0,1.0,1.0,0.6666666666666666,1.0,0.6666666666666666,1.0,0.6666666666666666,5,6,0,0,0,1,17,22,0.1818181818181818,0.8416666666666667,0.3333333333333333,0.1111111111111111,0.16666666666666666,0.8333333333333333,0.8333333333333333,0.75,0.8666666666666667,0.6666666666666666,0.9,0.7999999999999999,0.1818181818181818,0.8416666666666667,0.2037037037037037,0.8071428571428572,0.216021602160216,0.2523762700753851,1,1,0,0,1,1,0,1,1,2
2021,Cayman Islands,KY,North America,EFUR3,https://www.fatf-gafi.org/content/fatf-gafi/en/publications/Mutualevaluations/Fur-cayman-2021.html,2021-10-01,CFATF,1,ME,ME,LE,LE,ME,LE,LE,ME,LE,ME,ME,LC,C,C,LC,C,LC,LC,LC,C,LC,C,C,C,LC,LC,LC,LC,C,C,C,C,C,C,LC,LC,C,C,C,LC,LC,LC,C,C,C,C,LC,C,LC,C,LC,0.3333333333333333,0.3333333333333333,0.0,0.0,0.3333333333333333,0.0,0.0,0.3333333333333333,0.0,0.3333333333333333,0.3333333333333333,0.6666666666666666,1.0,1.0,0.6666666666666666,1.0,0.6666666666666666,0.6666666666666666,0.6666666666666666,1.0,0.6666666666666666,1.0,1.0,1.0,0.6666666666666666,0.6666666666666666,0.6666666666666666,0.6666666666666666,1.0,1.0,1.0,1.0,1.0,1.0,0.6666666666666666,0.6666666666666666,1.0,1.0,1.0,0.6666666666666666,0.6666666666666666,0.6666666666666666,1.0,1.0,1.0,1.0,0.6666666666666666,1.0,0.6666666666666666,1.0,0.6666666666666666,5,6,0,0,0,0,18,22,0.1818181818181818,0.85,0.3333333333333333,0.1111111111111111,0.16666666666666666,0.8333333333333333,0.8333333333333333,0.75,0.8888888888888888,0.6666666666666666,0.9,0.7999999999999999,0.1818181818181818,0.85,0.2037037037037037,0.8103174603174603,0.213903743315508,0.2513875285667646,1,1,0,0,1,1,0,1,1,3
2023,Central African Republic,CF,Africa,MER,https://www.fatf-gafi.org/en/publications/Mutualevaluations/CAR-MER-2023.html,2023-11-01,GABAC,1,LE,LE,LE,LE,LE,LE,LE,LE,LE,LE,LE,NC,PC,LC,PC,LC,NC,NC,NC,LC,PC,LC,PC,LC,NC,NC,PC,LC,LC,PC,PC,C,PC,PC,NC,PC,PC,LC,NC,PC,C,C,PC,NC,PC,PC,LC,LC,PC,LC,PC,0.0,0.0,0.0,0.0,0.0,0.0,0.0,0.0,0.0,0.0,0.0,0.0,0.3333333333333333,0.6666666666666666,0.3333333333333333,0.6666666666666666,0.0,0.0,0.0,0.6666666666666666,0.3333333333333333,0.6666666666666666,0.3333333333333333,0.6666666666666666,0.0,0.0,0.3333333333333333,0.6666666666666666,0.6666666666666666,0.3333333333333333,0.3333333333333333,1.0,0.3333333333333333,0.3333333333333333,0.0,0.3333333333333333,0.3333333333333333,0.6666666666666666,0.0,0.3333333333333333,1.0,1.0,0.3333333333333333,0.0,0.3333333333333333,0.3333333333333333,0.6666666666666666,0.6666666666666666,0.3333333333333333,0.6666666666666666,0.3333333333333333,11,0,0,0,9,17,11,3,0.0,0.39999999999999997,0.0,0.0,0.0,0.16666666666666666,0.5,0.16666666666666666,0.4444444444444444,0.16666666666666666,0.43333333333333335,0.5333333333333333,0.0,0.39999999999999997,0.0,0.34444444444444444,0.0,0.0,0,0,1,1,1,1,1,1,1,0
2023,Chad,TD,Africa,MER,https://www.fatf-gafi.org/content/fatf-gafi/en/publications/Mutualevaluations/Mer-Chad-2023.html,2023-07-01,GABAC,1,LE,LE,LE,LE,LE,LE,LE,LE,LE,LE,LE,NC,NC,C,PC,LC,NC,NC,NC,PC,PC,LC,PC,LC,PC,NC,PC,LC,PC,PC,PC,C,PC,PC,NC,PC,PC,LC,NC,LC,LC,C,PC,NC,PC,PC,LC,LC,PC,C,LC,0.0,0.0,0.0,0.0,0.0,0.0,0.0,0.0,0.0,0.0,0.0,0.0,0.0,1.0,0.3333333333333333,0.6666666666666666,0.0,0.0,0.0,0.3333333333333333,0.3333333333333333,0.6666666666666666,0.3333333333333333,0.6666666666666666,0.3333333333333333,0.0,0.3333333333333333,0.6666666666666666,0.3333333333333333,0.3333333333333333,0.3333333333333333,1.0,0.3333333333333333,0.3333333333333333,0.0,0.3333333333333333,0.3333333333333333,0.6666666666666666,0.0,0.6666666666666666,0.6666666666666666,1.0,0.3333333333333333,0.0,0.3333333333333333,0.3333333333333333,0.6666666666666666,0.6666666666666666,0.3333333333333333,1.0,0.6666666666666666,11,0,0,0,9,17,10,4,0.0,0.4083333333333333,0.0,0.0,0.0,0.0,0.6666666666666666,0.16666666666666666,0.4222222222222222,0.16666666666666666,0.4333333333333333,0.6666666666666666,0.0,0.4083333333333333,0.0,0.3603174603174603,0.0,0.0,0,0,1,1,1,1,1,1,1,0
2021,Chile,CL,South America,MER,https://www.fatf-gafi.org/content/fatf-gafi/en/publications/Mutualevaluations/Mer-chile-2021.html,2021-09-01,GAFILAT,1,SE,SE,ME,ME,LE,SE,ME,ME,ME,ME,ME,LC,C,LC,LC,PC,PC,PC,PC,C,LC,LC,LC,LC,C,PC,LC,NA,LC,C,LC,C,PC,PC,PC,LC,LC,C,PC,C,C,C,LC,C,LC,LC,LC,C,C,LC,LC,0.6666666666666666,0.6666666666666666,0.3333333333333333,0.3333333333333333,0.0,0.6666666666666666,0.3333333333333333,0.3333333333333333,0.3333333333333333,0.3333333333333333,0.3333333333333333,0.6666666666666666,1.0,0.6666666666666666,0.6666666666666666,0.3333333333333333,0.3333333333333333,0.3333333333333333,0.3333333333333333,1.0,0.6666666666666666,0.6666666666666666,0.6666666666666666,0.6666666666666666,1.0,0.3333333333333333,0.6666666666666666,0.6923076923076923,0.6666666666666666,1.0,0.6666666666666666,1.0,0.3333333333333333,0.3333333333333333,0.3333333333333333,0.6666666666666666,0.6666666666666666,1.0,0.3333333333333333,1.0,1.0,1.0,0.6666666666666666,1.0,0.6666666666666666,0.6666666666666666,0.6666666666666666,1.0,1.0,0.6666666666666666,0.6666666666666666,1,7,3,0,0,9,18,12,0.3939393939393939,0.6923076923076923,0.6666666666666666,0.2222222222222222,0.38888888888888884,0.8333333333333333,0.6666666666666666,0.3333333333333333,0.6905982905982906,0.5,0.7999999999999999,0.7999999999999999,0.3939393939393939,0.6923076923076923,0.4259259259259259,0.6605616605616605,0.569023569023569,0.6447935921133703,0,0,1,1,1,0,1,1,1,0
2019,China,CN,Asia,MER,https://www.fatf-gafi.org/content/fatf-gafi/en/publications/Mutualevaluations/Mer-china-2019.html,2019-04-01,FATF/IMF/APG/EAG,1,SE,ME,ME,LE,LE,ME,ME,SE,SE,LE,LE,LC,C,PC,C,LC,PC,NC,PC,C,LC,C,PC,LC,LC,PC,PC,LC,PC,C,LC,LC,NC,NC,NC,NC,PC,LC,NC,PC,C,C,LC,LC,PC,PC,LC,LC,PC,LC,LC,0.6666666666666666,0.3333333333333333,0.3333333333333333,0.0,0.0,0.3333333333333333,0.3333333333333333,0.6666666666666666,0.6666666666666666,0.0,0.0,0.6666666666666666,1.0,0.3333333333333333,1.0,0.6666666666666666,0.3333333333333333,0.0,0.3333333333333333,1.0,0.6666666666666666,1.0,0.3333333333333333,0.6666666666666666,0.6666666666666666,0.3333333333333333,0.3333333333333333,0.6666666666666666,0.3333333333333333,1.0,0.6666666666666666,0.6666666666666666,0.0,0.0,0.0,0.0,0.3333333333333333,0.6666666666666666,0.0,0.3333333333333333,1.0,1.0,0.6666666666666666,0.6666666666666666,0.3333333333333333,0.3333333333333333,0.6666666666666666,0.6666666666666666,0.3333333333333333,0.6666666666666666,0.6666666666666666,4,4,3,0,6,12,15,7,0.30303030303030304,0.525,0.5,0.1111111111111111,0.3333333333333333,0.8333333333333333,0.6666666666666666,0.3333333333333333,0.5555555555555556,0.0,0.5333333333333333,0.6,0.30303030303030304,0.525,0.3148148148148148,0.5031746031746032,0.5772005772005772,0.6256572029442692,0,0,1,1,1,1,1,1,1,0
2020,China,CN,Asia,EFUR1,https://www.fatf-gafi.org/content/fatf-gafi/en/publications/Mutualevaluations/Fur-china-2020.html,2020-09-01,FATF,1,SE,ME,ME,LE,LE,ME,ME,SE,SE,LE,LE,LC,C,PC,C,LC,PC,NC,PC,C,LC,C,PC,LC,LC,LC,PC,LC,PC,C,LC,LC,NC,NC,NC,NC,LC,LC,NC,PC,C,C,LC,LC,LC,PC,LC,LC,PC,LC,LC,0.6666666666666666,0.3333333333333333,0.3333333333333333,0.0,0.0,0.3333333333333333,0.3333333333333333,0.6666666666666666,0.6666666666666666,0.0,0.0,0.6666666666666666,1.0,0.3333333333333333,1.0,0.6666666666666666,0.3333333333333333,0.0,0.3333333333333333,1.0,0.6666666666666666,1.0,0.3333333333333333,0.6666666666666666,0.6666666666666666,0.6666666666666666,0.3333333333333333,0.6666666666666666,0.3333333333333333,1.0,0.6666666666666666,0.6666666666666666,0.0,0.0,0.0,0.0,0.6666666666666666,0.6666666666666666,0.0,0.3333333333333333,1.0,1.0,0.6666666666666666,0.6666666666666666,0.6666666666666666,0.3333333333333333,0.6666666666666666,0.6666666666666666,0.3333333333333333,0.6666666666666666,0.6666666666666666,4,4,3,0,6,9,18,7,0.30303030303030304,0.5499999999999999,0.5,0.1111111111111111,0.3333333333333333,0.8333333333333333,0.6666666666666666,0.3333333333333333,0.5777777777777777,0.0,0.6,0.6,0.30303030303030304,0.5499999999999999,0.3148148148148148,0.5158730158730158,0.5509641873278238,0.6102564102564103,1,1,1,1,1,1,1,1,1,1
2021,China,CN,Asia,EFUR2,https://www.fatf-gafi.org/content/fatf-gafi/en/publications/Mutualevaluations/Fur-china-2021.html,2021-10-01,FATF,1,SE,ME,ME,LE,LE,ME,ME,SE,SE,LE,LE,LC,C,LC,C,LC,PC,NC,LC,C,LC,C,PC,LC,LC,LC,LC,LC,C,C,LC,LC,NC,NC,NC,NC,LC,LC,NC,LC,C,C,LC,LC,LC,PC,LC,LC,C,LC,LC,0.6666666666666666,0.3333333333333333,0.3333333333333333,0.0,0.0,0.3333333333333333,0.3333333333333333,0.6666666666666666,0.6666666666666666,0.0,0.0,0.6666666666666666,1.0,0.6666666666666666,1.0,0.6666666666666666,0.3333333333333333,0.0,0.6666666666666666,1.0,0.6666666666666666,1.0,0.3333333333333333,0.6666666666666666,0.6666666666666666,0.6666666666666666,0.6666666666666666,0.6666666666666666,1.0,1.0,0.6666666666666666,0.6666666666666666,0.0,0.0,0.0,0.0,0.6666666666666666,0.6666666666666666,0.0,0.6666666666666666,1.0,1.0,0.6666666666666666,0.6666666666666666,0.6666666666666666,0.3333333333333333,0.6666666666666666,0.6666666666666666,1.0,0.6666666666666666,0.6666666666666666,4,4,3,0,6,3,22,9,0.30303030303030304,0.6166666666666667,0.5,0.1111111111111111,0.3333333333333333,0.8333333333333333,0.8333333333333333,0.41666666666666663,0.6444444444444444,0.0,0.6333333333333333,0.7333333333333333,0.30303030303030304,0.6166666666666667,0.3148148148148148,0.5849206349206348,0.4914004914004914,0.5382180009045682,1,1,1,0,1,1,1,1,1,2
2022,China,CN,Asia,EFUR3,https://www.fatf-gafi.org/content/fatf-gafi/en/publications/Mutualevaluations/Fur-china-2022.html,2022-11-01,FATF,1,SE,ME,ME,LE,LE,ME,ME,SE,SE,LE,LE,LC,C,LC,C,LC,PC,PC,LC,C,LC,C,PC,LC,LC,LC,LC,LC,C,C,LC,LC,NC,NC,PC,NC,LC,LC,NC,LC,C,C,LC,LC,LC,PC,LC,LC,C,LC,LC,0.6666666666666666,0.3333333333333333,0.3333333333333333,0.0,0.0,0.3333333333333333,0.3333333333333333,0.6666666666666666,0.6666666666666666,0.0,0.0,0.6666666666666666,1.0,0.6666666666666666,1.0,0.6666666666666666,0.3333333333333333,0.3333333333333333,0.6666666666666666,1.0,0.6666666666666666,1.0,0.3333333333333333,0.6666666666666666,0.6666666666666666,0.6666666666666666,0.6666666666666666,0.6666666666666666,1.0,1.0,0.6666666666666666,0.6666666666666666,0.0,0.0,0.3333333333333333,0.0,0.6666666666666666,0.6666666666666666,0.0,0.6666666666666666,1.0,1.0,0.6666666666666666,0.6666666666666666,0.6666666666666666,0.3333333333333333,0.6666666666666666,0.6666666666666666,1.0,0.6666666666666666,0.6666666666666666,4,4,3,0,4,5,22,9,0.30303030303030304,0.6333333333333333,0.5,0.1111111111111111,0.3333333333333333,0.8333333333333333,0.8333333333333333,0.5,0.6444444444444444,0.16666666666666666,0.6333333333333333,0.7333333333333333,0.30303030303030304,0.6333333333333333,0.3148148148148148,0.6206349206349205,0.47846889952153115,0.5072463768115943,1,1,1,0,1,1,1,1,1,3
2018,Colombia,CO,South America,MER,https://www.fatf-gafi.org/content/fatf-gafi/en/publications/Mutualevaluations/Mer-colombia-2018.html,2018-11-01,GAFILAT,1,SE,SE,ME,ME,ME,SE,LE,SE,LE,ME,LE,LC,LC,LC,C,LC,PC,NC,PC,C,PC,C,PC,PC,C,PC,PC,NA,C,PC,LC,C,PC,PC,PC,LC,LC,LC,PC,LC,C,C,LC,PC,PC,PC,LC,LC,C,LC,LC,0.6666666666666666,0.6666666666666666,0.3333333333333333,0.3333333333333333,0.3333333333333333,0.6666666666666666,0.0,0.6666666666666666,0.0,0.3333333333333333,0.0,0.6666666666666666,0.6666666666666666,0.6666666666666666,1.0,0.6666666666666666,0.3333333333333333,0.0,0.3333333333333333,1.0,0.3333333333333333,1.0,0.3333333333333333,0.3333333333333333,1.0,0.3333333333333333,0.3333333333333333,0.5982905982905983,1.0,0.3333333333333333,0.6666666666666666,1.0,0.3333333333333333,0.3333333333333333,0.3333333333333333,0.6666666666666666,0.6666666666666666,0.6666666666666666,0.3333333333333333,0.6666666666666666,1.0,1.0,0.6666666666666666,0.3333333333333333,0.3333333333333333,0.3333333333333333,0.6666666666666666,0.6666666666666666,1.0,0.6666666666666666,0.6666666666666666,3,4,4,0,1,15,14,9,0.3636363636363636,0.5982905982905983,0.6666666666666666,0.3333333333333333,0.2777777777777778,0.6666666666666666,0.8333333333333333,0.3333333333333333,0.5954415954415955,0.5,0.6,0.7333333333333333,0.3636363636363636,0.5982905982905983,0.42592592592592593,0.6088726088726089,0.6077922077922078,0.6995320855614974,0,0,1,1,1,0,1,1,1,0
2022,Colombia,CO,South America,EFUR6,https://www.fatf-gafi.org/content/fatf-gafi/en/publications/Mutualevaluations/Fur-colombia-2022.html,2022-01-01,GAFILAT,1,SE,SE,ME,ME,ME,SE,LE,SE,LE,ME,LE,LC,LC,LC,C,LC,PC,NC,PC,C,PC,C,PC,C,C,PC,C,NA,C,C,LC,C,PC,PC,PC,LC,LC,LC,PC,LC,C,C,LC,C,C,PC,LC,LC,C,LC,LC,0.6666666666666666,0.6666666666666666,0.3333333333333333,0.3333333333333333,0.3333333333333333,0.6666666666666666,0.0,0.6666666666666666,0.0,0.3333333333333333,0.0,0.6666666666666666,0.6666666666666666,0.6666666666666666,1.0,0.6666666666666666,0.3333333333333333,0.0,0.3333333333333333,1.0,0.3333333333333333,1.0,0.3333333333333333,1.0,1.0,0.3333333333333333,1.0,0.6837606837606838,1.0,1.0,0.6666666666666666,1.0,0.3333333333333333,0.3333333333333333,0.3333333333333333,0.6666666666666666,0.6666666666666666,0.6666666666666666,0.3333333333333333,0.6666666666666666,1.0,1.0,0.6666666666666666,1.0,1.0,0.3333333333333333,0.6666666666666666,0.6666666666666666,1.0,0.6666666666666666,0.6666666666666666,3,4,4,0,1,10,14,14,0.3636363636363636,0.6837606837606838,0.6666666666666666,0.3333333333333333,0.2777777777777778,0.6666666666666666,0.8333333333333333,0.3333333333333333,0.7344729344729345,0.5,0.7333333333333333,0.7333333333333333,0.3636363636363636,0.6837606837606838,0.42592592592592593,0.6477818477818478,0.5318181818181817,0.6575144508670521,1,1,1,1,1,0,1,1,1,6
2023,Colombia,CO,South America,EFUR7,https://www.fatf-gafi.org/content/fatf-gafi/en/publications/Mutualevaluations/FUR-Colombia-2023.html,2023-01-01,GAFILAT,1,SE,SE,ME,ME,ME,SE,LE,SE,LE,ME,LE,LC,LC,LC,C,LC,PC,NC,PC,C,LC,C,LC,C,C,PC,C,NA,C,C,LC,C,PC,PC,PC,LC,LC,LC,PC,LC,C,C,LC,C,C,PC,LC,LC,C,LC,LC,0.6666666666666666,0.6666666666666666,0.3333333333333333,0.3333333333333333,0.3333333333333333,0.6666666666666666,0.0,0.6666666666666666,0.0,0.3333333333333333,0.0,0.6666666666666666,0.6666666666666666,0.6666666666666666,1.0,0.6666666666666666,0.3333333333333333,0.0,0.3333333333333333,1.0,0.6666666666666666,1.0,0.6666666666666666,1.0,1.0,0.3333333333333333,1.0,0.7008547008547008,1.0,1.0,0.6666666666666666,1.0,0.3333333333333333,0.3333333333333333,0.3333333333333333,0.6666666666666666,0.6666666666666666,0.6666666666666666,0.3333333333333333,0.6666666666666666,1.0,1.0,0.6666666666666666,1.0,1.0,0.3333333333333333,0.6666666666666666,0.6666666666666666,1.0,0.6666666666666666,0.6666666666666666,3,4,4,0,1,8,16,14,0.3636363636363636,0.7008547008547008,0.6666666666666666,0.3333333333333333,0.2777777777777778,0.6666666666666666,0.8333333333333333,0.3333333333333333,0.7800569800569801,0.5,0.7333333333333333,0.7333333333333333,0.3636363636363636,0.7008547008547008,0.42592592592592593,0.6542938542938542,0.5188470066518847,0.650970390644439,1,1,1,0,1,0,1,1,1,7
2024,Comoros,KM,Africa,MER,https://www.fatf-gafi.org/content/fatf-gafi/en/publications/Mutualevaluations/comoros-mer-2024.html,2024-05-01,GIABA,1,LE,LE,LE,LE,LE,LE,LE,LE,LE,LE,LE,PC,PC,C,LC,C,PC,PC,NC,C,PC,C,C,C,LC,NC,LC,PC,C,LC,C,C,PC,LC,PC,LC,PC,LC,NC,PC,C,C,LC,LC,PC,PC,LC,LC,PC,LC,PC,0.0,0.0,0.0,0.0,0.0,0.0,0.0,0.0,0.0,0.0,0.0,0.3333333333333333,0.3333333333333333,1.0,0.6666666666666666,1.0,0.3333333333333333,0.3333333333333333,0.0,1.0,0.3333333333333333,1.0,1.0,1.0,0.6666666666666666,0.0,0.6666666666666666,0.3333333333333333,1.0,0.6666666666666666,1.0,1.0,0.3333333333333333,0.6666666666666666,0.3333333333333333,0.6666666666666666,0.3333333333333333,0.6666666666666666,0.0,0.3333333333333333,1.0,1.0,0.6666666666666666,0.6666666666666666,0.3333333333333333,0.3333333333333333,0.6666666666666666,0.6666666666666666,0.3333333333333333,0.6666666666666666,0.3333333333333333,11,0,0,0,3,14,12,11,0.0,0.5916666666666667,0.0,0.0,0.0,0.3333333333333333,0.8333333333333333,0.41666666666666663,0.7111111111111111,0.5,0.5333333333333333,0.5333333333333333,0.0,0.5916666666666667,0.0,0.5515873015873016,0.0,0.0,0,0,1,1,1,1,1,1,1,0
2022,Republic of the Congo,CG,Africa,MER,https://www.fatf-gafi.org/content/fatf-gafi/en/publications/Mutualevaluations/Mer-congo-2022.html,2022-09-01,GABAC,1,LE,LE,LE,LE,LE,LE,LE,LE,LE,LE,LE,PC,LC,PC,PC,LC,NC,NC,NC,LC,PC,LC,PC,LC,PC,NC,PC,LC,LC,PC,PC,C,PC,PC,PC,PC,PC,LC,NC,LC,PC,C,LC,NC,PC,PC,PC,PC,PC,LC,LC,0.0,0.0,0.0,0.0,0.0,0.0,0.0,0.0,0.0,0.0,0.0,0.3333333333333333,0.6666666666666666,0.3333333333333333,0.3333333333333333,0.6666666666666666,0.0,0.0,0.0,0.6666666666666666,0.3333333333333333,0.6666666666666666,0.3333333333333333,0.6666666666666666,0.3333333333333333,0.0,0.3333333333333333,0.6666666666666666,0.6666666666666666,0.3333333333333333,0.3333333333333333,1.0,0.3333333333333333,0.3333333333333333,0.3333333333333333,0.3333333333333333,0.3333333333333333,0.6666666666666666,0.0,0.6666666666666666,0.3333333333333333,1.0,0.6666666666666666,0.0,0.3333333333333333,0.3333333333333333,0.3333333333333333,0.3333333333333333,0.3333333333333333,0.6666666666666666,0.6666666666666666,11,0,0,0,6,20,12,2,0.0,0.41666666666666663,0.0,0.0,0.0,0.5,0.3333333333333333,0.16666666666666666,0.4666666666666666,0.3333333333333333,0.4333333333333333,0.4666666666666666,0.0,0.41666666666666663,0.0,0.3857142857142857,0.0,0.0,0,0,1,1,1,1,1,1,1,0
2018,Cook Islands,CK,Oceania,MER,https://www.fatf-gafi.org/content/fatf-gafi/en/publications/Mutualevaluations/Mer-cook-islands-2018.html,2018-09-01,APG,0,SE,SE,SE,ME,SE,ME,LE,LE,ME,SE,ME,LC,C,LC,LC,LC,LC,PC,LC,C,LC,LC,LC,LC,C,LC,LC,LC,LC,LC,LC,C,LC,LC,LC,LC,LC,LC,LC,LC,LC,LC,LC,LC,LC,PC,LC,LC,LC,C,LC,0.6666666666666666,0.6666666666666666,0.6666666666666666,0.3333333333333333,0.6666666666666666,0.3333333333333333,0.0,0.0,0.3333333333333333,0.6666666666666666,0.3333333333333333,0.6666666666666666,1.0,0.6666666666666666,0.6666666666666666,0.6666666666666666,0.6666666666666666,0.3333333333333333,0.6666666666666666,1.0,0.6666666666666666,0.6666666666666666,0.6666666666666666,0.6666666666666666,1.0,0.6666666666666666,0.6666666666666666,0.6666666666666666,0.6666666666666666,0.6666666666666666,0.6666666666666666,1.0,0.6666666666666666,0.6666666666666666,0.6666666666666666,0.6666666666666666,0.6666666666666666,0.6666666666666666,0.6666666666666666,0.6666666666666666,0.6666666666666666,0.6666666666666666,0.6666666666666666,0.6666666666666666,0.6666666666666666,0.3333333333333333,0.6666666666666666,0.6666666666666666,0.6666666666666666,1.0,0.6666666666666666,2,4,5,0,0,2,33,5,0.4242424242424242,0.6916666666666667,0.6666666666666666,0.5555555555555556,0.2777777777777778,0.8333333333333333,0.6666666666666666,0.5833333333333333,0.7333333333333333,0.6666666666666666,0.6333333333333333,0.7333333333333333,0.4242424242424242,0.6916666666666667,0.5,0.6928571428571428,0.6133625410733844,0.7216494845360825,0,0,0,0,0,0,0,0,0,0
2015,Costa Rica,CR,North America,MER,https://www.fatf-gafi.org/content/fatf-gafi/en/publications/Mutualevaluations/Mer-costa-rica-2015.html,2015-12-01,GAFILAT,1,ME,SE,ME,ME,LE,ME,ME,ME,ME,LE,LE,PC,PC,LC,LC,PC,PC,NC,NC,C,LC,C,LC,LC,C,NC,PC,NC,LC,PC,PC,LC,PC,PC,PC,PC,LC,LC,NC,PC,LC,LC,C,LC,LC,PC,C,C,LC,C,C,0.3333333333333333,0.6666666666666666,0.3333333333333333,0.3333333333333333,0.0,0.3333333333333333,0.3333333333333333,0.3333333333333333,0.3333333333333333,0.0,0.0,0.3333333333333333,0.3333333333333333,0.6666666666666666,0.6666666666666666,0.3333333333333333,0.3333333333333333,0.0,0.0,1.0,0.6666666666666666,1.0,0.6666666666666666,0.6666666666666666,1.0,0.0,0.3333333333333333,0.0,0.6666666666666666,0.3333333333333333,0.3333333333333333,0.6666666666666666,0.3333333333333333,0.3333333333333333,0.3333333333333333,0.3333333333333333,0.6666666666666666,0.6666666666666666,0.0,0.3333333333333333,0.6666666666666666,0.6666666666666666,1.0,0.6666666666666666,0.6666666666666666,0.3333333333333333,1.0,1.0,0.6666666666666666,1.0,1.0,3,7,1,0,5,13,14,8,0.2727272727272727,0.5416666666666666,0.5,0.2222222222222222,0.2222222222222222,0.3333333333333333,0.6666666666666666,0.16666666666666666,0.5333333333333333,0.3333333333333333,0.5666666666666667,0.9333333333333333,0.2727272727272727,0.5416666666666666,0.3148148148148148,0.5047619047619047,0.5034965034965035,0.6236897274633124,0,0,1,1,1,0,1,1,1,0
2016,Costa Rica,CR,North America,EFUR1,https://www.fatf-gafi.org/content/fatf-gafi/en/publications/Mutualevaluations/Fur-costa-rica-2016.html,2016-10-01,GAFILAT,1,ME,SE,ME,ME,LE,ME,ME,ME,ME,LE,LE,LC,C,C,LC,C,PC,PC,NC,C,LC,C,LC,LC,C,C,LC,PC,LC,C,C,C,PC,PC,PC,PC,LC,LC,NC,PC,LC,LC,C,LC,LC,PC,C,C,LC,C,C,0.3333333333333333,0.6666666666666666,0.3333333333333333,0.3333333333333333,0.0,0.3333333333333333,0.3333333333333333,0.3333333333333333,0.3333333333333333,0.0,0.0,0.6666666666666666,1.0,1.0,0.6666666666666666,1.0,0.3333333333333333,0.3333333333333333,0.0,1.0,0.6666666666666666,1.0,0.6666666666666666,0.6666666666666666,1.0,1.0,0.6666666666666666,0.3333333333333333,0.6666666666666666,1.0,1.0,1.0,0.3333333333333333,0.3333333333333333,0.3333333333333333,0.3333333333333333,0.6666666666666666,0.6666666666666666,0.0,0.3333333333333333,0.6666666666666666,0.6666666666666666,1.0,0.6666666666666666,0.6666666666666666,0.3333333333333333,1.0,1.0,0.6666666666666666,1.0,1.0,3,7,1,0,2,9,14,15,0.2727272727272727,0.6833333333333333,0.5,0.2222222222222222,0.2222222222222222,0.8333333333333333,0.8333333333333333,0.41666666666666663,0.7555555555555555,0.3333333333333333,0.5666666666666667,0.9333333333333333,0.2727272727272727,0.6833333333333333,0.3148148148148148,0.6674603174603174,0.39911308203991125,0.47166072136345627,1,1,1,0,1,0,1,1,1,1
2017,Costa Rica,CR,North America,EFUR2,https://www.fatf-gafi.org/content/fatf-gafi/en/publications/Mutualevaluations/Fur-costa-rica-2017.html,2017-10-01,GAFILAT,1,ME,SE,ME,ME,LE,ME,ME,ME,ME,LE,LE,LC,C,C,LC,C,LC,C,PC,C,LC,C,LC,LC,C,C,LC,PC,LC,C,C,C,PC,PC,LC,LC,LC,LC,NC,PC,LC,LC,C,LC,LC,PC,C,C,LC,C,C,0.3333333333333333,0.6666666666666666,0.3333333333333333,0.3333333333333333,0.0,0.3333333333333333,0.3333333333333333,0.3333333333333333,0.3333333333333333,0.0,0.0,0.6666666666666666,1.0,1.0,0.6666666666666666,1.0,0.6666666666666666,1.0,0.3333333333333333,1.0,0.6666666666666666,1.0,0.6666666666666666,0.6666666666666666,1.0,1.0,0.6666666666666666,0.3333333333333333,0.6666666666666666,1.0,1.0,1.0,0.3333333333333333,0.3333333333333333,0.6666666666666666,0.6666666666666666,0.6666666666666666,0.6666666666666666,0.0,0.3333333333333333,0.6666666666666666,0.6666666666666666,1.0,0.6666666666666666,0.6666666666666666,0.3333333333333333,1.0,1.0,0.6666666666666666,1.0,1.0,3,7,1,0,1,6,17,16,0.2727272727272727,0.7333333333333333,0.5,0.2222222222222222,0.2222222222222222,0.8333333333333333,0.8333333333333333,0.75,0.7555555555555555,0.6666666666666666,0.5666666666666667,0.9333333333333333,0.2727272727272727,0.7333333333333333,0.3148148148148148,0.7626984126984127,0.371900826446281,0.4127644814429414,1,1,0,0,1,0,0,1,1,2
2018,Costa Rica,CR,North America,EFUR5,https://www.fatf-gafi.org/content/fatf-gafi/en/publications/Mutualevaluations/Fur-costa-rica-2018.html,2018-10-01,GAFILAT,1,ME,SE,ME,ME,LE,ME,ME,ME,ME,LE,LE,LC,C,C,LC,C,LC,C,PC,C,LC,C,LC,LC,C,C,LC,PC,LC,C,C,C,PC,LC,LC,LC,LC,LC,NC,C,LC,LC,C,LC,LC,PC,C,C,LC,C,C,0.3333333333333333,0.6666666666666666,0.3333333333333333,0.3333333333333333,0.0,0.3333333333333333,0.3333333333333333,0.3333333333333333,0.3333333333333333,0.0,0.0,0.6666666666666666,1.0,1.0,0.6666666666666666,1.0,0.6666666666666666,1.0,0.3333333333333333,1.0,0.6666666666666666,1.0,0.6666666666666666,0.6666666666666666,1.0,1.0,0.6666666666666666,0.3333333333333333,0.6666666666666666,1.0,1.0,1.0,0.3333333333333333,0.6666666666666666,0.6666666666666666,0.6666666666666666,0.6666666666666666,0.6666666666666666,0.0,1.0,0.6666666666666666,0.6666666666666666,1.0,0.6666666666666666,0.6666666666666666,0.3333333333333333,1.0,1.0,0.6666666666666666,1.0,1.0,3,7,1,0,1,4,18,17,0.2727272727272727,0.7583333333333333,0.5,0.2222222222222222,0.2222222222222222,0.8333333333333333,0.8333333333333333,0.75,0.7777777777777778,0.6666666666666666,0.6333333333333333,0.9333333333333333,0.2727272727272727,0.7583333333333333,0.3148148148148148,0.7753968253968254,0.3596403596403596,0.4060047765267827,1,1,0,0,1,0,0,1,1,5
2023,Costa Rica,CR,North America,EFUR14,https://www.fatf-gafi.org/content/fatf-gafi/en/publications/Mutualevaluations/FUR-Costa-Rica-2023.html,2023-01-01,GAFILAT,1,ME,SE,ME,ME,LE,ME,ME,ME,ME,LE,LE,LC,C,C,LC,C,LC,C,PC,C,LC,C,LC,LC,C,NC,LC,PC,LC,C,C,C,PC,LC,LC,LC,LC,LC,NC,C,LC,LC,C,LC,LC,PC,C,C,LC,C,C,0.3333333333333333,0.6666666666666666,0.3333333333333333,0.3333333333333333,0.0,0.3333333333333333,0.3333333333333333,0.3333333333333333,0.3333333333333333,0.0,0.0,0.6666666666666666,1.0,1.0,0.6666666666666666,1.0,0.6666666666666666,1.0,0.3333333333333333,1.0,0.6666666666666666,1.0,0.6666666666666666,0.6666666666666666,1.0,0.0,0.6666666666666666,0.3333333333333333,0.6666666666666666,1.0,1.0,1.0,0.3333333333333333,0.6666666666666666,0.6666666666666666,0.6666666666666666,0.6666666666666666,0.6666666666666666,0.0,1.0,0.6666666666666666,0.6666666666666666,1.0,0.6666666666666666,0.6666666666666666,0.3333333333333333,1.0,1.0,0.6666666666666666,1.0,1.0,3,7,1,0,2,4,18,16,0.2727272727272727,0.7333333333333333,0.5,0.2222222222222222,0.2222222222222222,0.8333333333333333,0.8333333333333333,0.75,0.7111111111111111,0.6666666666666666,0.6333333333333333,0.9333333333333333,0.2727272727272727,0.7333333333333333,0.3148148148148148,0.7658730158730158,0.371900826446281,0.4110535405872194,1,1,0,0,1,0,0,1,1,14
2024,Costa Rica,CR,North America,EFUR15,https://www.fatf-gafi.org/content/fatf-gafi/en/publications/Mutualevaluations/FUR-Costa-Rica-2024.html,2024-01-01,GAFILAT,1,ME,SE,ME,ME,LE,ME,ME,ME,ME,LE,LE,LC,C,C,LC,C,LC,C,PC,C,LC,C,LC,LC,C,NC,LC,C,LC,C,C,C,LC,LC,LC,LC,LC,LC,LC,C,LC,LC,C,LC,LC,PC,C,C,LC,C,C,0.3333333333333333,0.6666666666666666,0.3333333333333333,0.3333333333333333,0.0,0.3333333333333333,0.3333333333333333,0.3333333333333333,0.3333333333333333,0.0,0.0,0.6666666666666666,1.0,1.0,0.6666666666666666,1.0,0.6666666666666666,1.0,0.3333333333333333,1.0,0.6666666666666666,1.0,0.6666666666666666,0.6666666666666666,1.0,0.0,0.6666666666666666,1.0,0.6666666666666666,1.0,1.0,1.0,0.6666666666666666,0.6666666666666666,0.6666666666666666,0.6666666666666666,0.6666666666666666,0.6666666666666666,0.6666666666666666,1.0,0.6666666666666666,0.6666666666666666,1.0,0.6666666666666666,0.6666666666666666,0.3333333333333333,1.0,1.0,0.6666666666666666,1.0,1.0,3,7,1,0,1,2,20,17,0.2727272727272727,0.775,0.5,0.2222222222222222,0.2222222222222222,0.8333333333333333,0.8333333333333333,0.75,0.7777777777777778,0.6666666666666666,0.7,0.9333333333333333,0.2727272727272727,0.775,0.3148148148148148,0.7849206349206349,0.3519061583577712,0.4010785305021908,1,1,0,0,1,0,0,1,1,15
2023,Ivory Coast,CI,Africa,MER,https://www.fatf-gafi.org/content/fatf-gafi/en/publications/Mutualevaluations/mer-cote-d-ivoire-2023.html,2023-06-01,IMF/GIABA,1,ME,LE,LE,LE,LE,LE,ME,ME,LE,LE,LE,PC,PC,LC,PC,PC,NC,NC,NC,LC,PC,PC,PC,LC,PC,NC,PC,NC,PC,PC,PC,LC,PC,PC,PC,NC,PC,PC,NC,LC,C,LC,PC,PC,PC,PC,PC,LC,PC,LC,PC,0.3333333333333333,0.0,0.0,0.0,0.0,0.0,0.3333333333333333,0.3333333333333333,0.0,0.0,0.0,0.3333333333333333,0.3333333333333333,0.6666666666666666,0.3333333333333333,0.3333333333333333,0.0,0.0,0.0,0.6666666666666666,0.3333333333333333,0.3333333333333333,0.3333333333333333,0.6666666666666666,0.3333333333333333,0.0,0.3333333333333333,0.0,0.3333333333333333,0.3333333333333333,0.3333333333333333,0.6666666666666666,0.3333333333333333,0.3333333333333333,0.3333333333333333,0.0,0.3333333333333333,0.3333333333333333,0.0,0.6666666666666666,1.0,0.6666666666666666,0.3333333333333333,0.3333333333333333,0.3333333333333333,0.3333333333333333,0.3333333333333333,0.6666666666666666,0.3333333333333333,0.6666666666666666,0.3333333333333333,8,3,0,0,7,24,8,1,0.0909090909090909,0.35833333333333334,0.16666666666666666,0.0,0.1111111111111111,0.3333333333333333,0.5,0.08333333333333333,0.3555555555555555,0.16666666666666666,0.4333333333333333,0.4666666666666666,0.0909090909090909,0.35833333333333334,0.09259259259259259,0.3341269841269841,0.2536997885835095,0.2771179730799683,0,0,1,1,1,1,1,1,1,0
2024,Ivory Coast,CI,Africa,EFUR1,https://www.fatf-gafi.org/content/fatf-gafi/en/publications/Mutualevaluations/cote-d-ivore-fur-2024.html,2024-05-01,IMF/GIABA,1,ME,LE,LE,LE,LE,LE,ME,ME,LE,LE,LE,PC,PC,LC,PC,PC,NC,NC,NC,LC,LC,C,LC,LC,PC,NC,LC,NC,C,LC,C,LC,LC,LC,PC,NC,PC,PC,NC,LC,C,LC,PC,PC,PC,PC,PC,LC,PC,LC,PC,0.3333333333333333,0.0,0.0,0.0,0.0,0.0,0.3333333333333333,0.3333333333333333,0.0,0.0,0.0,0.3333333333333333,0.3333333333333333,0.6666666666666666,0.3333333333333333,0.3333333333333333,0.0,0.0,0.0,0.6666666666666666,0.6666666666666666,1.0,0.6666666666666666,0.6666666666666666,0.3333333333333333,0.0,0.6666666666666666,0.0,1.0,0.6666666666666666,1.0,0.6666666666666666,0.6666666666666666,0.6666666666666666,0.3333333333333333,0.0,0.3333333333333333,0.3333333333333333,0.0,0.6666666666666666,1.0,0.6666666666666666,0.3333333333333333,0.3333333333333333,0.3333333333333333,0.3333333333333333,0.3333333333333333,0.6666666666666666,0.3333333333333333,0.6666666666666666,0.3333333333333333,8,3,0,0,7,15,14,4,0.0909090909090909,0.4583333333333333,0.16666666666666666,0.0,0.1111111111111111,0.3333333333333333,0.5,0.08333333333333333,0.6222222222222222,0.16666666666666666,0.4333333333333333,0.4666666666666666,0.0909090909090909,0.4583333333333333,0.09259259259259259,0.37222222222222223,0.1983471074380165,0.24875621890547261,1,1,1,1,1,1,1,1,1,1
2021,Croatia,HR,Europe,MER,https://www.fatf-gafi.org/content/fatf-gafi/en/publications/Mutualevaluations/Mer-croatia-2022.html,2021-12-01,MONEYVAL,1,ME,SE,ME,ME,ME,ME,LE,ME,ME,LE,ME,PC,PC,LC,LC,LC,PC,PC,PC,C,PC,LC,LC,PC,LC,PC,LC,PC,PC,LC,LC,LC,PC,PC,PC,LC,LC,LC,LC,C,C,LC,PC,PC,C,PC,PC,LC,PC,LC,PC,0.3333333333333333,0.6666666666666666,0.3333333333333333,0.3333333333333333,0.3333333333333333,0.3333333333333333,0.0,0.3333333333333333,0.3333333333333333,0.0,0.3333333333333333,0.3333333333333333,0.3333333333333333,0.6666666666666666,0.6666666666666666,0.6666666666666666,0.3333333333333333,0.3333333333333333,0.3333333333333333,1.0,0.3333333333333333,0.6666666666666666,0.6666666666666666,0.3333333333333333,0.6666666666666666,0.3333333333333333,0.6666666666666666,0.3333333333333333,0.3333333333333333,0.6666666666666666,0.6666666666666666,0.6666666666666666,0.3333333333333333,0.3333333333333333,0.3333333333333333,0.6666666666666666,0.6666666666666666,0.6666666666666666,0.6666666666666666,1.0,1.0,0.6666666666666666,0.3333333333333333,0.3333333333333333,1.0,0.3333333333333333,0.3333333333333333,0.6666666666666666,0.3333333333333333,0.6666666666666666,0.3333333333333333,2,8,1,0,0,19,17,4,0.30303030303030304,0.5416666666666666,0.5,0.3333333333333333,0.2222222222222222,0.3333333333333333,0.6666666666666666,0.41666666666666663,0.5333333333333333,0.5,0.6666666666666666,0.4666666666666666,0.30303030303030304,0.5416666666666666,0.35185185185185186,0.5119047619047619,0.5594405594405595,0.6873385012919897,0,0,1,1,1,0,1,1,1,0
2023,Croatia,HR,Europe,EFUR1,https://www.fatf-gafi.org/en/publications/Mutualevaluations/Croatia-MONEYVAL-FUR-2024.html,2023-12-01,MONEYVAL,1,ME,SE,ME,ME,ME,ME,LE,ME,ME,LE,ME,PC,PC,LC,LC,LC,PC,PC,PC,C,LC,LC,LC,C,LC,PC,LC,LC,PC,LC,LC,LC,LC,LC,PC,LC,LC,LC,LC,C,C,LC,LC,PC,C,PC,PC,LC,PC,LC,LC,0.3333333333333333,0.6666666666666666,0.3333333333333333,0.3333333333333333,0.3333333333333333,0.3333333333333333,0.0,0.3333333333333333,0.3333333333333333,0.0,0.3333333333333333,0.3333333333333333,0.3333333333333333,0.6666666666666666,0.6666666666666666,0.6666666666666666,0.3333333333333333,0.3333333333333333,0.3333333333333333,1.0,0.6666666666666666,0.6666666666666666,0.6666666666666666,1.0,0.6666666666666666,0.3333333333333333,0.6666666666666666,0.6666666666666666,0.3333333333333333,0.6666666666666666,0.6666666666666666,0.6666666666666666,0.6666666666666666,0.6666666666666666,0.3333333333333333,0.6666666666666666,0.6666666666666666,0.6666666666666666,0.6666666666666666,1.0,1.0,0.6666666666666666,0.6666666666666666,0.3333333333333333,1.0,0.3333333333333333,0.3333333333333333,0.6666666666666666,0.3333333333333333,0.6666666666666666,0.6666666666666666,2,8,1,0,0,12,23,5,0.30303030303030304,0.6083333333333333,0.5,0.3333333333333333,0.2222222222222222,0.3333333333333333,0.6666666666666666,0.41666666666666663,0.6666666666666666,0.5,0.7,0.5333333333333333,0.30303030303030304,0.6083333333333333,0.35185185185185186,0.5452380952380952,0.4981320049813201,0.6453178068898594,1,1,1,0,1,0,1,1,1,1
2024,Croatia,HR,Europe,EFUR2,https://www.fatf-gafi.org/content/fatf-gafi/en/publications/Mutualevaluations/Croatia-FUR-MONEYVAL-2024.html,2024-10-01,MONEYVAL,1,ME,SE,ME,ME,ME,ME,LE,ME,ME,LE,ME,LC,LC,LC,LC,LC,C,C,PC,C,LC,LC,LC,C,LC,LC,LC,LC,PC,LC,LC,LC,LC,LC,PC,LC,LC,LC,LC,C,C,LC,LC,LC,C,LC,LC,LC,PC,LC,LC,0.3333333333333333,0.6666666666666666,0.3333333333333333,0.3333333333333333,0.3333333333333333,0.3333333333333333,0.0,0.3333333333333333,0.3333333333333333,0.0,0.3333333333333333,0.6666666666666666,0.6666666666666666,0.6666666666666666,0.6666666666666666,0.6666666666666666,1.0,1.0,0.3333333333333333,1.0,0.6666666666666666,0.6666666666666666,0.6666666666666666,1.0,0.6666666666666666,0.6666666666666666,0.6666666666666666,0.6666666666666666,0.3333333333333333,0.6666666666666666,0.6666666666666666,0.6666666666666666,0.6666666666666666,0.6666666666666666,0.3333333333333333,0.6666666666666666,0.6666666666666666,0.6666666666666666,0.6666666666666666,1.0,1.0,0.6666666666666666,0.6666666666666666,0.6666666666666666,1.0,0.6666666666666666,0.6666666666666666,0.6666666666666666,0.3333333333333333,0.6666666666666666,0.6666666666666666,2,8,1,0,0,4,29,7,0.30303030303030304,0.6916666666666667,0.5,0.3333333333333333,0.2222222222222222,0.6666666666666666,0.6666666666666666,0.75,0.6888888888888889,0.5,0.7666666666666666,0.6,0.30303030303030304,0.6916666666666667,0.35185185185185186,0.6626984126984127,0.4381161007667032,0.530938123752495,1,1,0,0,1,0,0,1,1,2
2015,Cuba,CU,North America,MER,https://www.fatf-gafi.org/content/fatf-gafi/en/publications/Mutualevaluations/Mer-cuba-2015.html,2015-12-01,GAFILAT,0,ME,ME,SE,ME,SE,ME,ME,SE,SE,SE,ME,LC,C,LC,LC,C,C,LC,PC,C,LC,C,C,C,LC,C,C,C,C,C,C,C,LC,LC,LC,C,LC,LC,PC,LC,LC,PC,C,LC,LC,PC,LC,LC,LC,LC,LC,0.3333333333333333,0.3333333333333333,0.6666666666666666,0.3333333333333333,0.6666666666666666,0.3333333333333333,0.3333333333333333,0.6666666666666666,0.6666666666666666,0.6666666666666666,0.3333333333333333,0.6666666666666666,1.0,0.6666666666666666,0.6666666666666666,1.0,1.0,0.6666666666666666,0.3333333333333333,1.0,0.6666666666666666,1.0,1.0,1.0,0.6666666666666666,1.0,1.0,1.0,1.0,1.0,1.0,1.0,0.6666666666666666,0.6666666666666666,0.6666666666666666,1.0,0.6666666666666666,0.6666666666666666,0.3333333333333333,0.6666666666666666,0.6666666666666666,0.3333333333333333,1.0,0.6666666666666666,0.6666666666666666,0.3333333333333333,0.6666666666666666,0.6666666666666666,0.6666666666666666,0.6666666666666666,0.6666666666666666,0,6,5,0,0,4,20,16,0.4848484848484848,0.7666666666666666,0.3333333333333333,0.5555555555555556,0.5,0.8333333333333333,0.6666666666666666,0.75,0.9111111111111111,0.8333333333333333,0.6,0.6666666666666666,0.4848484848484848,0.7666666666666666,0.46296296296296297,0.7515873015873016,0.6324110671936759,0.6159802886307638,0,0,0,0,0,0,0,0,0,0
2017,Cuba,CU,North America,RFUR1,https://www.fatf-gafi.org/content/fatf-gafi/en/publications/Mutualevaluations/Fur-cuba-2017.html,2017-10-01,GAFILAT,0,ME,ME,SE,ME,SE,ME,ME,SE,SE,SE,ME,LC,C,LC,LC,C,C,LC,PC,C,LC,C,C,C,C,C,C,C,C,C,C,C,LC,LC,LC,C,LC,LC,PC,LC,LC,PC,C,LC,LC,PC,LC,LC,LC,LC,LC,0.3333333333333333,0.3333333333333333,0.6666666666666666,0.3333333333333333,0.6666666666666666,0.3333333333333333,0.3333333333333333,0.6666666666666666,0.6666666666666666,0.6666666666666666,0.3333333333333333,0.6666666666666666,1.0,0.6666666666666666,0.6666666666666666,1.0,1.0,0.6666666666666666,0.3333333333333333,1.0,0.6666666666666666,1.0,1.0,1.0,1.0,1.0,1.0,1.0,1.0,1.0,1.0,1.0,0.6666666666666666,0.6666666666666666,0.6666666666666666,1.0,0.6666666666666666,0.6666666666666666,0.3333333333333333,0.6666666666666666,0.6666666666666666,0.3333333333333333,1.0,0.6666666666666666,0.6666666666666666,0.3333333333333333,0.6666666666666666,0.6666666666666666,0.6666666666666666,0.6666666666666666,0.6666666666666666,0,6,5,0,0,4,19,17,0.4848484848484848,0.775,0.3333333333333333,0.5555555555555556,0.5,0.8333333333333333,0.6666666666666666,0.75,0.9333333333333333,0.8333333333333333,0.6,0.6666666666666666,0.4848484848484848,0.775,0.46296296296296297,0.7547619047619047,0.6256109481915932,0.6133894146512443,1,0,0,0,0,0,0,0,0,1
2021,Cuba,CU,North America,RFUR4,https://www.fatf-gafi.org/content/fatf-gafi/en/publications/Mutualevaluations/Fur-cuba-2021.html,2021-01-01,GAFILAT,0,ME,ME,SE,ME,SE,ME,ME,SE,SE,SE,ME,LC,C,LC,LC,C,C,LC,PC,C,LC,C,C,C,C,PC,C,C,C,C,C,C,LC,LC,LC,C,LC,LC,C,LC,LC,C,C,LC,LC,LC,LC,LC,LC,LC,LC,0.3333333333333333,0.3333333333333333,0.6666666666666666,0.3333333333333333,0.6666666666666666,0.3333333333333333,0.3333333333333333,0.6666666666666666,0.6666666666666666,0.6666666666666666,0.3333333333333333,0.6666666666666666,1.0,0.6666666666666666,0.6666666666666666,1.0,1.0,0.6666666666666666,0.3333333333333333,1.0,0.6666666666666666,1.0,1.0,1.0,1.0,0.3333333333333333,1.0,1.0,1.0,1.0,1.0,1.0,0.6666666666666666,0.6666666666666666,0.6666666666666666,1.0,0.6666666666666666,0.6666666666666666,1.0,0.6666666666666666,0.6666666666666666,1.0,1.0,0.6666666666666666,0.6666666666666666,0.6666666666666666,0.6666666666666666,0.6666666666666666,0.6666666666666666,0.6666666666666666,0.6666666666666666,0,6,5,0,0,2,20,18,0.4848484848484848,0.7999999999999999,0.3333333333333333,0.5555555555555556,0.5,0.8333333333333333,0.6666666666666666,0.75,0.8888888888888888,0.8333333333333333,0.7666666666666666,0.6666666666666666,0.4848484848484848,0.7999999999999999,0.46296296296296297,0.7722222222222221,0.6060606060606061,0.5995203836930456,1,0,0,0,0,0,0,0,0,4
2022,Cuba,CU,North America,RFUR5,https://www.fatf-gafi.org/content/fatf-gafi/en/publications/Mutualevaluations/Fur-cuba-2022.html,2022-01-01,GAFILAT,0,ME,ME,SE,ME,SE,ME,ME,SE,SE,SE,ME,LC,C,LC,LC,C,C,C,PC,C,LC,C,C,C,C,PC,C,C,C,C,C,C,LC,LC,LC,C,LC,LC,C,LC,LC,C,C,LC,LC,LC,LC,LC,LC,LC,LC,0.3333333333333333,0.3333333333333333,0.6666666666666666,0.3333333333333333,0.6666666666666666,0.3333333333333333,0.3333333333333333,0.6666666666666666,0.6666666666666666,0.6666666666666666,0.3333333333333333,0.6666666666666666,1.0,0.6666666666666666,0.6666666666666666,1.0,1.0,1.0,0.3333333333333333,1.0,0.6666666666666666,1.0,1.0,1.0,1.0,0.3333333333333333,1.0,1.0,1.0,1.0,1.0,1.0,0.6666666666666666,0.6666666666666666,0.6666666666666666,1.0,0.6666666666666666,0.6666666666666666,1.0,0.6666666666666666,0.6666666666666666,1.0,1.0,0.6666666666666666,0.6666666666666666,0.6666666666666666,0.6666666666666666,0.6666666666666666,0.6666666666666666,0.6666666666666666,0.6666666666666666,0,6,5,0,0,2,19,19,0.4848484848484848,0.8083333333333333,0.3333333333333333,0.5555555555555556,0.5,0.8333333333333333,0.6666666666666666,0.8333333333333334,0.8888888888888888,0.8333333333333333,0.7666666666666666,0.6666666666666666,0.4848484848484848,0.8083333333333333,0.46296296296296297,0.7841269841269841,0.5998125585754451,0.5904183535762483,1,0,0,0,0,0,0,0,0,5
2024,Cuba,CU,North America,RFUR6,https://www.fatf-gafi.org/content/fatf-gafi/en/publications/Mutualevaluations/FUR-Cuba-2024.html,2024-01-01,GAFILAT,0,ME,ME,SE,ME,SE,ME,ME,SE,SE,SE,ME,LC,C,LC,LC,C,C,C,PC,C,LC,C,C,C,C,LC,C,C,C,C,C,C,LC,LC,LC,C,LC,LC,C,LC,LC,C,C,LC,LC,LC,LC,LC,LC,LC,LC,0.3333333333333333,0.3333333333333333,0.6666666666666666,0.3333333333333333,0.6666666666666666,0.3333333333333333,0.3333333333333333,0.6666666666666666,0.6666666666666666,0.6666666666666666,0.3333333333333333,0.6666666666666666,1.0,0.6666666666666666,0.6666666666666666,1.0,1.0,1.0,0.3333333333333333,1.0,0.6666666666666666,1.0,1.0,1.0,1.0,0.6666666666666666,1.0,1.0,1.0,1.0,1.0,1.0,0.6666666666666666,0.6666666666666666,0.6666666666666666,1.0,0.6666666666666666,0.6666666666666666,1.0,0.6666666666666666,0.6666666666666666,1.0,1.0,0.6666666666666666,0.6666666666666666,0.6666666666666666,0.6666666666666666,0.6666666666666666,0.6666666666666666,0.6666666666666666,0.6666666666666666,0,6,5,0,0,1,20,19,0.4848484848484848,0.8166666666666667,0.3333333333333333,0.5555555555555556,0.5,0.8333333333333333,0.6666666666666666,0.8333333333333334,0.9111111111111111,0.8333333333333333,0.7666666666666666,0.6666666666666666,0.4848484848484848,0.8166666666666667,0.46296296296296297,0.7873015873015873,0.5936920222634507,0.5880376344086021,1,0,0,0,0,0,0,0,0,6
2025,Curacao,CW,South America,MER,https://www.fatf-gafi.org/content/fatf-gafi/en/publications/Mutualevaluations/mer-curacao-2025.html,2025-07-01,CFATF,1,ME,SE,LE,ME,LE,ME,ME,ME,ME,LE,LE,PC,LC,LC,C,LC,PC,PC,NC,LC,LC,C,C,C,LC,PC,PC,LC,LC,C,C,LC,LC,LC,PC,PC,LC,LC,PC,LC,C,C,LC,LC,C,PC,C,LC,LC,LC,LC,0.3333333333333333,0.6666666666666666,0.0,0.3333333333333333,0.0,0.3333333333333333,0.3333333333333333,0.3333333333333333,0.3333333333333333,0.0,0.0,0.3333333333333333,0.6666666666666666,0.6666666666666666,1.0,0.6666666666666666,0.3333333333333333,0.3333333333333333,0.0,0.6666666666666666,0.6666666666666666,1.0,1.0,1.0,0.6666666666666666,0.3333333333333333,0.3333333333333333,0.6666666666666666,0.6666666666666666,1.0,1.0,0.6666666666666666,0.6666666666666666,0.6666666666666666,0.3333333333333333,0.3333333333333333,0.6666666666666666,0.6666666666666666,0.3333333333333333,0.6666666666666666,1.0,1.0,0.6666666666666666,0.6666666666666666,1.0,0.3333333333333333,1.0,0.6666666666666666,0.6666666666666666,0.6666666666666666,0.6666666666666666,4,6,1,0,1,9,20,10,0.2424242424242424,0.6583333333333333,0.5,0.1111111111111111,0.2222222222222222,0.5,0.8333333333333333,0.3333333333333333,0.7333333333333333,0.3333333333333333,0.7,0.7333333333333333,0.2424242424242424,0.6583333333333333,0.2777777777777778,0.5952380952380952,0.3682393555811277,0.4666666666666667,0,0,1,0,1,1,1,1,1,0
2019,Cyprus,CY,Asia,MER,https://www.fatf-gafi.org/content/fatf-gafi/en/publications/Mutualevaluations/Mer-cyprus-2019.html,2019-12-01,MONEYVAL,1,SE,SE,ME,ME,ME,ME,ME,ME,SE,ME,ME,LC,LC,C,C,LC,LC,LC,PC,C,LC,C,LC,PC,C,LC,LC,C,LC,LC,C,C,LC,LC,LC,LC,LC,C,LC,C,LC,PC,LC,C,LC,C,C,LC,C,C,C,0.6666666666666666,0.6666666666666666,0.3333333333333333,0.3333333333333333,0.3333333333333333,0.3333333333333333,0.3333333333333333,0.3333333333333333,0.6666666666666666,0.3333333333333333,0.3333333333333333,0.6666666666666666,0.6666666666666666,1.0,1.0,0.6666666666666666,0.6666666666666666,0.6666666666666666,0.3333333333333333,1.0,0.6666666666666666,1.0,0.6666666666666666,0.3333333333333333,1.0,0.6666666666666666,0.6666666666666666,1.0,0.6666666666666666,0.6666666666666666,1.0,1.0,0.6666666666666666,0.6666666666666666,0.6666666666666666,0.6666666666666666,0.6666666666666666,1.0,0.6666666666666666,1.0,0.6666666666666666,0.3333333333333333,0.6666666666666666,1.0,0.6666666666666666,1.0,1.0,0.6666666666666666,1.0,1.0,1.0,0,8,3,0,0,3,21,16,0.4242424242424242,0.775,0.6666666666666666,0.3333333333333333,0.38888888888888884,0.6666666666666666,1.0,0.5833333333333333,0.7777777777777778,0.6666666666666666,0.7666666666666666,0.9333333333333333,0.4242424242424242,0.775,0.4629629629629629,0.7706349206349206,0.5474095796676441,0.6007552351527634,0,0,0,0,1,0,0,1,1,0
2021,Cyprus,CY,Asia,EFUR1,https://www.fatf-gafi.org/content/fatf-gafi/en/publications/Mutualevaluations/Fur-cyprus-2022.html,2021-12-01,MONEYVAL,1,SE,SE,ME,ME,ME,ME,ME,ME,SE,ME,ME,LC,LC,C,C,LC,LC,LC,PC,C,LC,C,LC,PC,C,PC,LC,C,LC,LC,C,C,LC,LC,LC,LC,LC,C,LC,C,LC,PC,LC,C,LC,C,C,LC,C,C,C,0.6666666666666666,0.6666666666666666,0.3333333333333333,0.3333333333333333,0.3333333333333333,0.3333333333333333,0.3333333333333333,0.3333333333333333,0.6666666666666666,0.3333333333333333,0.3333333333333333,0.6666666666666666,0.6666666666666666,1.0,1.0,0.6666666666666666,0.6666666666666666,0.6666666666666666,0.3333333333333333,1.0,0.6666666666666666,1.0,0.6666666666666666,0.3333333333333333,1.0,0.3333333333333333,0.6666666666666666,1.0,0.6666666666666666,0.6666666666666666,1.0,1.0,0.6666666666666666,0.6666666666666666,0.6666666666666666,0.6666666666666666,0.6666666666666666,1.0,0.6666666666666666,1.0,0.6666666666666666,0.3333333333333333,0.6666666666666666,1.0,0.6666666666666666,1.0,1.0,0.6666666666666666,1.0,1.0,1.0,0,8,3,0,0,4,20,16,0.4242424242424242,0.7666666666666666,0.6666666666666666,0.3333333333333333,0.38888888888888884,0.6666666666666666,1.0,0.5833333333333333,0.7555555555555555,0.6666666666666666,0.7666666666666666,0.9333333333333333,0.4242424242424242,0.7666666666666666,0.4629629629629629,0.7674603174603174,0.5533596837944664,0.603240261978628,1,1,0,0,1,0,0,1,1,1
2022,Cyprus,CY,Asia,EFUR2,https://www.fatf-gafi.org/content/fatf-gafi/en/publications/Mutualevaluations/Fur-cyprus-dec-22.html,2022-12-01,MONEYVAL,1,SE,SE,ME,ME,ME,ME,ME,ME,SE,ME,ME,LC,LC,C,C,LC,LC,LC,PC,C,LC,C,LC,PC,C,PC,LC,C,LC,LC,C,C,LC,LC,LC,LC,LC,C,LC,C,LC,PC,LC,C,LC,C,C,LC,C,C,C,0.6666666666666666,0.6666666666666666,0.3333333333333333,0.3333333333333333,0.3333333333333333,0.3333333333333333,0.3333333333333333,0.3333333333333333,0.6666666666666666,0.3333333333333333,0.3333333333333333,0.6666666666666666,0.6666666666666666,1.0,1.0,0.6666666666666666,0.6666666666666666,0.6666666666666666,0.3333333333333333,1.0,0.6666666666666666,1.0,0.6666666666666666,0.3333333333333333,1.0,0.3333333333333333,0.6666666666666666,1.0,0.6666666666666666,0.6666666666666666,1.0,1.0,0.6666666666666666,0.6666666666666666,0.6666666666666666,0.6666666666666666,0.6666666666666666,1.0,0.6666666666666666,1.0,0.6666666666666666,0.3333333333333333,0.6666666666666666,1.0,0.6666666666666666,1.0,1.0,0.6666666666666666,1.0,1.0,1.0,0,8,3,0,0,4,20,16,0.4242424242424242,0.7666666666666666,0.6666666666666666,0.3333333333333333,0.38888888888888884,0.6666666666666666,1.0,0.5833333333333333,0.7555555555555555,0.6666666666666666,0.7666666666666666,0.9333333333333333,0.4242424242424242,0.7666666666666666,0.4629629629629629,0.7674603174603174,0.5533596837944664,0.603240261978628,1,1,0,0,1,0,0,1,1,2
2023,Cyprus,CY,Asia,EFUR3,https://www.fatf-gafi.org/content/fatf-gafi/en/publications/Mutualevaluations/Cyprus-MONEYVAL-FUR-2024.html,2023-12-01,MONEYVAL,1,SE,SE,ME,ME,ME,ME,ME,ME,SE,ME,ME,LC,LC,C,C,LC,LC,LC,PC,C,LC,C,LC,PC,C,LC,LC,C,LC,LC,C,C,LC,LC,LC,LC,LC,C,LC,C,LC,PC,LC,C,LC,C,C,LC,C,C,C,0.6666666666666666,0.6666666666666666,0.3333333333333333,0.3333333333333333,0.3333333333333333,0.3333333333333333,0.3333333333333333,0.3333333333333333,0.6666666666666666,0.3333333333333333,0.3333333333333333,0.6666666666666666,0.6666666666666666,1.0,1.0,0.6666666666666666,0.6666666666666666,0.6666666666666666,0.3333333333333333,1.0,0.6666666666666666,1.0,0.6666666666666666,0.3333333333333333,1.0,0.6666666666666666,0.6666666666666666,1.0,0.6666666666666666,0.6666666666666666,1.0,1.0,0.6666666666666666,0.6666666666666666,0.6666666666666666,0.6666666666666666,0.6666666666666666,1.0,0.6666666666666666,1.0,0.6666666666666666,0.3333333333333333,0.6666666666666666,1.0,0.6666666666666666,1.0,1.0,0.6666666666666666,1.0,1.0,1.0,0,8,3,0,0,3,21,16,0.4242424242424242,0.775,0.6666666666666666,0.3333333333333333,0.38888888888888884,0.6666666666666666,1.0,0.5833333333333333,0.7777777777777778,0.6666666666666666,0.7666666666666666,0.9333333333333333,0.4242424242424242,0.775,0.4629629629629629,0.7706349206349206,0.5474095796676441,0.6007552351527634,1,1,0,0,1,0,0,1,1,3
2018,Czechia,CZ,Europe,MER,https://www.fatf-gafi.org/content/fatf-gafi/en/publications/Mutualevaluations/Mer-czech-republic-2018.html,2018-12-01,MONEYVAL,1,ME,SE,ME,ME,ME,ME,ME,SE,SE,ME,ME,LC,PC,LC,C,LC,PC,PC,PC,C,LC,LC,LC,PC,C,LC,LC,LC,LC,PC,PC,PC,PC,PC,LC,LC,LC,LC,LC,LC,LC,C,PC,PC,LC,PC,LC,LC,LC,LC,LC,0.3333333333333333,0.6666666666666666,0.3333333333333333,0.3333333333333333,0.3333333333333333,0.3333333333333333,0.3333333333333333,0.6666666666666666,0.6666666666666666,0.3333333333333333,0.3333333333333333,0.6666666666666666,0.3333333333333333,0.6666666666666666,1.0,0.6666666666666666,0.3333333333333333,0.3333333333333333,0.3333333333333333,1.0,0.6666666666666666,0.6666666666666666,0.6666666666666666,0.3333333333333333,1.0,0.6666666666666666,0.6666666666666666,0.6666666666666666,0.6666666666666666,0.3333333333333333,0.3333333333333333,0.3333333333333333,0.3333333333333333,0.3333333333333333,0.6666666666666666,0.6666666666666666,0.6666666666666666,0.6666666666666666,0.6666666666666666,0.6666666666666666,0.6666666666666666,1.0,0.3333333333333333,0.3333333333333333,0.6666666666666666,0.3333333333333333,0.6666666666666666,0.6666666666666666,0.6666666666666666,0.6666666666666666,0.6666666666666666,0,8,3,0,0,13,23,4,0.4242424242424242,0.5916666666666667,0.5,0.3333333333333333,0.4444444444444444,0.5,0.8333333333333333,0.41666666666666663,0.5777777777777777,0.6666666666666666,0.6,0.6666666666666666,0.4242424242424242,0.5916666666666667,0.42592592592592593,0.6087301587301587,0.7170294494238155,0.6996957844415472,0,0,1,1,1,0,1,1,1,0
2020,Czechia,CZ,Europe,EFUR1,https://www.fatf-gafi.org/content/fatf-gafi/en/publications/Mutualevaluations/Fur-czech-republic-2020.html,2020-06-01,MONEYVAL,1,ME,SE,ME,ME,ME,ME,ME,SE,SE,ME,ME,LC,LC,LC,C,LC,PC,PC,PC,C,LC,LC,LC,C,C,PC,LC,LC,LC,LC,PC,PC,PC,PC,LC,LC,LC,LC,LC,LC,LC,C,PC,PC,LC,PC,LC,LC,LC,LC,LC,0.3333333333333333,0.6666666666666666,0.3333333333333333,0.3333333333333333,0.3333333333333333,0.3333333333333333,0.3333333333333333,0.6666666666666666,0.6666666666666666,0.3333333333333333,0.3333333333333333,0.6666666666666666,0.6666666666666666,0.6666666666666666,1.0,0.6666666666666666,0.3333333333333333,0.3333333333333333,0.3333333333333333,1.0,0.6666666666666666,0.6666666666666666,0.6666666666666666,1.0,1.0,0.3333333333333333,0.6666666666666666,0.6666666666666666,0.6666666666666666,0.6666666666666666,0.3333333333333333,0.3333333333333333,0.3333333333333333,0.3333333333333333,0.6666666666666666,0.6666666666666666,0.6666666666666666,0.6666666666666666,0.6666666666666666,0.6666666666666666,0.6666666666666666,1.0,0.3333333333333333,0.3333333333333333,0.6666666666666666,0.3333333333333333,0.6666666666666666,0.6666666666666666,0.6666666666666666,0.6666666666666666,0.6666666666666666,0,8,3,0,0,11,24,5,0.4242424242424242,0.6166666666666666,0.5,0.3333333333333333,0.4444444444444444,0.6666666666666666,0.8333333333333333,0.41666666666666663,0.6222222222222222,0.6666666666666666,0.6,0.6666666666666666,0.4242424242424242,0.6166666666666666,0.42592592592592593,0.6388888888888888,0.687960687960688,0.6666666666666667,1,1,1,1,1,0,1,1,1,1
2021,Czechia,CZ,Europe,EFUR2,https://www.fatf-gafi.org/content/fatf-gafi/en/publications/Mutualevaluations/Fur-czech-republic-2021.html,2021-11-01,MONEYVAL,1,ME,SE,ME,ME,ME,ME,ME,SE,SE,ME,ME,LC,LC,LC,C,LC,PC,PC,LC,C,LC,LC,LC,C,C,PC,LC,LC,LC,LC,LC,C,LC,LC,LC,LC,LC,LC,LC,LC,LC,C,PC,PC,LC,LC,LC,LC,LC,LC,LC,0.3333333333333333,0.6666666666666666,0.3333333333333333,0.3333333333333333,0.3333333333333333,0.3333333333333333,0.3333333333333333,0.6666666666666666,0.6666666666666666,0.3333333333333333,0.3333333333333333,0.6666666666666666,0.6666666666666666,0.6666666666666666,1.0,0.6666666666666666,0.3333333333333333,0.3333333333333333,0.6666666666666666,1.0,0.6666666666666666,0.6666666666666666,0.6666666666666666,1.0,1.0,0.3333333333333333,0.6666666666666666,0.6666666666666666,0.6666666666666666,0.6666666666666666,0.6666666666666666,1.0,0.6666666666666666,0.6666666666666666,0.6666666666666666,0.6666666666666666,0.6666666666666666,0.6666666666666666,0.6666666666666666,0.6666666666666666,0.6666666666666666,1.0,0.3333333333333333,0.3333333333333333,0.6666666666666666,0.6666666666666666,0.6666666666666666,0.6666666666666666,0.6666666666666666,0.6666666666666666,0.6666666666666666,0,8,3,0,0,5,29,6,0.4242424242424242,0.6749999999999999,0.5,0.3333333333333333,0.4444444444444444,0.6666666666666666,0.8333333333333333,0.5,0.7333333333333333,0.6666666666666666,0.6333333333333333,0.6666666666666666,0.4242424242424242,0.6749999999999999,0.42592592592592593,0.6714285714285714,0.6285072951739619,0.6343577620173365,1,1,0,0,1,0,0,1,1,2
2022,Czechia,CZ,Europe,EFUR3,https://www.fatf-gafi.org/content/fatf-gafi/en/publications/Mutualevaluations/Fur-czech-republic-2022.html,2022-11-01,MONEYVAL,1,ME,SE,ME,ME,ME,ME,ME,SE,SE,ME,ME,LC,LC,LC,C,LC,PC,PC,LC,C,LC,LC,LC,C,C,PC,LC,LC,LC,LC,LC,C,LC,LC,LC,LC,LC,LC,LC,LC,LC,C,PC,PC,LC,LC,LC,LC,LC,LC,LC,0.3333333333333333,0.6666666666666666,0.3333333333333333,0.3333333333333333,0.3333333333333333,0.3333333333333333,0.3333333333333333,0.6666666666666666,0.6666666666666666,0.3333333333333333,0.3333333333333333,0.6666666666666666,0.6666666666666666,0.6666666666666666,1.0,0.6666666666666666,0.3333333333333333,0.3333333333333333,0.6666666666666666,1.0,0.6666666666666666,0.6666666666666666,0.6666666666666666,1.0,1.0,0.3333333333333333,0.6666666666666666,0.6666666666666666,0.6666666666666666,0.6666666666666666,0.6666666666666666,1.0,0.6666666666666666,0.6666666666666666,0.6666666666666666,0.6666666666666666,0.6666666666666666,0.6666666666666666,0.6666666666666666,0.6666666666666666,0.6666666666666666,1.0,0.3333333333333333,0.3333333333333333,0.6666666666666666,0.6666666666666666,0.6666666666666666,0.6666666666666666,0.6666666666666666,0.6666666666666666,0.6666666666666666,0,8,3,0,0,5,29,6,0.4242424242424242,0.6749999999999999,0.5,0.3333333333333333,0.4444444444444444,0.6666666666666666,0.8333333333333333,0.5,0.7333333333333333,0.6666666666666666,0.6333333333333333,0.6666666666666666,0.4242424242424242,0.6749999999999999,0.42592592592592593,0.6714285714285714,0.6285072951739619,0.6343577620173365,1,1,0,0,1,0,0,1,1,3
2021,Democratic Republic of the Congo,CD,Africa,MER,https://www.fatf-gafi.org/content/fatf-gafi/en/publications/Mutualevaluations/Mer-drc-2021.html,2021-04-01,GABAC,1,LE,LE,LE,LE,LE,LE,LE,LE,LE,LE,LE,NC,PC,PC,PC,NC,NC,NC,NC,PC,NC,PC,PC,PC,PC,NC,NC,NC,LC,NC,PC,LC,NC,PC,NC,NC,PC,PC,NC,PC,PC,LC,PC,NC,PC,PC,PC,PC,PC,LC,PC,0.0,0.0,0.0,0.0,0.0,0.0,0.0,0.0,0.0,0.0,0.0,0.0,0.3333333333333333,0.3333333333333333,0.3333333333333333,0.0,0.0,0.0,0.0,0.3333333333333333,0.0,0.3333333333333333,0.3333333333333333,0.3333333333333333,0.3333333333333333,0.0,0.0,0.0,0.6666666666666666,0.0,0.3333333333333333,0.6666666666666666,0.0,0.3333333333333333,0.0,0.0,0.3333333333333333,0.3333333333333333,0.0,0.3333333333333333,0.3333333333333333,0.6666666666666666,0.3333333333333333,0.0,0.3333333333333333,0.3333333333333333,0.3333333333333333,0.3333333333333333,0.3333333333333333,0.6666666666666666,0.3333333333333333,11,0,0,0,15,21,4,0,0.0,0.24166666666666664,0.0,0.0,0.0,0.16666666666666666,0.3333333333333333,0.0,0.24444444444444444,0.0,0.3,0.39999999999999997,0.0,0.24166666666666664,0.0,0.20634920634920634,0.0,0.0,0,0,1,1,1,1,1,1,1,0
2023,Democratic Republic of the Congo,CD,Africa,EFUR2,https://www.fatf-gafi.org/content/fatf-gafi/en/publications/Mutualevaluations/democratic-republic-of-congo-progress-in-strengthening-measures-to-tackle-money-laundering-and-terrorist-financing.html,2023-09-01,GABAC,1,LE,LE,LE,LE,LE,LE,LE,LE,LE,LE,LE,PC,PC,C,PC,PC,PC,NC,NC,PC,PC,LC,PC,PC,PC,PC,NC,NC,LC,NC,C,LC,NC,PC,NC,NC,PC,PC,NC,PC,NC,LC,PC,NC,PC,PC,PC,PC,PC,LC,PC,0.0,0.0,0.0,0.0,0.0,0.0,0.0,0.0,0.0,0.0,0.0,0.3333333333333333,0.3333333333333333,1.0,0.3333333333333333,0.3333333333333333,0.3333333333333333,0.0,0.0,0.3333333333333333,0.3333333333333333,0.6666666666666666,0.3333333333333333,0.3333333333333333,0.3333333333333333,0.3333333333333333,0.0,0.0,0.6666666666666666,0.0,1.0,0.6666666666666666,0.0,0.3333333333333333,0.0,0.0,0.3333333333333333,0.3333333333333333,0.0,0.3333333333333333,0.0,0.6666666666666666,0.3333333333333333,0.0,0.3333333333333333,0.3333333333333333,0.3333333333333333,0.3333333333333333,0.3333333333333333,0.6666666666666666,0.3333333333333333,11,0,0,0,11,22,5,2,0.0,0.31666666666666665,0.0,0.0,0.0,0.3333333333333333,0.6666666666666666,0.16666666666666666,0.3555555555555555,0.0,0.26666666666666666,0.39999999999999997,0.0,0.31666666666666665,0.0,0.3126984126984127,0.0,0.0,1,1,1,1,1,1,1,1,1,2
2017,Denmark,DK,Europe,MER,https://www.fatf-gafi.org/content/fatf-gafi/en/publications/Mutualevaluations/Mer-denmark-2017.html,2017-08-01,FATF,1,ME,SE,LE,LE,ME,ME,ME,ME,SE,ME,SE,PC,PC,LC,LC,C,PC,PC,PC,LC,PC,LC,PC,PC,LC,PC,PC,PC,PC,LC,C,C,PC,LC,PC,PC,PC,LC,LC,LC,C,LC,LC,PC,PC,PC,LC,LC,LC,LC,LC,0.3333333333333333,0.6666666666666666,0.0,0.0,0.3333333333333333,0.3333333333333333,0.3333333333333333,0.3333333333333333,0.6666666666666666,0.3333333333333333,0.6666666666666666,0.3333333333333333,0.3333333333333333,0.6666666666666666,0.6666666666666666,1.0,0.3333333333333333,0.3333333333333333,0.3333333333333333,0.6666666666666666,0.3333333333333333,0.6666666666666666,0.3333333333333333,0.3333333333333333,0.6666666666666666,0.3333333333333333,0.3333333333333333,0.3333333333333333,0.3333333333333333,0.6666666666666666,1.0,1.0,0.3333333333333333,0.6666666666666666,0.3333333333333333,0.3333333333333333,0.3333333333333333,0.6666666666666666,0.6666666666666666,0.6666666666666666,1.0,0.6666666666666666,0.6666666666666666,0.3333333333333333,0.3333333333333333,0.3333333333333333,0.6666666666666666,0.6666666666666666,0.6666666666666666,0.6666666666666666,0.6666666666666666,2,6,3,0,0,19,17,4,0.3636363636363636,0.5416666666666666,0.5,0.1111111111111111,0.4444444444444444,0.3333333333333333,0.6666666666666666,0.5,0.5333333333333333,0.3333333333333333,0.5666666666666667,0.6666666666666666,0.3636363636363636,0.5416666666666666,0.35185185185185186,0.5142857142857142,0.6713286713286712,0.6841563786008231,0,0,1,1,1,0,1,1,1,0
2018,Denmark,DK,Europe,EFUR1,https://www.fatf-gafi.org/content/fatf-gafi/en/publications/Mutualevaluations/Fur-denmark-2018.html,2018-11-01,FATF,1,ME,SE,LE,LE,ME,ME,ME,ME,SE,ME,SE,PC,LC,LC,LC,C,PC,PC,PC,LC,LC,LC,C,PC,LC,LC,LC,LC,LC,LC,C,C,LC,LC,LC,PC,PC,LC,LC,LC,C,LC,LC,LC,PC,PC,LC,LC,LC,LC,LC,0.3333333333333333,0.6666666666666666,0.0,0.0,0.3333333333333333,0.3333333333333333,0.3333333333333333,0.3333333333333333,0.6666666666666666,0.3333333333333333,0.6666666666666666,0.3333333333333333,0.6666666666666666,0.6666666666666666,0.6666666666666666,1.0,0.3333333333333333,0.3333333333333333,0.3333333333333333,0.6666666666666666,0.6666666666666666,0.6666666666666666,1.0,0.3333333333333333,0.6666666666666666,0.6666666666666666,0.6666666666666666,0.6666666666666666,0.6666666666666666,0.6666666666666666,1.0,1.0,0.6666666666666666,0.6666666666666666,0.6666666666666666,0.3333333333333333,0.3333333333333333,0.6666666666666666,0.6666666666666666,0.6666666666666666,1.0,0.6666666666666666,0.6666666666666666,0.6666666666666666,0.3333333333333333,0.3333333333333333,0.6666666666666666,0.6666666666666666,0.6666666666666666,0.6666666666666666,0.6666666666666666,2,6,3,0,0,9,26,5,0.3636363636363636,0.6333333333333333,0.5,0.1111111111111111,0.4444444444444444,0.5,0.6666666666666666,0.5,0.711111111111111,0.5,0.6,0.6666666666666666,0.3636363636363636,0.6333333333333333,0.35185185185185186,0.5920634920634921,0.5741626794258373,0.5942806076854334,1,1,1,0,1,0,1,1,1,1
2019,Denmark,DK,Europe,EFUR2,https://www.fatf-gafi.org/content/fatf-gafi/en/publications/Mutualevaluations/Fur-denmark-2019.html,2019-11-01,FATF,1,ME,SE,LE,LE,ME,ME,ME,ME,SE,ME,SE,LC,LC,LC,LC,C,PC,PC,PC,LC,LC,LC,C,PC,LC,LC,LC,LC,LC,LC,C,C,LC,LC,LC,PC,PC,LC,LC,LC,C,LC,LC,LC,C,LC,LC,LC,LC,LC,LC,0.3333333333333333,0.6666666666666666,0.0,0.0,0.3333333333333333,0.3333333333333333,0.3333333333333333,0.3333333333333333,0.6666666666666666,0.3333333333333333,0.6666666666666666,0.6666666666666666,0.6666666666666666,0.6666666666666666,0.6666666666666666,1.0,0.3333333333333333,0.3333333333333333,0.3333333333333333,0.6666666666666666,0.6666666666666666,0.6666666666666666,1.0,0.3333333333333333,0.6666666666666666,0.6666666666666666,0.6666666666666666,0.6666666666666666,0.6666666666666666,0.6666666666666666,1.0,1.0,0.6666666666666666,0.6666666666666666,0.6666666666666666,0.3333333333333333,0.3333333333333333,0.6666666666666666,0.6666666666666666,0.6666666666666666,1.0,0.6666666666666666,0.6666666666666666,0.6666666666666666,1.0,0.6666666666666666,0.6666666666666666,0.6666666666666666,0.6666666666666666,0.6666666666666666,0.6666666666666666,2,6,3,0,0,6,28,6,0.3636363636363636,0.6666666666666666,0.5,0.1111111111111111,0.4444444444444444,0.6666666666666666,0.6666666666666666,0.5,0.711111111111111,0.5,0.7,0.6666666666666666,0.3636363636363636,0.6666666666666666,0.35185185185185186,0.6301587301587301,0.5454545454545454,0.5583543240973972,1,1,0,0,1,0,0,1,1,2
2021,Denmark,DK,Europe,EFUR3,https://www.fatf-gafi.org/content/fatf-gafi/en/publications/Mutualevaluations/Fur-denmark-2021.html,2021-02-01,FATF,1,ME,SE,LE,LE,ME,ME,ME,ME,SE,ME,SE,LC,LC,LC,LC,C,LC,LC,LC,LC,LC,LC,C,PC,LC,PC,LC,LC,LC,LC,C,C,LC,LC,LC,LC,LC,LC,LC,LC,C,LC,LC,LC,C,LC,LC,LC,LC,LC,LC,0.3333333333333333,0.6666666666666666,0.0,0.0,0.3333333333333333,0.3333333333333333,0.3333333333333333,0.3333333333333333,0.6666666666666666,0.3333333333333333,0.6666666666666666,0.6666666666666666,0.6666666666666666,0.6666666666666666,0.6666666666666666,1.0,0.6666666666666666,0.6666666666666666,0.6666666666666666,0.6666666666666666,0.6666666666666666,0.6666666666666666,1.0,0.3333333333333333,0.6666666666666666,0.3333333333333333,0.6666666666666666,0.6666666666666666,0.6666666666666666,0.6666666666666666,1.0,1.0,0.6666666666666666,0.6666666666666666,0.6666666666666666,0.6666666666666666,0.6666666666666666,0.6666666666666666,0.6666666666666666,0.6666666666666666,1.0,0.6666666666666666,0.6666666666666666,0.6666666666666666,1.0,0.6666666666666666,0.6666666666666666,0.6666666666666666,0.6666666666666666,0.6666666666666666,0.6666666666666666,2,6,3,0,0,2,32,6,0.3636363636363636,0.7,0.5,0.1111111111111111,0.4444444444444444,0.6666666666666666,0.6666666666666666,0.75,0.6888888888888889,0.6666666666666666,0.7333333333333333,0.6666666666666666,0.3636363636363636,0.7,0.35185185185185186,0.6912698412698413,0.5194805194805194,0.508993494068121,1,1,0,0,1,0,0,1,1,3
2024,Djibouti,DJ,Africa,MER,https://www.fatf-gafi.org/content/fatf-gafi/en/publications/Mutualevaluations/MER-Djibouti-2024.html,2024-11-01,MENAFATF,1,LE,ME,LE,LE,LE,LE,LE,LE,LE,LE,LE,PC,PC,LC,LC,PC,LC,PC,PC,C,PC,LC,LC,C,C,NC,LC,NA,LC,PC,C,C,PC,PC,PC,PC,PC,LC,PC,LC,C,C,C,PC,PC,PC,PC,PC,PC,LC,PC,0.0,0.3333333333333333,0.0,0.0,0.0,0.0,0.0,0.0,0.0,0.0,0.0,0.3333333333333333,0.3333333333333333,0.6666666666666666,0.6666666666666666,0.3333333333333333,0.6666666666666666,0.3333333333333333,0.3333333333333333,1.0,0.3333333333333333,0.6666666666666666,0.6666666666666666,1.0,1.0,0.0,0.6666666666666666,0.547008547008547,0.6666666666666666,0.3333333333333333,1.0,1.0,0.3333333333333333,0.3333333333333333,0.3333333333333333,0.3333333333333333,0.3333333333333333,0.6666666666666666,0.3333333333333333,0.6666666666666666,1.0,1.0,1.0,0.3333333333333333,0.3333333333333333,0.3333333333333333,0.3333333333333333,0.3333333333333333,0.3333333333333333,0.6666666666666666,0.3333333333333333,10,1,0,0,1,20,10,8,0.0303030303030303,0.547008547008547,0.16666666666666666,0.0,0.0,0.3333333333333333,0.6666666666666666,0.41666666666666663,0.6364672364672365,0.3333333333333333,0.6,0.39999999999999997,0.0303030303030303,0.547008547008547,0.05555555555555555,0.48378103378103376,0.05539772727272727,0.11483615866739579,0,0,1,1,1,1,1,1,1,0
2023,Dominica,DM,North America,MER,https://www.fatf-gafi.org/content/fatf-gafi/en/publications/Mutualevaluations/Dominica-Mutual-Evaluation-2023.html,2023-07-01,CFATF,1,ME,SE,ME,ME,ME,SE,LE,ME,ME,LE,LE,LC,LC,C,C,C,PC,NC,PC,C,LC,C,LC,C,LC,PC,LC,C,C,LC,C,C,PC,LC,PC,LC,LC,LC,PC,C,C,LC,C,LC,C,LC,C,LC,C,LC,LC,0.3333333333333333,0.6666666666666666,0.3333333333333333,0.3333333333333333,0.3333333333333333,0.6666666666666666,0.0,0.3333333333333333,0.3333333333333333,0.0,0.0,0.6666666666666666,0.6666666666666666,1.0,1.0,1.0,0.3333333333333333,0.0,0.3333333333333333,1.0,0.6666666666666666,1.0,0.6666666666666666,1.0,0.6666666666666666,0.3333333333333333,0.6666666666666666,1.0,1.0,0.6666666666666666,1.0,1.0,0.3333333333333333,0.6666666666666666,0.3333333333333333,0.6666666666666666,0.6666666666666666,0.6666666666666666,0.3333333333333333,1.0,1.0,0.6666666666666666,1.0,0.6666666666666666,1.0,0.6666666666666666,1.0,0.6666666666666666,1.0,0.6666666666666666,0.6666666666666666,3,6,2,0,1,6,17,16,0.30303030303030304,0.7333333333333333,0.5,0.3333333333333333,0.2222222222222222,0.6666666666666666,1.0,0.41666666666666663,0.7777777777777778,0.5,0.7666666666666666,0.7999999999999999,0.30303030303030304,0.7333333333333333,0.35185185185185186,0.7039682539682539,0.41322314049586784,0.4998121007140173,0,0,0,0,1,0,0,1,1,0
2018,Dominican Republic,DO,North America,MER,https://www.fatf-gafi.org/content/fatf-gafi/en/publications/Mutualevaluations/Mer-dominican-republic-2018.html,2018-09-01,GAFILAT,1,ME,SE,LE,ME,ME,ME,ME,ME,SE,ME,ME,LC,C,C,C,C,LC,LC,PC,C,LC,LC,LC,C,PC,C,LC,LC,PC,PC,C,LC,LC,C,LC,LC,PC,C,LC,C,LC,LC,PC,C,LC,C,C,LC,LC,PC,LC,0.3333333333333333,0.6666666666666666,0.0,0.3333333333333333,0.3333333333333333,0.3333333333333333,0.3333333333333333,0.3333333333333333,0.6666666666666666,0.3333333333333333,0.3333333333333333,0.6666666666666666,1.0,1.0,1.0,1.0,0.6666666666666666,0.6666666666666666,0.3333333333333333,1.0,0.6666666666666666,0.6666666666666666,0.6666666666666666,1.0,0.3333333333333333,1.0,0.6666666666666666,0.6666666666666666,0.3333333333333333,0.3333333333333333,1.0,0.6666666666666666,0.6666666666666666,1.0,0.6666666666666666,0.6666666666666666,0.3333333333333333,1.0,0.6666666666666666,1.0,0.6666666666666666,0.6666666666666666,0.3333333333333333,1.0,0.6666666666666666,1.0,1.0,0.6666666666666666,0.6666666666666666,0.3333333333333333,0.6666666666666666,1,8,2,0,0,7,19,14,0.3636363636363636,0.725,0.5,0.2222222222222222,0.38888888888888884,0.8333333333333333,1.0,0.6666666666666666,0.7111111111111111,0.6666666666666666,0.7333333333333333,0.6666666666666666,0.3636363636363636,0.725,0.37037037037037035,0.753968253968254,0.5015673981191222,0.49122807017543857,0,0,0,0,1,0,0,1,1,0
2019,Dominican Republic,DO,North America,EFUR1,https://www.fatf-gafi.org/content/fatf-gafi/en/publications/Mutualevaluations/Fur-dominican-republic-2019.html,2019-08-01,GAFILAT,1,ME,SE,LE,ME,ME,ME,ME,ME,SE,ME,ME,LC,C,C,C,C,LC,LC,PC,C,LC,LC,LC,C,PC,C,LC,LC,LC,PC,C,LC,LC,C,LC,LC,PC,C,LC,C,LC,LC,PC,C,LC,C,C,LC,LC,PC,LC,0.3333333333333333,0.6666666666666666,0.0,0.3333333333333333,0.3333333333333333,0.3333333333333333,0.3333333333333333,0.3333333333333333,0.6666666666666666,0.3333333333333333,0.3333333333333333,0.6666666666666666,1.0,1.0,1.0,1.0,0.6666666666666666,0.6666666666666666,0.3333333333333333,1.0,0.6666666666666666,0.6666666666666666,0.6666666666666666,1.0,0.3333333333333333,1.0,0.6666666666666666,0.6666666666666666,0.6666666666666666,0.3333333333333333,1.0,0.6666666666666666,0.6666666666666666,1.0,0.6666666666666666,0.6666666666666666,0.3333333333333333,1.0,0.6666666666666666,1.0,0.6666666666666666,0.6666666666666666,0.3333333333333333,1.0,0.6666666666666666,1.0,1.0,0.6666666666666666,0.6666666666666666,0.3333333333333333,0.6666666666666666,1,8,2,0,0,6,20,14,0.3636363636363636,0.7333333333333333,0.5,0.2222222222222222,0.38888888888888884,0.8333333333333333,1.0,0.6666666666666666,0.7333333333333333,0.6666666666666666,0.7333333333333333,0.6666666666666666,0.3636363636363636,0.7333333333333333,0.37037037037037035,0.7571428571428571,0.4958677685950413,0.4891684136967156,1,1,0,0,1,0,0,1,1,1
2023,Ecuador,EC,South America,MER,https://www.fatf-gafi.org/content/fatf-gafi/en/publications/Mutualevaluations/MER-Ecuador-2023.html,2023-01-01,GAFILAT,1,ME,SE,ME,ME,ME,ME,ME,ME,ME,ME,ME,LC,LC,C,C,LC,PC,PC,LC,LC,LC,PC,LC,PC,LC,PC,LC,NC,PC,LC,C,PC,PC,LC,LC,LC,LC,C,PC,C,C,C,PC,C,C,PC,C,LC,LC,LC,LC,0.3333333333333333,0.6666666666666666,0.3333333333333333,0.3333333333333333,0.3333333333333333,0.3333333333333333,0.3333333333333333,0.3333333333333333,0.3333333333333333,0.3333333333333333,0.3333333333333333,0.6666666666666666,0.6666666666666666,1.0,1.0,0.6666666666666666,0.3333333333333333,0.3333333333333333,0.6666666666666666,0.6666666666666666,0.6666666666666666,0.3333333333333333,0.6666666666666666,0.3333333333333333,0.6666666666666666,0.3333333333333333,0.6666666666666666,0.0,0.3333333333333333,0.6666666666666666,1.0,0.3333333333333333,0.3333333333333333,0.6666666666666666,0.6666666666666666,0.6666666666666666,0.6666666666666666,1.0,0.3333333333333333,1.0,1.0,1.0,0.3333333333333333,1.0,1.0,0.3333333333333333,1.0,0.6666666666666666,0.6666666666666666,0.6666666666666666,0.6666666666666666,0,10,1,0,1,11,18,10,0.3636363636363636,0.6416666666666666,0.5,0.3333333333333333,0.3333333333333333,0.6666666666666666,1.0,0.5,0.5111111111111111,0.6666666666666666,0.7666666666666666,0.7333333333333333,0.3636363636363636,0.6416666666666666,0.3888888888888889,0.692063492063492,0.5667060212514757,0.5619266055045872,0,0,1,1,1,0,1,1,1,0
2021,Egypt,EG,Africa,MER,https://www.fatf-gafi.org/content/fatf-gafi/en/publications/Mutualevaluations/Mer-egypt-2021.html,2021-05-01,MENAFATF,1,SE,SE,ME,ME,ME,SE,LE,ME,SE,ME,ME,LC,C,PC,LC,LC,LC,LC,LC,C,LC,LC,C,C,PC,PC,LC,C,C,C,LC,LC,PC,PC,PC,LC,LC,C,PC,C,LC,LC,LC,LC,LC,LC,PC,LC,LC,LC,LC,0.6666666666666666,0.6666666666666666,0.3333333333333333,0.3333333333333333,0.3333333333333333,0.6666666666666666,0.0,0.3333333333333333,0.6666666666666666,0.3333333333333333,0.3333333333333333,0.6666666666666666,1.0,0.3333333333333333,0.6666666666666666,0.6666666666666666,0.6666666666666666,0.6666666666666666,0.6666666666666666,1.0,0.6666666666666666,0.6666666666666666,1.0,1.0,0.3333333333333333,0.3333333333333333,0.6666666666666666,1.0,1.0,1.0,0.6666666666666666,0.6666666666666666,0.3333333333333333,0.3333333333333333,0.3333333333333333,0.6666666666666666,0.6666666666666666,1.0,0.3333333333333333,1.0,0.6666666666666666,0.6666666666666666,0.6666666666666666,0.6666666666666666,0.6666666666666666,0.6666666666666666,0.3333333333333333,0.6666666666666666,0.6666666666666666,0.6666666666666666,0.6666666666666666,1,6,4,0,0,8,23,9,0.4242424242424242,0.6749999999999999,0.6666666666666666,0.3333333333333333,0.38888888888888884,0.8333333333333333,0.5,0.6666666666666666,0.7111111111111111,0.5,0.7,0.6,0.4242424242424242,0.6749999999999999,0.4629629629629629,0.6444444444444444,0.6285072951739619,0.7183908045977011,0,0,1,1,1,0,1,1,1,0
2024,Egypt,EG,Africa,EFUR3,https://www.fatf-gafi.org/content/fatf-gafi/en/publications/Mutualevaluations/fur-egypt-2024.html,2024-05-01,MENAFATF,1,SE,SE,ME,ME,ME,SE,LE,ME,SE,ME,ME,LC,C,PC,LC,LC,LC,LC,LC,C,LC,LC,C,C,C,LC,LC,C,C,C,LC,LC,LC,C,PC,LC,LC,C,PC,C,LC,LC,LC,LC,LC,LC,PC,LC,LC,LC,LC,0.6666666666666666,0.6666666666666666,0.3333333333333333,0.3333333333333333,0.3333333333333333,0.6666666666666666,0.0,0.3333333333333333,0.6666666666666666,0.3333333333333333,0.3333333333333333,0.6666666666666666,1.0,0.3333333333333333,0.6666666666666666,0.6666666666666666,0.6666666666666666,0.6666666666666666,0.6666666666666666,1.0,0.6666666666666666,0.6666666666666666,1.0,1.0,1.0,0.6666666666666666,0.6666666666666666,1.0,1.0,1.0,0.6666666666666666,0.6666666666666666,0.6666666666666666,1.0,0.3333333333333333,0.6666666666666666,0.6666666666666666,1.0,0.3333333333333333,1.0,0.6666666666666666,0.6666666666666666,0.6666666666666666,0.6666666666666666,0.6666666666666666,0.6666666666666666,0.3333333333333333,0.6666666666666666,0.6666666666666666,0.6666666666666666,0.6666666666666666,1,6,4,0,0,4,25,11,0.4242424242424242,0.725,0.6666666666666666,0.3333333333333333,0.38888888888888884,0.8333333333333333,0.5,0.6666666666666666,0.8444444444444444,0.5,0.7,0.6,0.4242424242424242,0.725,0.4629629629629629,0.6634920634920635,0.5851619644723093,0.6977671451355661,1,1,0,1,1,0,1,1,1,3
2024,El Salvador,SV,North America,MER,https://www.fatf-gafi.org/content/fatf-gafi/en/publications/Mutualevaluations/el-salvador-mer-2024.html,2024-08-01,GAFILAT,1,ME,SE,LE,ME,ME,ME,ME,ME,ME,ME,ME,LC,C,LC,LC,LC,LC,PC,PC,LC,LC,C,LC,LC,C,PC,PC,NA,LC,C,C,LC,LC,LC,PC,LC,LC,LC,NC,LC,LC,LC,LC,LC,C,PC,LC,LC,PC,LC,LC,0.3333333333333333,0.6666666666666666,0.0,0.3333333333333333,0.3333333333333333,0.3333333333333333,0.3333333333333333,0.3333333333333333,0.3333333333333333,0.3333333333333333,0.3333333333333333,0.6666666666666666,1.0,0.6666666666666666,0.6666666666666666,0.6666666666666666,0.6666666666666666,0.3333333333333333,0.3333333333333333,0.6666666666666666,0.6666666666666666,1.0,0.6666666666666666,0.6666666666666666,1.0,0.3333333333333333,0.3333333333333333,0.641025641025641,0.6666666666666666,1.0,1.0,0.6666666666666666,0.6666666666666666,0.6666666666666666,0.3333333333333333,0.6666666666666666,0.6666666666666666,0.6666666666666666,0.0,0.6666666666666666,0.6666666666666666,0.6666666666666666,0.6666666666666666,0.6666666666666666,1.0,0.3333333333333333,0.6666666666666666,0.6666666666666666,0.3333333333333333,0.6666666666666666,0.6666666666666666,1,9,1,0,1,7,25,6,0.3333333333333333,0.641025641025641,0.5,0.2222222222222222,0.3333333333333333,0.8333333333333333,0.6666666666666666,0.5,0.7094017094017093,0.5,0.6,0.6,0.3333333333333333,0.641025641025641,0.35185185185185186,0.6299145299145299,0.52,0.5585707824513795,0,0,1,0,1,0,1,1,1,0
2024,Equatorial Guinea,GQ,Africa,MER,https://www.fatf-gafi.org/content/fatf-gafi/en/publications/Mutualevaluations/Equatorial-Guinea-MER-2024.html,2024-11-01,GABAC,1,LE,LE,LE,LE,LE,LE,LE,LE,LE,LE,LE,PC,PC,C,PC,LC,PC,PC,NC,LC,PC,LC,PC,LC,LC,NC,PC,LC,LC,PC,PC,C,PC,PC,NC,PC,PC,C,NC,PC,C,C,PC,NC,PC,PC,PC,LC,PC,LC,PC,0.0,0.0,0.0,0.0,0.0,0.0,0.0,0.0,0.0,0.0,0.0,0.3333333333333333,0.3333333333333333,1.0,0.3333333333333333,0.6666666666666666,0.3333333333333333,0.3333333333333333,0.0,0.6666666666666666,0.3333333333333333,0.6666666666666666,0.3333333333333333,0.6666666666666666,0.6666666666666666,0.0,0.3333333333333333,0.6666666666666666,0.6666666666666666,0.3333333333333333,0.3333333333333333,1.0,0.3333333333333333,0.3333333333333333,0.0,0.3333333333333333,0.3333333333333333,1.0,0.0,0.3333333333333333,1.0,1.0,0.3333333333333333,0.0,0.3333333333333333,0.3333333333333333,0.3333333333333333,0.6666666666666666,0.3333333333333333,0.6666666666666666,0.3333333333333333,11,0,0,0,5,21,9,5,0.0,0.44999999999999996,0.0,0.0,0.0,0.3333333333333333,0.6666666666666666,0.3333333333333333,0.4888888888888889,0.16666666666666666,0.4666666666666667,0.4666666666666666,0.0,0.44999999999999996,0.0,0.4174603174603174,0.0,0.0,0,0,1,1,1,1,1,1,1,0
2022,Estonia,EE,Europe,MER,https://www.fatf-gafi.org/en/publications/Mutualevaluations/MER-Estonia-2022.html,2022-12-01,MONEYVAL,1,ME,SE,ME,ME,ME,SE,ME,ME,ME,ME,SE,PC,C,LC,C,LC,PC,PC,PC,C,LC,C,LC,PC,LC,PC,C,LC,LC,PC,PC,PC,LC,PC,PC,PC,LC,LC,PC,LC,C,C,LC,PC,LC,PC,LC,LC,LC,LC,LC,0.3333333333333333,0.6666666666666666,0.3333333333333333,0.3333333333333333,0.3333333333333333,0.6666666666666666,0.3333333333333333,0.3333333333333333,0.3333333333333333,0.3333333333333333,0.6666666666666666,0.3333333333333333,1.0,0.6666666666666666,1.0,0.6666666666666666,0.3333333333333333,0.3333333333333333,0.3333333333333333,1.0,0.6666666666666666,1.0,0.6666666666666666,0.3333333333333333,0.6666666666666666,0.3333333333333333,1.0,0.6666666666666666,0.6666666666666666,0.3333333333333333,0.3333333333333333,0.3333333333333333,0.6666666666666666,0.3333333333333333,0.3333333333333333,0.3333333333333333,0.6666666666666666,0.6666666666666666,0.3333333333333333,0.6666666666666666,1.0,1.0,0.6666666666666666,0.3333333333333333,0.6666666666666666,0.3333333333333333,0.6666666666666666,0.6666666666666666,0.6666666666666666,0.6666666666666666,0.6666666666666666,0,8,3,0,0,15,18,7,0.4242424242424242,0.6,0.5,0.3333333333333333,0.4444444444444444,0.6666666666666666,0.8333333333333333,0.41666666666666663,0.6,0.3333333333333333,0.6333333333333333,0.6666666666666666,0.4242424242424242,0.6,0.42592592592592593,0.5928571428571429,0.7070707070707071,0.7184292726461401,0,0,1,1,1,0,1,1,1,0
2024,Estonia,EE,Europe,EFUR1,https://www.fatf-gafi.org/content/fatf-gafi/en/publications/Mutualevaluations/Estonia-FUR-2024.html,2024-12-01,MONEYVAL,1,ME,SE,ME,ME,ME,SE,ME,ME,ME,ME,SE,PC,C,LC,C,LC,LC,PC,PC,C,LC,C,LC,PC,LC,PC,C,LC,LC,PC,PC,PC,LC,PC,PC,PC,LC,LC,PC,LC,C,C,LC,PC,LC,PC,LC,LC,LC,LC,LC,0.3333333333333333,0.6666666666666666,0.3333333333333333,0.3333333333333333,0.3333333333333333,0.6666666666666666,0.3333333333333333,0.3333333333333333,0.3333333333333333,0.3333333333333333,0.6666666666666666,0.3333333333333333,1.0,0.6666666666666666,1.0,0.6666666666666666,0.6666666666666666,0.3333333333333333,0.3333333333333333,1.0,0.6666666666666666,1.0,0.6666666666666666,0.3333333333333333,0.6666666666666666,0.3333333333333333,1.0,0.6666666666666666,0.6666666666666666,0.3333333333333333,0.3333333333333333,0.3333333333333333,0.6666666666666666,0.3333333333333333,0.3333333333333333,0.3333333333333333,0.6666666666666666,0.6666666666666666,0.3333333333333333,0.6666666666666666,1.0,1.0,0.6666666666666666,0.3333333333333333,0.6666666666666666,0.3333333333333333,0.6666666666666666,0.6666666666666666,0.6666666666666666,0.6666666666666666,0.6666666666666666,0,8,3,0,0,14,19,7,0.4242424242424242,0.6083333333333333,0.5,0.3333333333333333,0.4444444444444444,0.6666666666666666,0.8333333333333333,0.5,0.6,0.3333333333333333,0.6333333333333333,0.6666666666666666,0.4242424242424242,0.6083333333333333,0.42592592592592593,0.6047619047619047,0.6973848069738481,0.7042869641294839,1,1,1,1,1,0,1,1,1,1
2022,Eswatini,SZ,Africa,MER,https://www.fatf-gafi.org/en/publications/Mutualevaluations/Mer-eswatini-2022.html,2022-06-01,ESAAMLG,1,LE,LE,LE,LE,LE,LE,LE,LE,LE,LE,LE,PC,PC,LC,LC,PC,NC,NC,NC,LC,PC,LC,PC,LC,PC,NC,NC,PC,PC,NC,C,LC,PC,PC,NC,PC,PC,C,PC,LC,C,LC,PC,PC,PC,LC,LC,PC,LC,PC,PC,0.0,0.0,0.0,0.0,0.0,0.0,0.0,0.0,0.0,0.0,0.0,0.3333333333333333,0.3333333333333333,0.6666666666666666,0.6666666666666666,0.3333333333333333,0.0,0.0,0.0,0.6666666666666666,0.3333333333333333,0.6666666666666666,0.3333333333333333,0.6666666666666666,0.3333333333333333,0.0,0.0,0.3333333333333333,0.3333333333333333,0.0,1.0,0.6666666666666666,0.3333333333333333,0.3333333333333333,0.0,0.3333333333333333,0.3333333333333333,1.0,0.3333333333333333,0.6666666666666666,1.0,0.6666666666666666,0.3333333333333333,0.3333333333333333,0.3333333333333333,0.6666666666666666,0.6666666666666666,0.3333333333333333,0.6666666666666666,0.3333333333333333,0.3333333333333333,11,0,0,0,7,19,11,3,0.0,0.41666666666666663,0.0,0.0,0.0,0.3333333333333333,0.6666666666666666,0.08333333333333333,0.39999999999999997,0.16666666666666666,0.5666666666666667,0.4666666666666666,0.0,0.41666666666666663,0.0,0.3833333333333333,0.0,0.0,0,0,1,1,1,1,1,1,1,0
2015,Ethiopia,ET,Africa,MER,https://www.fatf-gafi.org/content/fatf-gafi/en/publications/Mutualevaluations/Mer-ethiopia-2015.html,2015-05-01,ESAAMLG/WB,1,LE,ME,LE,LE,ME,LE,LE,LE,LE,LE,LE,NC,PC,LC,LC,LC,NC,NC,PC,C,LC,C,C,C,PC,LC,C,C,LC,PC,C,LC,LC,LC,PC,NA,LC,C,PC,LC,LC,LC,PC,PC,PC,LC,PC,LC,LC,LC,NC,0.0,0.3333333333333333,0.0,0.0,0.3333333333333333,0.0,0.0,0.0,0.0,0.0,0.0,0.0,0.3333333333333333,0.6666666666666666,0.6666666666666666,0.6666666666666666,0.0,0.0,0.3333333333333333,1.0,0.6666666666666666,1.0,1.0,1.0,0.3333333333333333,0.6666666666666666,1.0,1.0,0.6666666666666666,0.3333333333333333,1.0,0.6666666666666666,0.6666666666666666,0.6666666666666666,0.3333333333333333,0.5811965811965811,0.6666666666666666,1.0,0.3333333333333333,0.6666666666666666,0.6666666666666666,0.6666666666666666,0.3333333333333333,0.3333333333333333,0.3333333333333333,0.6666666666666666,0.3333333333333333,0.6666666666666666,0.6666666666666666,0.6666666666666666,0.0,9,2,0,0,4,10,17,8,0.0606060606060606,0.5811965811965811,0.16666666666666666,0.1111111111111111,0.0,0.16666666666666666,0.6666666666666666,0.25,0.7777777777777778,0.4572649572649572,0.5666666666666667,0.4666666666666666,0.0606060606060606,0.5811965811965811,0.09259259259259259,0.4788156288156288,0.10427807486631016,0.19337838412172215,0,0,1,0,1,1,1,1,1,0
2018,Ethiopia,ET,Africa,EFUR5,https://www.fatf-gafi.org/content/fatf-gafi/en/publications/Mutualevaluations/Fur-ethiopia-2018.html,2018-09-01,ESAAMLG,1,LE,ME,LE,LE,ME,LE,LE,LE,LE,LE,LE,C,PC,LC,LC,LC,LC,NC,PC,C,LC,C,C,C,C,LC,C,C,LC,LC,C,LC,LC,LC,PC,NA,LC,C,LC,LC,LC,LC,PC,LC,PC,LC,PC,LC,LC,LC,NC,0.0,0.3333333333333333,0.0,0.0,0.3333333333333333,0.0,0.0,0.0,0.0,0.0,0.0,1.0,0.3333333333333333,0.6666666666666666,0.6666666666666666,0.6666666666666666,0.6666666666666666,0.0,0.3333333333333333,1.0,0.6666666666666666,1.0,1.0,1.0,1.0,0.6666666666666666,1.0,1.0,0.6666666666666666,0.6666666666666666,1.0,0.6666666666666666,0.6666666666666666,0.6666666666666666,0.3333333333333333,0.6666666666666666,0.6666666666666666,1.0,0.6666666666666666,0.6666666666666666,0.6666666666666666,0.6666666666666666,0.3333333333333333,0.6666666666666666,0.3333333333333333,0.6666666666666666,0.3333333333333333,0.6666666666666666,0.6666666666666666,0.6666666666666666,0.0,9,2,0,0,2,6,21,10,0.0606060606060606,0.6666666666666666,0.16666666666666666,0.1111111111111111,0.0,0.6666666666666666,0.6666666666666666,0.41666666666666663,0.8444444444444444,0.5,0.6333333333333333,0.4666666666666666,0.0606060606060606,0.6666666666666666,0.09259259259259259,0.5992063492063492,0.09090909090909091,0.15452538631346577,1,1,1,0,1,1,1,1,1,5
2019,Ethiopia,ET,Africa,EFUR6,https://www.fatf-gafi.org/content/fatf-gafi/en/publications/Mutualevaluations/Fur-ethiopia-2019.html,2019-09-01,ESAAMLG,1,LE,ME,LE,LE,ME,LE,LE,LE,LE,LE,LE,C,LC,LC,LC,LC,LC,PC,LC,C,LC,C,C,C,C,LC,C,C,LC,LC,C,LC,LC,LC,PC,NA,LC,C,LC,LC,LC,LC,PC,LC,PC,LC,C,LC,LC,LC,PC,0.0,0.3333333333333333,0.0,0.0,0.3333333333333333,0.0,0.0,0.0,0.0,0.0,0.0,1.0,0.6666666666666666,0.6666666666666666,0.6666666666666666,0.6666666666666666,0.6666666666666666,0.3333333333333333,0.6666666666666666,1.0,0.6666666666666666,1.0,1.0,1.0,1.0,0.6666666666666666,1.0,1.0,0.6666666666666666,0.6666666666666666,1.0,0.6666666666666666,0.6666666666666666,0.6666666666666666,0.3333333333333333,0.717948717948718,0.6666666666666666,1.0,0.6666666666666666,0.6666666666666666,0.6666666666666666,0.6666666666666666,0.3333333333333333,0.6666666666666666,0.3333333333333333,0.6666666666666666,1.0,0.6666666666666666,0.6666666666666666,0.6666666666666666,0.3333333333333333,9,2,0,0,0,5,23,11,0.0606060606060606,0.717948717948718,0.16666666666666666,0.1111111111111111,0.0,0.8333333333333333,0.6666666666666666,0.5833333333333333,0.8444444444444444,0.5256410256410257,0.6333333333333333,0.6666666666666666,0.0606060606060606,0.717948717948718,0.09259259259259259,0.679059829059829,0.0844155844155844,0.13635410111181037,1,1,0,0,1,1,0,1,1,6
2020,Ethiopia,ET,Africa,EFUR7,https://www.fatf-gafi.org/content/fatf-gafi/en/publications/Mutualevaluations/Fur-ethiopia-2021.html,2020-12-01,ESAAMLG,1,LE,ME,LE,LE,ME,LE,LE,LE,LE,LE,LE,C,LC,LC,LC,LC,LC,LC,LC,C,LC,C,C,C,C,LC,C,C,LC,LC,C,LC,LC,LC,PC,NA,LC,C,LC,LC,LC,LC,PC,LC,PC,LC,C,LC,LC,LC,PC,0.0,0.3333333333333333,0.0,0.0,0.3333333333333333,0.0,0.0,0.0,0.0,0.0,0.0,1.0,0.6666666666666666,0.6666666666666666,0.6666666666666666,0.6666666666666666,0.6666666666666666,0.6666666666666666,0.6666666666666666,1.0,0.6666666666666666,1.0,1.0,1.0,1.0,0.6666666666666666,1.0,1.0,0.6666666666666666,0.6666666666666666,1.0,0.6666666666666666,0.6666666666666666,0.6666666666666666,0.3333333333333333,0.7264957264957265,0.6666666666666666,1.0,0.6666666666666666,0.6666666666666666,0.6666666666666666,0.6666666666666666,0.3333333333333333,0.6666666666666666,0.3333333333333333,0.6666666666666666,1.0,0.6666666666666666,0.6666666666666666,0.6666666666666666,0.3333333333333333,9,2,0,0,0,4,24,11,0.0606060606060606,0.7264957264957265,0.16666666666666666,0.1111111111111111,0.0,0.8333333333333333,0.6666666666666666,0.6666666666666666,0.8444444444444444,0.5299145299145299,0.6333333333333333,0.6666666666666666,0.0606060606060606,0.7264957264957265,0.09259259259259259,0.6915750915750916,0.08342245989304813,0.13388653483992466,1,1,0,0,1,1,0,1,1,7
2021,Ethiopia,ET,Africa,EFUR8,https://www.fatf-gafi.org/content/fatf-gafi/en/publications/Mutualevaluations/Fur-ethiopia-aug-2021.html,2021-04-01,ESAAMLG,1,LE,ME,LE,LE,ME,LE,LE,LE,LE,LE,LE,C,LC,LC,LC,LC,LC,LC,LC,C,LC,C,C,C,C,PC,C,C,LC,LC,C,LC,LC,LC,PC,NA,LC,C,LC,LC,LC,LC,PC,LC,LC,LC,C,LC,LC,LC,PC,0.0,0.3333333333333333,0.0,0.0,0.3333333333333333,0.0,0.0,0.0,0.0,0.0,0.0,1.0,0.6666666666666666,0.6666666666666666,0.6666666666666666,0.6666666666666666,0.6666666666666666,0.6666666666666666,0.6666666666666666,1.0,0.6666666666666666,1.0,1.0,1.0,1.0,0.3333333333333333,1.0,1.0,0.6666666666666666,0.6666666666666666,1.0,0.6666666666666666,0.6666666666666666,0.6666666666666666,0.3333333333333333,0.7264957264957265,0.6666666666666666,1.0,0.6666666666666666,0.6666666666666666,0.6666666666666666,0.6666666666666666,0.3333333333333333,0.6666666666666666,0.6666666666666666,0.6666666666666666,1.0,0.6666666666666666,0.6666666666666666,0.6666666666666666,0.3333333333333333,9,2,0,0,0,4,24,11,0.0606060606060606,0.7264957264957265,0.16666666666666666,0.1111111111111111,0.0,0.8333333333333333,0.6666666666666666,0.6666666666666666,0.8222222222222222,0.5299145299145299,0.6666666666666666,0.6666666666666666,0.0606060606060606,0.7264957264957265,0.09259259259259259,0.6931623931623931,0.08342245989304813,0.13357994245787094,1,1,0,0,1,1,0,1,1,8
2022,Ethiopia,ET,Africa,EFUR10,https://www.fatf-gafi.org/content/fatf-gafi/en/publications/Mutualevaluations/Fur-ethiopia-2022.html,2022-04-01,ESAAMLG,1,LE,ME,LE,LE,ME,LE,LE,LE,LE,LE,LE,C,LC,LC,LC,LC,LC,LC,LC,C,LC,C,C,C,C,PC,C,C,LC,LC,C,LC,LC,LC,LC,NA,LC,C,LC,LC,LC,LC,PC,LC,LC,LC,C,LC,LC,LC,PC,0.0,0.3333333333333333,0.0,0.0,0.3333333333333333,0.0,0.0,0.0,0.0,0.0,0.0,1.0,0.6666666666666666,0.6666666666666666,0.6666666666666666,0.6666666666666666,0.6666666666666666,0.6666666666666666,0.6666666666666666,1.0,0.6666666666666666,1.0,1.0,1.0,1.0,0.3333333333333333,1.0,1.0,0.6666666666666666,0.6666666666666666,1.0,0.6666666666666666,0.6666666666666666,0.6666666666666666,0.6666666666666666,0.735042735042735,0.6666666666666666,1.0,0.6666666666666666,0.6666666666666666,0.6666666666666666,0.6666666666666666,0.3333333333333333,0.6666666666666666,0.6666666666666666,0.6666666666666666,1.0,0.6666666666666666,0.6666666666666666,0.6666666666666666,0.3333333333333333,9,2,0,0,0,3,25,11,0.0606060606060606,0.735042735042735,0.16666666666666666,0.1111111111111111,0.0,0.8333333333333333,0.6666666666666666,0.6666666666666666,0.8222222222222222,0.7008547008547008,0.6666666666666666,0.6666666666666666,0.0606060606060606,0.735042735042735,0.09259259259259259,0.7175824175824176,0.0824524312896406,0.12903408768646135,1,1,0,0,1,1,0,1,1,10
2016,Fiji,FJ,Oceania,MER,https://www.fatf-gafi.org/content/fatf-gafi/en/publications/Mutualevaluations/Mer-fiji-2016.html,2016-10-01,APG,1,ME,ME,ME,ME,LE,ME,ME,LE,LE,LE,LE,PC,PC,LC,C,PC,NC,NC,PC,C,PC,PC,PC,C,C,PC,PC,PC,PC,NC,LC,LC,NC,PC,PC,PC,LC,LC,PC,C,C,LC,LC,PC,LC,PC,PC,LC,C,PC,LC,0.3333333333333333,0.3333333333333333,0.3333333333333333,0.3333333333333333,0.0,0.3333333333333333,0.3333333333333333,0.0,0.0,0.0,0.0,0.3333333333333333,0.3333333333333333,0.6666666666666666,1.0,0.3333333333333333,0.0,0.0,0.3333333333333333,1.0,0.3333333333333333,0.3333333333333333,0.3333333333333333,1.0,1.0,0.3333333333333333,0.3333333333333333,0.3333333333333333,0.3333333333333333,0.0,0.6666666666666666,0.6666666666666666,0.0,0.3333333333333333,0.3333333333333333,0.3333333333333333,0.6666666666666666,0.6666666666666666,0.3333333333333333,1.0,1.0,0.6666666666666666,0.6666666666666666,0.3333333333333333,0.6666666666666666,0.3333333333333333,0.3333333333333333,0.6666666666666666,1.0,0.3333333333333333,0.6666666666666666,5,6,0,0,4,19,10,7,0.1818181818181818,0.5,0.3333333333333333,0.2222222222222222,0.1111111111111111,0.3333333333333333,0.8333333333333333,0.16666666666666666,0.4666666666666667,0.3333333333333333,0.6333333333333333,0.6,0.1818181818181818,0.5,0.2222222222222222,0.4809523809523809,0.3636363636363636,0.4620462046204621,0,0,1,1,1,1,1,1,1,0
2017,Fiji,FJ,Oceania,EFUR1,https://www.fatf-gafi.org/content/fatf-gafi/en/publications/Mutualevaluations/Fur-fiji-2017.html,2017-10-01,APG,1,ME,ME,ME,ME,LE,ME,ME,LE,LE,LE,LE,LC,PC,LC,C,C,PC,PC,PC,C,LC,C,PC,C,C,PC,LC,LC,LC,NC,LC,LC,PC,PC,PC,PC,LC,LC,PC,C,C,LC,LC,PC,LC,LC,PC,LC,C,PC,LC,0.3333333333333333,0.3333333333333333,0.3333333333333333,0.3333333333333333,0.0,0.3333333333333333,0.3333333333333333,0.0,0.0,0.0,0.0,0.6666666666666666,0.3333333333333333,0.6666666666666666,1.0,1.0,0.3333333333333333,0.3333333333333333,0.3333333333333333,1.0,0.6666666666666666,1.0,0.3333333333333333,1.0,1.0,0.3333333333333333,0.6666666666666666,0.6666666666666666,0.6666666666666666,0.0,0.6666666666666666,0.6666666666666666,0.3333333333333333,0.3333333333333333,0.3333333333333333,0.3333333333333333,0.6666666666666666,0.6666666666666666,0.3333333333333333,1.0,1.0,0.6666666666666666,0.6666666666666666,0.3333333333333333,0.6666666666666666,0.6666666666666666,0.3333333333333333,0.6666666666666666,1.0,0.3333333333333333,0.6666666666666666,5,6,0,0,1,14,16,9,0.1818181818181818,0.6083333333333333,0.3333333333333333,0.2222222222222222,0.1111111111111111,0.5,0.8333333333333333,0.5,0.6222222222222222,0.3333333333333333,0.6666666666666666,0.6,0.1818181818181818,0.6083333333333333,0.2222222222222222,0.5793650793650793,0.298879202988792,0.3835616438356165,1,1,1,0,1,1,1,1,1,1
2018,Fiji,FJ,Oceania,EFUR2,https://www.fatf-gafi.org/content/fatf-gafi/en/publications/Mutualevaluations/Fur-fiji-2018.html,2018-09-01,APG,1,ME,ME,ME,ME,LE,ME,ME,LE,LE,LE,LE,LC,LC,LC,C,C,PC,PC,PC,C,LC,C,C,C,C,C,LC,LC,LC,C,LC,LC,LC,LC,PC,PC,LC,LC,LC,C,C,LC,LC,PC,LC,LC,LC,LC,C,PC,LC,0.3333333333333333,0.3333333333333333,0.3333333333333333,0.3333333333333333,0.0,0.3333333333333333,0.3333333333333333,0.0,0.0,0.0,0.0,0.6666666666666666,0.6666666666666666,0.6666666666666666,1.0,1.0,0.3333333333333333,0.3333333333333333,0.3333333333333333,1.0,0.6666666666666666,1.0,1.0,1.0,1.0,1.0,0.6666666666666666,0.6666666666666666,0.6666666666666666,1.0,0.6666666666666666,0.6666666666666666,0.6666666666666666,0.6666666666666666,0.3333333333333333,0.3333333333333333,0.6666666666666666,0.6666666666666666,0.6666666666666666,1.0,1.0,0.6666666666666666,0.6666666666666666,0.3333333333333333,0.6666666666666666,0.6666666666666666,0.6666666666666666,0.6666666666666666,1.0,0.3333333333333333,0.6666666666666666,5,6,0,0,0,7,21,12,0.1818181818181818,0.7083333333333333,0.3333333333333333,0.2222222222222222,0.1111111111111111,0.6666666666666666,0.8333333333333333,0.5,0.8222222222222222,0.3333333333333333,0.7,0.6666666666666666,0.1818181818181818,0.7083333333333333,0.2222222222222222,0.646031746031746,0.2566844919786096,0.343980343980344,1,1,0,0,1,1,0,1,1,2
2019,Fiji,FJ,Oceania,EFUR3,https://www.fatf-gafi.org/content/fatf-gafi/en/publications/Mutualevaluations/Fur-fiji-2019.html,2019-08-01,APG,1,ME,ME,ME,ME,LE,ME,ME,LE,LE,LE,LE,LC,LC,LC,C,C,PC,PC,PC,C,LC,C,C,C,C,C,LC,LC,LC,C,LC,LC,LC,LC,PC,PC,LC,LC,LC,C,C,LC,LC,C,LC,LC,LC,LC,C,PC,LC,0.3333333333333333,0.3333333333333333,0.3333333333333333,0.3333333333333333,0.0,0.3333333333333333,0.3333333333333333,0.0,0.0,0.0,0.0,0.6666666666666666,0.6666666666666666,0.6666666666666666,1.0,1.0,0.3333333333333333,0.3333333333333333,0.3333333333333333,1.0,0.6666666666666666,1.0,1.0,1.0,1.0,1.0,0.6666666666666666,0.6666666666666666,0.6666666666666666,1.0,0.6666666666666666,0.6666666666666666,0.6666666666666666,0.6666666666666666,0.3333333333333333,0.3333333333333333,0.6666666666666666,0.6666666666666666,0.6666666666666666,1.0,1.0,0.6666666666666666,0.6666666666666666,1.0,0.6666666666666666,0.6666666666666666,0.6666666666666666,0.6666666666666666,1.0,0.3333333333333333,0.6666666666666666,5,6,0,0,0,6,21,13,0.1818181818181818,0.725,0.3333333333333333,0.2222222222222222,0.1111111111111111,0.6666666666666666,0.8333333333333333,0.5,0.8222222222222222,0.3333333333333333,0.7666666666666666,0.6666666666666666,0.1818181818181818,0.725,0.2222222222222222,0.6555555555555556,0.2507836990595611,0.3389830508474576,1,1,0,0,1,1,0,1,1,3
2020,Fiji,FJ,Oceania,EFUR4,https://www.fatf-gafi.org/content/fatf-gafi/en/publications/Mutualevaluations/Fur-fiji-2021.html,2020-12-01,APG,1,ME,ME,ME,ME,LE,ME,ME,LE,LE,LE,LE,LC,LC,LC,C,C,PC,PC,PC,C,LC,C,C,C,C,C,LC,LC,LC,C,LC,LC,LC,LC,PC,PC,LC,LC,LC,C,C,LC,LC,C,LC,LC,LC,LC,C,PC,LC,0.3333333333333333,0.3333333333333333,0.3333333333333333,0.3333333333333333,0.0,0.3333333333333333,0.3333333333333333,0.0,0.0,0.0,0.0,0.6666666666666666,0.6666666666666666,0.6666666666666666,1.0,1.0,0.3333333333333333,0.3333333333333333,0.3333333333333333,1.0,0.6666666666666666,1.0,1.0,1.0,1.0,1.0,0.6666666666666666,0.6666666666666666,0.6666666666666666,1.0,0.6666666666666666,0.6666666666666666,0.6666666666666666,0.6666666666666666,0.3333333333333333,0.3333333333333333,0.6666666666666666,0.6666666666666666,0.6666666666666666,1.0,1.0,0.6666666666666666,0.6666666666666666,1.0,0.6666666666666666,0.6666666666666666,0.6666666666666666,0.6666666666666666,1.0,0.3333333333333333,0.6666666666666666,5,6,0,0,0,6,21,13,0.1818181818181818,0.725,0.3333333333333333,0.2222222222222222,0.1111111111111111,0.6666666666666666,0.8333333333333333,0.5,0.8222222222222222,0.3333333333333333,0.7666666666666666,0.6666666666666666,0.1818181818181818,0.725,0.2222222222222222,0.6555555555555556,0.2507836990595611,0.3389830508474576,1,1,0,0,1,1,0,1,1,4
2023,Fiji,FJ,Oceania,EFUR6,https://www.fatf-gafi.org/content/fatf-gafi/en/publications/Mutualevaluations/fur-fiji-2023.html,2023-05-01,APG,1,ME,ME,ME,ME,LE,ME,ME,LE,LE,LE,LE,LC,LC,LC,C,C,PC,PC,PC,C,LC,C,C,C,C,PC,LC,LC,LC,C,LC,LC,LC,LC,PC,PC,LC,LC,LC,C,C,LC,LC,C,LC,LC,LC,LC,C,C,LC,0.3333333333333333,0.3333333333333333,0.3333333333333333,0.3333333333333333,0.0,0.3333333333333333,0.3333333333333333,0.0,0.0,0.0,0.0,0.6666666666666666,0.6666666666666666,0.6666666666666666,1.0,1.0,0.3333333333333333,0.3333333333333333,0.3333333333333333,1.0,0.6666666666666666,1.0,1.0,1.0,1.0,0.3333333333333333,0.6666666666666666,0.6666666666666666,0.6666666666666666,1.0,0.6666666666666666,0.6666666666666666,0.6666666666666666,0.6666666666666666,0.3333333333333333,0.3333333333333333,0.6666666666666666,0.6666666666666666,0.6666666666666666,1.0,1.0,0.6666666666666666,0.6666666666666666,1.0,0.6666666666666666,0.6666666666666666,0.6666666666666666,0.6666666666666666,1.0,1.0,0.6666666666666666,5,6,0,0,0,6,21,13,0.1818181818181818,0.725,0.3333333333333333,0.2222222222222222,0.1111111111111111,0.6666666666666666,0.8333333333333333,0.5,0.7777777777777778,0.3333333333333333,0.7666666666666666,0.7999999999999999,0.1818181818181818,0.725,0.2222222222222222,0.6682539682539682,0.2507836990595611,0.332541567695962,1,1,0,0,1,1,0,1,1,6
2019,Finland,FI,Europe,MER,https://www.fatf-gafi.org/content/fatf-gafi/en/publications/Mutualevaluations/Mer-finland-2019.html,2019-04-01,FATF,1,SE,HE,LE,ME,ME,SE,SE,ME,ME,ME,ME,LC,PC,LC,LC,LC,LC,LC,PC,C,LC,C,LC,PC,C,LC,C,LC,LC,PC,C,C,LC,LC,PC,LC,LC,PC,PC,C,C,LC,LC,LC,PC,PC,LC,LC,LC,LC,LC,0.6666666666666666,1.0,0.0,0.3333333333333333,0.3333333333333333,0.6666666666666666,0.6666666666666666,0.3333333333333333,0.3333333333333333,0.3333333333333333,0.3333333333333333,0.6666666666666666,0.3333333333333333,0.6666666666666666,0.6666666666666666,0.6666666666666666,0.6666666666666666,0.6666666666666666,0.3333333333333333,1.0,0.6666666666666666,1.0,0.6666666666666666,0.3333333333333333,1.0,0.6666666666666666,1.0,0.6666666666666666,0.6666666666666666,0.3333333333333333,1.0,1.0,0.6666666666666666,0.6666666666666666,0.3333333333333333,0.6666666666666666,0.6666666666666666,0.3333333333333333,0.3333333333333333,1.0,1.0,0.6666666666666666,0.6666666666666666,0.6666666666666666,0.3333333333333333,0.3333333333333333,0.6666666666666666,0.6666666666666666,0.6666666666666666,0.6666666666666666,0.6666666666666666,1,6,3,1,0,9,23,8,0.45454545454545453,0.6583333333333333,0.8333333333333333,0.2222222222222222,0.4444444444444444,0.5,0.6666666666666666,0.5833333333333333,0.7555555555555555,0.5,0.6,0.6666666666666666,0.45454545454545453,0.6583333333333333,0.49999999999999994,0.6103174603174603,0.6904487917146145,0.8192457737321196,0,0,1,0,1,0,1,1,1,0
2021,Finland,FI,Europe,EFUR2,https://www.fatf-gafi.org/content/fatf-gafi/en/publications/Mutualevaluations/Fur-finland-2021.html,2021-10-01,FATF,1,SE,HE,LE,ME,ME,SE,SE,ME,ME,ME,ME,LC,LC,LC,LC,LC,LC,LC,PC,C,LC,C,LC,PC,C,PC,C,LC,LC,PC,C,C,LC,LC,PC,LC,LC,PC,PC,C,C,LC,LC,LC,C,PC,LC,LC,LC,LC,LC,0.6666666666666666,1.0,0.0,0.3333333333333333,0.3333333333333333,0.6666666666666666,0.6666666666666666,0.3333333333333333,0.3333333333333333,0.3333333333333333,0.3333333333333333,0.6666666666666666,0.6666666666666666,0.6666666666666666,0.6666666666666666,0.6666666666666666,0.6666666666666666,0.6666666666666666,0.3333333333333333,1.0,0.6666666666666666,1.0,0.6666666666666666,0.3333333333333333,1.0,0.3333333333333333,1.0,0.6666666666666666,0.6666666666666666,0.3333333333333333,1.0,1.0,0.6666666666666666,0.6666666666666666,0.3333333333333333,0.6666666666666666,0.6666666666666666,0.3333333333333333,0.3333333333333333,1.0,1.0,0.6666666666666666,0.6666666666666666,0.6666666666666666,1.0,0.3333333333333333,0.6666666666666666,0.6666666666666666,0.6666666666666666,0.6666666666666666,0.6666666666666666,1,6,3,1,0,8,23,9,0.45454545454545453,0.6749999999999999,0.8333333333333333,0.2222222222222222,0.4444444444444444,0.6666666666666666,0.6666666666666666,0.5833333333333333,0.7333333333333333,0.5,0.6666666666666666,0.6666666666666666,0.45454545454545453,0.6749999999999999,0.49999999999999994,0.6404761904761904,0.6734006734006734,0.7806691449814126,1,1,1,0,1,0,1,1,1,2
2022,Finland,FI,Europe,EFUR3,https://www.fatf-gafi.org/content/fatf-gafi/en/publications/Mutualevaluations/Fur-finland-2022.html,2022-10-01,FATF,1,SE,HE,LE,ME,ME,SE,SE,ME,ME,ME,ME,LC,LC,LC,LC,LC,LC,LC,PC,C,LC,C,LC,PC,C,PC,C,LC,LC,PC,C,C,LC,LC,LC,LC,LC,PC,PC,C,C,LC,LC,LC,C,PC,LC,LC,LC,LC,LC,0.6666666666666666,1.0,0.0,0.3333333333333333,0.3333333333333333,0.6666666666666666,0.6666666666666666,0.3333333333333333,0.3333333333333333,0.3333333333333333,0.3333333333333333,0.6666666666666666,0.6666666666666666,0.6666666666666666,0.6666666666666666,0.6666666666666666,0.6666666666666666,0.6666666666666666,0.3333333333333333,1.0,0.6666666666666666,1.0,0.6666666666666666,0.3333333333333333,1.0,0.3333333333333333,1.0,0.6666666666666666,0.6666666666666666,0.3333333333333333,1.0,1.0,0.6666666666666666,0.6666666666666666,0.6666666666666666,0.6666666666666666,0.6666666666666666,0.3333333333333333,0.3333333333333333,1.0,1.0,0.6666666666666666,0.6666666666666666,0.6666666666666666,1.0,0.3333333333333333,0.6666666666666666,0.6666666666666666,0.6666666666666666,0.6666666666666666,0.6666666666666666,1,6,3,1,0,7,24,9,0.45454545454545453,0.6833333333333333,0.8333333333333333,0.2222222222222222,0.4444444444444444,0.6666666666666666,0.6666666666666666,0.5833333333333333,0.7333333333333333,0.6666666666666666,0.6666666666666666,0.6666666666666666,0.45454545454545453,0.6833333333333333,0.49999999999999994,0.6642857142857143,0.6651884700665188,0.7526881720430108,1,1,0,0,1,0,0,1,1,3
2023,Finland,FI,Europe,EFUR4,https://www.fatf-gafi.org/content/fatf-gafi/en/publications/Mutualevaluations/finland-fur-2023.html,2023-10-01,FATF,1,SE,HE,LE,ME,ME,SE,SE,ME,ME,ME,ME,LC,LC,LC,LC,LC,LC,LC,PC,C,LC,C,LC,LC,C,PC,C,LC,LC,LC,C,C,LC,LC,LC,LC,LC,LC,PC,C,C,LC,LC,LC,C,LC,LC,LC,LC,LC,LC,0.6666666666666666,1.0,0.0,0.3333333333333333,0.3333333333333333,0.6666666666666666,0.6666666666666666,0.3333333333333333,0.3333333333333333,0.3333333333333333,0.3333333333333333,0.6666666666666666,0.6666666666666666,0.6666666666666666,0.6666666666666666,0.6666666666666666,0.6666666666666666,0.6666666666666666,0.3333333333333333,1.0,0.6666666666666666,1.0,0.6666666666666666,0.6666666666666666,1.0,0.3333333333333333,1.0,0.6666666666666666,0.6666666666666666,0.6666666666666666,1.0,1.0,0.6666666666666666,0.6666666666666666,0.6666666666666666,0.6666666666666666,0.6666666666666666,0.6666666666666666,0.3333333333333333,1.0,1.0,0.6666666666666666,0.6666666666666666,0.6666666666666666,1.0,0.6666666666666666,0.6666666666666666,0.6666666666666666,0.6666666666666666,0.6666666666666666,0.6666666666666666,1,6,3,1,0,3,28,9,0.45454545454545453,0.7166666666666667,0.8333333333333333,0.2222222222222222,0.4444444444444444,0.6666666666666666,0.6666666666666666,0.5833333333333333,0.7777777777777778,0.6666666666666666,0.7333333333333333,0.6666666666666666,0.45454545454545453,0.7166666666666667,0.49999999999999994,0.6801587301587301,0.6342494714587738,0.73512252042007,1,1,0,0,1,0,0,1,1,4
2022,France,FR,Europe,MER,https://www.fatf-gafi.org/content/fatf-gafi/en/publications/Mutualevaluations/Mer-france-2022.html,2022-05-01,FATF,0,SE,HE,ME,ME,SE,SE,SE,HE,HE,SE,SE,LC,C,C,C,C,LC,C,PC,C,LC,C,PC,PC,C,LC,LC,C,LC,LC,LC,C,LC,LC,LC,LC,LC,C,LC,LC,C,C,LC,LC,C,C,C,C,C,C,LC,0.6666666666666666,1.0,0.3333333333333333,0.3333333333333333,0.6666666666666666,0.6666666666666666,0.6666666666666666,1.0,1.0,0.6666666666666666,0.6666666666666666,0.6666666666666666,1.0,1.0,1.0,1.0,0.6666666666666666,1.0,0.3333333333333333,1.0,0.6666666666666666,1.0,0.3333333333333333,0.3333333333333333,1.0,0.6666666666666666,0.6666666666666666,1.0,0.6666666666666666,0.6666666666666666,0.6666666666666666,1.0,0.6666666666666666,0.6666666666666666,0.6666666666666666,0.6666666666666666,0.6666666666666666,1.0,0.6666666666666666,0.6666666666666666,1.0,1.0,0.6666666666666666,0.6666666666666666,1.0,1.0,1.0,1.0,1.0,1.0,0.6666666666666666,0,2,6,3,0,3,18,19,0.6969696969696969,0.7999999999999999,0.8333333333333333,0.4444444444444444,0.7777777777777778,0.8333333333333333,1.0,0.75,0.7333333333333333,0.6666666666666666,0.8333333333333333,0.9333333333333333,0.6969696969696969,0.7999999999999999,0.6851851851851851,0.8214285714285714,0.8712121212121212,0.8341384863123993,0,0,0,0,0,0,0,0,0,0
2023,Gabon,GA,Africa,MER,https://www.fatf-gafi.org/content/fatf-gafi/en/publications/Mutualevaluations/Mer-Gabon-2023.html,2023-07-01,GABAC,1,LE,LE,LE,LE,LE,LE,LE,LE,LE,LE,LE,NC,PC,LC,PC,LC,NC,NC,NC,LC,PC,LC,PC,LC,PC,NC,PC,LC,LC,PC,PC,C,PC,PC,NC,NC,PC,LC,NC,PC,C,C,PC,NC,NC,PC,LC,LC,PC,LC,LC,0.0,0.0,0.0,0.0,0.0,0.0,0.0,0.0,0.0,0.0,0.0,0.0,0.3333333333333333,0.6666666666666666,0.3333333333333333,0.6666666666666666,0.0,0.0,0.0,0.6666666666666666,0.3333333333333333,0.6666666666666666,0.3333333333333333,0.6666666666666666,0.3333333333333333,0.0,0.3333333333333333,0.6666666666666666,0.6666666666666666,0.3333333333333333,0.3333333333333333,1.0,0.3333333333333333,0.3333333333333333,0.0,0.0,0.3333333333333333,0.6666666666666666,0.0,0.3333333333333333,1.0,1.0,0.3333333333333333,0.0,0.0,0.3333333333333333,0.6666666666666666,0.6666666666666666,0.3333333333333333,0.6666666666666666,0.6666666666666666,11,0,0,0,10,15,12,3,0.0,0.39999999999999997,0.0,0.0,0.0,0.16666666666666666,0.5,0.16666666666666666,0.4666666666666666,0.0,0.39999999999999997,0.6,0.0,0.39999999999999997,0.0,0.32857142857142857,0.0,0.0,0,0,1,1,1,1,1,1,1,0
2022,Gambia,GM,Africa,MER,https://www.fatf-gafi.org/content/fatf-gafi/en/publications/Mutualevaluations/Mer-gambia-2022.html,2022-06-01,GIABA,1,LE,LE,LE,LE,LE,LE,LE,ME,LE,LE,LE,PC,LC,PC,LC,PC,NC,NC,PC,C,PC,C,PC,PC,PC,NC,NC,PC,LC,PC,C,C,PC,LC,PC,PC,LC,LC,PC,LC,LC,LC,LC,LC,PC,PC,LC,LC,PC,LC,LC,0.0,0.0,0.0,0.0,0.0,0.0,0.0,0.3333333333333333,0.0,0.0,0.0,0.3333333333333333,0.6666666666666666,0.3333333333333333,0.6666666666666666,0.3333333333333333,0.0,0.0,0.3333333333333333,1.0,0.3333333333333333,1.0,0.3333333333333333,0.3333333333333333,0.3333333333333333,0.0,0.0,0.3333333333333333,0.6666666666666666,0.3333333333333333,1.0,1.0,0.3333333333333333,0.6666666666666666,0.3333333333333333,0.3333333333333333,0.6666666666666666,0.6666666666666666,0.3333333333333333,0.6666666666666666,0.6666666666666666,0.6666666666666666,0.6666666666666666,0.6666666666666666,0.3333333333333333,0.3333333333333333,0.6666666666666666,0.6666666666666666,0.3333333333333333,0.6666666666666666,0.6666666666666666,10,1,0,0,4,17,15,4,0.0303030303030303,0.49166666666666664,0.0,0.0,0.05555555555555555,0.5,0.5,0.16666666666666666,0.5111111111111111,0.3333333333333333,0.5666666666666667,0.6,0.0303030303030303,0.49166666666666664,0.018518518518518517,0.45396825396825397,0.061633281972265024,0.04079254079254079,0,0,1,1,1,1,1,1,1,0
2020,Georgia,GE,Asia,MER,https://www.fatf-gafi.org/content/fatf-gafi/en/publications/Mutualevaluations/Mer-georgia-2020.html,2020-09-01,MONEYVAL,1,ME,SE,ME,ME,ME,ME,ME,ME,SE,LE,ME,PC,LC,C,LC,LC,PC,PC,NC,C,LC,LC,PC,C,LC,PC,LC,LC,LC,LC,LC,C,PC,PC,PC,PC,LC,LC,PC,PC,C,LC,LC,LC,LC,PC,LC,LC,LC,C,LC,0.3333333333333333,0.6666666666666666,0.3333333333333333,0.3333333333333333,0.3333333333333333,0.3333333333333333,0.3333333333333333,0.3333333333333333,0.6666666666666666,0.0,0.3333333333333333,0.3333333333333333,0.6666666666666666,1.0,0.6666666666666666,0.6666666666666666,0.3333333333333333,0.3333333333333333,0.0,1.0,0.6666666666666666,0.6666666666666666,0.3333333333333333,1.0,0.6666666666666666,0.3333333333333333,0.6666666666666666,0.6666666666666666,0.6666666666666666,0.6666666666666666,0.6666666666666666,1.0,0.3333333333333333,0.3333333333333333,0.3333333333333333,0.3333333333333333,0.6666666666666666,0.6666666666666666,0.3333333333333333,0.3333333333333333,1.0,0.6666666666666666,0.6666666666666666,0.6666666666666666,0.6666666666666666,0.3333333333333333,0.6666666666666666,0.6666666666666666,0.6666666666666666,1.0,0.6666666666666666,1,8,2,0,1,12,21,6,0.3636363636363636,0.6,0.5,0.3333333333333333,0.3333333333333333,0.5,0.8333333333333333,0.3333333333333333,0.6444444444444444,0.3333333333333333,0.6,0.7333333333333333,0.3636363636363636,0.6,0.3888888888888889,0.5682539682539682,0.606060606060606,0.6843575418994414,0,0,1,0,1,0,1,1,1,0
2022,Georgia,GE,Asia,EFUR1,https://www.fatf-gafi.org/content/fatf-gafi/en/publications/Mutualevaluations/Fur-georgia-2022.html,2022-11-01,MONEYVAL,1,ME,SE,ME,ME,ME,ME,ME,ME,SE,LE,ME,PC,LC,C,LC,LC,PC,PC,NC,C,LC,LC,PC,C,LC,PC,LC,LC,LC,LC,LC,C,PC,PC,PC,PC,LC,LC,PC,LC,C,LC,LC,LC,LC,PC,LC,LC,LC,C,LC,0.3333333333333333,0.6666666666666666,0.3333333333333333,0.3333333333333333,0.3333333333333333,0.3333333333333333,0.3333333333333333,0.3333333333333333,0.6666666666666666,0.0,0.3333333333333333,0.3333333333333333,0.6666666666666666,1.0,0.6666666666666666,0.6666666666666666,0.3333333333333333,0.3333333333333333,0.0,1.0,0.6666666666666666,0.6666666666666666,0.3333333333333333,1.0,0.6666666666666666,0.3333333333333333,0.6666666666666666,0.6666666666666666,0.6666666666666666,0.6666666666666666,0.6666666666666666,1.0,0.3333333333333333,0.3333333333333333,0.3333333333333333,0.3333333333333333,0.6666666666666666,0.6666666666666666,0.3333333333333333,0.6666666666666666,1.0,0.6666666666666666,0.6666666666666666,0.6666666666666666,0.6666666666666666,0.3333333333333333,0.6666666666666666,0.6666666666666666,0.6666666666666666,1.0,0.6666666666666666,1,8,2,0,1,11,22,6,0.3636363636363636,0.6083333333333333,0.5,0.3333333333333333,0.3333333333333333,0.5,0.8333333333333333,0.3333333333333333,0.6444444444444444,0.3333333333333333,0.6333333333333333,0.7333333333333333,0.3636363636363636,0.6083333333333333,0.3888888888888889,0.573015873015873,0.597758405977584,0.6786703601108034,1,1,1,0,1,0,1,1,1,1
2023,Georgia,GE,Asia,EFUR2,https://www.fatf-gafi.org/content/fatf-gafi/en/publications/Mutualevaluations/FUR-Georgia-2024.html,2023-12-01,MONEYVAL,1,ME,SE,ME,ME,ME,ME,ME,ME,SE,LE,ME,PC,LC,C,LC,LC,PC,PC,NC,C,LC,LC,C,C,LC,PC,LC,LC,LC,LC,LC,C,PC,PC,PC,PC,LC,LC,PC,LC,C,LC,LC,LC,LC,PC,LC,LC,LC,C,LC,0.3333333333333333,0.6666666666666666,0.3333333333333333,0.3333333333333333,0.3333333333333333,0.3333333333333333,0.3333333333333333,0.3333333333333333,0.6666666666666666,0.0,0.3333333333333333,0.3333333333333333,0.6666666666666666,1.0,0.6666666666666666,0.6666666666666666,0.3333333333333333,0.3333333333333333,0.0,1.0,0.6666666666666666,0.6666666666666666,1.0,1.0,0.6666666666666666,0.3333333333333333,0.6666666666666666,0.6666666666666666,0.6666666666666666,0.6666666666666666,0.6666666666666666,1.0,0.3333333333333333,0.3333333333333333,0.3333333333333333,0.3333333333333333,0.6666666666666666,0.6666666666666666,0.3333333333333333,0.6666666666666666,1.0,0.6666666666666666,0.6666666666666666,0.6666666666666666,0.6666666666666666,0.3333333333333333,0.6666666666666666,0.6666666666666666,0.6666666666666666,1.0,0.6666666666666666,1,8,2,0,1,10,22,7,0.3636363636363636,0.625,0.5,0.3333333333333333,0.3333333333333333,0.5,0.8333333333333333,0.3333333333333333,0.6888888888888889,0.3333333333333333,0.6333333333333333,0.7333333333333333,0.3636363636363636,0.625,0.3888888888888889,0.5793650793650793,0.5818181818181818,0.6712328767123289,1,1,1,0,1,0,1,1,1,2
2024,Georgia,GE,Asia,EFUR3,https://www.fatf-gafi.org/content/fatf-gafi/en/publications/Mutualevaluations/Georgia-FUR-MONEYVAL-2024.html,2024-10-01,MONEYVAL,1,ME,SE,ME,ME,ME,ME,ME,ME,SE,LE,ME,LC,LC,C,LC,LC,PC,PC,NC,C,LC,LC,C,C,LC,LC,LC,LC,LC,LC,LC,C,PC,PC,PC,PC,LC,LC,PC,LC,C,LC,LC,LC,LC,PC,LC,LC,LC,C,LC,0.3333333333333333,0.6666666666666666,0.3333333333333333,0.3333333333333333,0.3333333333333333,0.3333333333333333,0.3333333333333333,0.3333333333333333,0.6666666666666666,0.0,0.3333333333333333,0.6666666666666666,0.6666666666666666,1.0,0.6666666666666666,0.6666666666666666,0.3333333333333333,0.3333333333333333,0.0,1.0,0.6666666666666666,0.6666666666666666,1.0,1.0,0.6666666666666666,0.6666666666666666,0.6666666666666666,0.6666666666666666,0.6666666666666666,0.6666666666666666,0.6666666666666666,1.0,0.3333333333333333,0.3333333333333333,0.3333333333333333,0.3333333333333333,0.6666666666666666,0.6666666666666666,0.3333333333333333,0.6666666666666666,1.0,0.6666666666666666,0.6666666666666666,0.6666666666666666,0.6666666666666666,0.3333333333333333,0.6666666666666666,0.6666666666666666,0.6666666666666666,1.0,0.6666666666666666,1,8,2,0,1,8,24,7,0.3636363636363636,0.6416666666666666,0.5,0.3333333333333333,0.3333333333333333,0.6666666666666666,0.8333333333333333,0.3333333333333333,0.7111111111111111,0.3333333333333333,0.6333333333333333,0.7333333333333333,0.3636363636363636,0.6416666666666666,0.3888888888888889,0.6063492063492063,0.5667060212514757,0.6413612565445027,1,1,1,0,1,0,1,1,1,3
2022,Germany,DE,Europe,MER,https://www.fatf-gafi.org/content/fatf-gafi/en/publications/Mutualevaluations/Mer-germany-2022.html,2022-08-01,FATF,1,SE,SE,ME,ME,ME,ME,ME,SE,SE,ME,ME,LC,LC,C,C,LC,PC,PC,LC,C,LC,C,LC,PC,LC,LC,C,LC,LC,C,C,C,LC,C,PC,LC,LC,C,LC,C,C,C,C,PC,LC,LC,LC,C,C,C,LC,0.6666666666666666,0.6666666666666666,0.3333333333333333,0.3333333333333333,0.3333333333333333,0.3333333333333333,0.3333333333333333,0.6666666666666666,0.6666666666666666,0.3333333333333333,0.3333333333333333,0.6666666666666666,0.6666666666666666,1.0,1.0,0.6666666666666666,0.3333333333333333,0.3333333333333333,0.6666666666666666,1.0,0.6666666666666666,1.0,0.6666666666666666,0.3333333333333333,0.6666666666666666,0.6666666666666666,1.0,0.6666666666666666,0.6666666666666666,1.0,1.0,1.0,0.6666666666666666,1.0,0.3333333333333333,0.6666666666666666,0.6666666666666666,1.0,0.6666666666666666,1.0,1.0,1.0,1.0,0.3333333333333333,0.6666666666666666,0.6666666666666666,0.6666666666666666,1.0,1.0,1.0,0.6666666666666666,0,7,4,0,0,5,18,17,0.45454545454545453,0.7666666666666666,0.6666666666666666,0.3333333333333333,0.4444444444444444,0.6666666666666666,1.0,0.5,0.7999999999999999,0.5,0.7999999999999999,0.8666666666666667,0.45454545454545453,0.7666666666666666,0.48148148148148145,0.7333333333333333,0.5928853754940712,0.6565656565656566,0,0,0,0,1,0,0,1,1,0
2023,Germany,DE,Europe,EFUR1,https://www.fatf-gafi.org/content/fatf-gafi/en/publications/Mutualevaluations/germany-fur-2023.html,2023-12-01,FATF,1,SE,SE,ME,ME,ME,ME,ME,SE,SE,ME,ME,LC,LC,C,C,LC,LC,LC,LC,C,LC,C,LC,PC,LC,LC,C,LC,LC,C,C,C,LC,C,PC,LC,LC,C,LC,C,C,C,C,PC,LC,LC,LC,C,C,C,LC,0.6666666666666666,0.6666666666666666,0.3333333333333333,0.3333333333333333,0.3333333333333333,0.3333333333333333,0.3333333333333333,0.6666666666666666,0.6666666666666666,0.3333333333333333,0.3333333333333333,0.6666666666666666,0.6666666666666666,1.0,1.0,0.6666666666666666,0.6666666666666666,0.6666666666666666,0.6666666666666666,1.0,0.6666666666666666,1.0,0.6666666666666666,0.3333333333333333,0.6666666666666666,0.6666666666666666,1.0,0.6666666666666666,0.6666666666666666,1.0,1.0,1.0,0.6666666666666666,1.0,0.3333333333333333,0.6666666666666666,0.6666666666666666,1.0,0.6666666666666666,1.0,1.0,1.0,1.0,0.3333333333333333,0.6666666666666666,0.6666666666666666,0.6666666666666666,1.0,1.0,1.0,0.6666666666666666,0,7,4,0,0,3,20,17,0.45454545454545453,0.7833333333333333,0.6666666666666666,0.3333333333333333,0.4444444444444444,0.6666666666666666,1.0,0.6666666666666666,0.7999999999999999,0.5,0.7999999999999999,0.8666666666666667,0.45454545454545453,0.7833333333333333,0.48148148148148145,0.7571428571428571,0.5802707930367504,0.6359189378057303,1,1,0,0,1,0,0,1,1,1
2017,Ghana,GH,Africa,MER,https://www.fatf-gafi.org/content/fatf-gafi/en/publications/Mutualevaluations/Mer-ghana-2018.html,2017-05-01,GIABA,1,ME,SE,ME,LE,LE,ME,ME,LE,LE,LE,LE,LC,LC,C,LC,LC,LC,LC,NC,C,LC,C,C,C,C,C,PC,PC,LC,C,C,C,LC,LC,LC,PC,LC,LC,PC,C,C,C,LC,PC,LC,PC,C,LC,LC,PC,LC,0.3333333333333333,0.6666666666666666,0.3333333333333333,0.0,0.0,0.3333333333333333,0.3333333333333333,0.0,0.0,0.0,0.0,0.6666666666666666,0.6666666666666666,1.0,0.6666666666666666,0.6666666666666666,0.6666666666666666,0.6666666666666666,0.0,1.0,0.6666666666666666,1.0,1.0,1.0,1.0,1.0,0.3333333333333333,0.3333333333333333,0.6666666666666666,1.0,1.0,1.0,0.6666666666666666,0.6666666666666666,0.6666666666666666,0.3333333333333333,0.6666666666666666,0.6666666666666666,0.3333333333333333,1.0,1.0,1.0,0.6666666666666666,0.3333333333333333,0.6666666666666666,0.3333333333333333,1.0,0.6666666666666666,0.6666666666666666,0.3333333333333333,0.6666666666666666,6,4,1,0,1,7,18,14,0.1818181818181818,0.7083333333333333,0.5,0.1111111111111111,0.1111111111111111,0.6666666666666666,0.8333333333333333,0.5,0.8222222222222222,0.5,0.6666666666666666,0.6666666666666666,0.1818181818181818,0.7083333333333333,0.24074074074074073,0.665079365079365,0.2566844919786096,0.3619729514717582,0,0,1,0,1,1,1,1,1,0
2018,Ghana,GH,Africa,EFUR1,https://www.fatf-gafi.org/content/fatf-gafi/en/publications/Mutualevaluations/Fur-ghana-2018.html,2018-06-01,GIABA,1,ME,SE,ME,LE,LE,ME,ME,LE,LE,LE,LE,LC,LC,C,LC,LC,LC,LC,NC,C,LC,C,C,C,C,C,LC,LC,LC,C,C,C,LC,LC,LC,PC,LC,LC,PC,C,C,C,LC,PC,LC,PC,C,LC,LC,PC,LC,0.3333333333333333,0.6666666666666666,0.3333333333333333,0.0,0.0,0.3333333333333333,0.3333333333333333,0.0,0.0,0.0,0.0,0.6666666666666666,0.6666666666666666,1.0,0.6666666666666666,0.6666666666666666,0.6666666666666666,0.6666666666666666,0.0,1.0,0.6666666666666666,1.0,1.0,1.0,1.0,1.0,0.6666666666666666,0.6666666666666666,0.6666666666666666,1.0,1.0,1.0,0.6666666666666666,0.6666666666666666,0.6666666666666666,0.3333333333333333,0.6666666666666666,0.6666666666666666,0.3333333333333333,1.0,1.0,1.0,0.6666666666666666,0.3333333333333333,0.6666666666666666,0.3333333333333333,1.0,0.6666666666666666,0.6666666666666666,0.3333333333333333,0.6666666666666666,6,4,1,0,1,5,20,14,0.1818181818181818,0.725,0.5,0.1111111111111111,0.1111111111111111,0.6666666666666666,0.8333333333333333,0.5,0.8666666666666667,0.5,0.6666666666666666,0.6666666666666666,0.1818181818181818,0.725,0.24074074074074073,0.6714285714285714,0.2507836990595611,0.35855003940110325,1,1,0,0,1,1,0,1,1,1
2021,Ghana,GH,Africa,EFUR3,https://www.fatf-gafi.org/content/fatf-gafi/en/publications/Mutualevaluations/Fur-ghana-2021.html,2021-04-01,GIABA,1,ME,SE,ME,LE,LE,ME,ME,LE,LE,LE,LE,LC,LC,C,LC,LC,LC,LC,NC,C,LC,C,C,C,C,PC,LC,LC,LC,C,C,LC,LC,LC,LC,PC,LC,LC,PC,C,C,C,LC,PC,LC,PC,C,LC,LC,PC,LC,0.3333333333333333,0.6666666666666666,0.3333333333333333,0.0,0.0,0.3333333333333333,0.3333333333333333,0.0,0.0,0.0,0.0,0.6666666666666666,0.6666666666666666,1.0,0.6666666666666666,0.6666666666666666,0.6666666666666666,0.6666666666666666,0.0,1.0,0.6666666666666666,1.0,1.0,1.0,1.0,0.3333333333333333,0.6666666666666666,0.6666666666666666,0.6666666666666666,1.0,1.0,0.6666666666666666,0.6666666666666666,0.6666666666666666,0.6666666666666666,0.3333333333333333,0.6666666666666666,0.6666666666666666,0.3333333333333333,1.0,1.0,1.0,0.6666666666666666,0.3333333333333333,0.6666666666666666,0.3333333333333333,1.0,0.6666666666666666,0.6666666666666666,0.3333333333333333,0.6666666666666666,6,4,1,0,1,6,21,12,0.1818181818181818,0.7,0.5,0.1111111111111111,0.1111111111111111,0.6666666666666666,0.8333333333333333,0.5,0.7999999999999999,0.5,0.6666666666666666,0.6666666666666666,0.1818181818181818,0.7,0.24074074074074073,0.6619047619047619,0.2597402597402597,0.36370903277378097,1,1,0,0,1,1,0,1,1,3
2022,Ghana,GH,Africa,EFUR5,https://www.fatf-gafi.org/content/fatf-gafi/en/publications/Mutualevaluations/Fur-ghana-2022.html,2022-05-01,GIABA,1,ME,SE,ME,LE,LE,ME,ME,LE,LE,LE,LE,LC,LC,C,LC,LC,LC,LC,PC,C,LC,C,C,C,C,PC,LC,LC,LC,C,C,LC,LC,LC,LC,PC,LC,LC,PC,C,C,C,LC,LC,LC,C,C,LC,LC,PC,LC,0.3333333333333333,0.6666666666666666,0.3333333333333333,0.0,0.0,0.3333333333333333,0.3333333333333333,0.0,0.0,0.0,0.0,0.6666666666666666,0.6666666666666666,1.0,0.6666666666666666,0.6666666666666666,0.6666666666666666,0.6666666666666666,0.3333333333333333,1.0,0.6666666666666666,1.0,1.0,1.0,1.0,0.3333333333333333,0.6666666666666666,0.6666666666666666,0.6666666666666666,1.0,1.0,0.6666666666666666,0.6666666666666666,0.6666666666666666,0.6666666666666666,0.3333333333333333,0.6666666666666666,0.6666666666666666,0.3333333333333333,1.0,1.0,1.0,0.6666666666666666,0.6666666666666666,0.6666666666666666,1.0,1.0,0.6666666666666666,0.6666666666666666,0.3333333333333333,0.6666666666666666,6,4,1,0,0,5,22,13,0.1818181818181818,0.7333333333333333,0.5,0.1111111111111111,0.1111111111111111,0.6666666666666666,0.8333333333333333,0.5833333333333333,0.7999999999999999,0.5,0.7666666666666666,0.6666666666666666,0.1818181818181818,0.7333333333333333,0.24074074074074073,0.6880952380952381,0.24793388429752064,0.34986543637062667,1,1,0,0,1,1,0,1,1,5
2019,Gibraltar,GI,Europe,MER,https://www.fatf-gafi.org/content/fatf-gafi/en/publications/Mutualevaluations/Mer-gibraltar-2019.html,2019-12-01,MONEYVAL,1,ME,SE,ME,ME,ME,LE,LE,LE,ME,ME,ME,PC,LC,C,LC,C,LC,LC,LC,C,LC,PC,PC,PC,LC,C,C,LC,LC,LC,C,C,PC,LC,PC,PC,PC,C,PC,C,C,LC,LC,C,C,LC,PC,C,C,C,LC,0.3333333333333333,0.6666666666666666,0.3333333333333333,0.3333333333333333,0.3333333333333333,0.0,0.0,0.0,0.3333333333333333,0.3333333333333333,0.3333333333333333,0.3333333333333333,0.6666666666666666,1.0,0.6666666666666666,1.0,0.6666666666666666,0.6666666666666666,0.6666666666666666,1.0,0.6666666666666666,0.3333333333333333,0.3333333333333333,0.3333333333333333,0.6666666666666666,1.0,1.0,0.6666666666666666,0.6666666666666666,0.6666666666666666,1.0,1.0,0.3333333333333333,0.6666666666666666,0.3333333333333333,0.3333333333333333,0.3333333333333333,1.0,0.3333333333333333,1.0,1.0,0.6666666666666666,0.6666666666666666,1.0,1.0,0.6666666666666666,0.3333333333333333,1.0,1.0,1.0,0.6666666666666666,3,7,1,0,0,10,15,15,0.2727272727272727,0.7083333333333333,0.5,0.3333333333333333,0.16666666666666666,0.5,0.8333333333333333,0.75,0.6888888888888889,0.3333333333333333,0.7666666666666666,0.8,0.2727272727272727,0.7083333333333333,0.3333333333333333,0.6674603174603174,0.3850267379679144,0.4994054696789536,0,0,1,1,1,0,1,1,1,0
2021,Gibraltar,GI,Europe,EFUR1,https://www.fatf-gafi.org/content/fatf-gafi/en/publications/Mutualevaluations/Fur-gibraltar-2021.html,2021-11-01,MONEYVAL,1,ME,SE,ME,ME,ME,LE,LE,LE,ME,ME,ME,C,LC,C,LC,C,LC,LC,LC,C,LC,C,C,C,LC,LC,C,LC,LC,LC,C,C,C,LC,LC,C,C,C,C,C,C,LC,LC,C,C,LC,PC,C,C,C,LC,0.3333333333333333,0.6666666666666666,0.3333333333333333,0.3333333333333333,0.3333333333333333,0.0,0.0,0.0,0.3333333333333333,0.3333333333333333,0.3333333333333333,1.0,0.6666666666666666,1.0,0.6666666666666666,1.0,0.6666666666666666,0.6666666666666666,0.6666666666666666,1.0,0.6666666666666666,1.0,1.0,1.0,0.6666666666666666,0.6666666666666666,1.0,0.6666666666666666,0.6666666666666666,0.6666666666666666,1.0,1.0,1.0,0.6666666666666666,0.6666666666666666,1.0,1.0,1.0,1.0,1.0,1.0,0.6666666666666666,0.6666666666666666,1.0,1.0,0.6666666666666666,0.3333333333333333,1.0,1.0,1.0,0.6666666666666666,3,7,1,0,0,1,17,22,0.2727272727272727,0.8416666666666667,0.5,0.3333333333333333,0.16666666666666666,0.8333333333333333,0.8333333333333333,0.75,0.8444444444444444,0.8333333333333333,0.9,0.8,0.2727272727272727,0.8416666666666667,0.3333333333333333,0.8277777777777777,0.324032403240324,0.4026845637583893,1,1,0,0,1,0,0,1,1,1
2024,Gibraltar,GI,Europe,EFUR2,https://www.fatf-gafi.org/content/fatf-gafi/en/publications/Mutualevaluations/Gibraltar-FUR-2024.html,2024-05-01,MONEYVAL,1,ME,SE,ME,ME,ME,LE,LE,LE,ME,ME,ME,C,LC,C,LC,C,LC,LC,LC,C,LC,C,C,C,LC,LC,C,LC,LC,LC,C,C,C,LC,LC,C,C,C,C,C,C,LC,LC,C,C,LC,LC,C,C,C,LC,0.3333333333333333,0.6666666666666666,0.3333333333333333,0.3333333333333333,0.3333333333333333,0.0,0.0,0.0,0.3333333333333333,0.3333333333333333,0.3333333333333333,1.0,0.6666666666666666,1.0,0.6666666666666666,1.0,0.6666666666666666,0.6666666666666666,0.6666666666666666,1.0,0.6666666666666666,1.0,1.0,1.0,0.6666666666666666,0.6666666666666666,1.0,0.6666666666666666,0.6666666666666666,0.6666666666666666,1.0,1.0,1.0,0.6666666666666666,0.6666666666666666,1.0,1.0,1.0,1.0,1.0,1.0,0.6666666666666666,0.6666666666666666,1.0,1.0,0.6666666666666666,0.6666666666666666,1.0,1.0,1.0,0.6666666666666666,3,7,1,0,0,0,18,22,0.2727272727272727,0.85,0.5,0.3333333333333333,0.16666666666666666,0.8333333333333333,0.8333333333333333,0.75,0.8444444444444444,0.8333333333333333,0.9,0.8666666666666667,0.2727272727272727,0.85,0.3333333333333333,0.8373015873015873,0.32085561497326204,0.39810426540284355,1,1,0,0,1,0,0,1,1,2
2019,Greece,GR,Europe,MER,https://www.fatf-gafi.org/content/fatf-gafi/en/publications/Mutualevaluations/Mer-greece-2019.html,2019-09-01,FATF,0,SE,SE,ME,ME,ME,SE,ME,ME,SE,ME,SE,LC,LC,C,LC,LC,LC,LC,PC,C,C,C,C,PC,C,LC,LC,LC,C,LC,C,C,LC,LC,LC,LC,LC,C,LC,C,C,C,PC,LC,LC,LC,LC,LC,C,C,LC,0.6666666666666666,0.6666666666666666,0.3333333333333333,0.3333333333333333,0.3333333333333333,0.6666666666666666,0.3333333333333333,0.3333333333333333,0.6666666666666666,0.3333333333333333,0.6666666666666666,0.6666666666666666,0.6666666666666666,1.0,0.6666666666666666,0.6666666666666666,0.6666666666666666,0.6666666666666666,0.3333333333333333,1.0,1.0,1.0,1.0,0.3333333333333333,1.0,0.6666666666666666,0.6666666666666666,0.6666666666666666,1.0,0.6666666666666666,1.0,1.0,0.6666666666666666,0.6666666666666666,0.6666666666666666,0.6666666666666666,0.6666666666666666,1.0,0.6666666666666666,1.0,1.0,1.0,0.3333333333333333,0.6666666666666666,0.6666666666666666,0.6666666666666666,0.6666666666666666,0.6666666666666666,1.0,1.0,0.6666666666666666,0,6,5,0,0,3,22,15,0.4848484848484848,0.7666666666666666,0.6666666666666666,0.3333333333333333,0.5,0.6666666666666666,0.8333333333333333,0.5833333333333333,0.8222222222222222,0.6666666666666666,0.7666666666666666,0.7999999999999999,0.4848484848484848,0.7666666666666666,0.5,0.7341269841269841,0.6324110671936759,0.6810810810810811,0,0,0,0,0,0,0,0,0,0
2022,Grenada,GD,North America,MER,https://www.fatf-gafi.org/content/fatf-gafi/en/publications/Mutualevaluations/Mer-grenada-2022.html,2022-07-01,CFATF,1,ME,LE,ME,LE,LE,ME,ME,ME,LE,LE,LE,PC,LC,C,LC,PC,NC,NC,PC,C,LC,PC,PC,LC,PC,NC,PC,PC,PC,PC,C,C,PC,PC,PC,PC,PC,PC,PC,LC,LC,PC,PC,C,C,PC,LC,LC,C,C,LC,0.3333333333333333,0.0,0.3333333333333333,0.0,0.0,0.3333333333333333,0.3333333333333333,0.3333333333333333,0.0,0.0,0.0,0.3333333333333333,0.6666666666666666,1.0,0.6666666666666666,0.3333333333333333,0.0,0.0,0.3333333333333333,1.0,0.6666666666666666,0.3333333333333333,0.3333333333333333,0.6666666666666666,0.3333333333333333,0.0,0.3333333333333333,0.3333333333333333,0.3333333333333333,0.3333333333333333,1.0,1.0,0.3333333333333333,0.3333333333333333,0.3333333333333333,0.3333333333333333,0.3333333333333333,0.3333333333333333,0.3333333333333333,0.6666666666666666,0.6666666666666666,0.3333333333333333,0.3333333333333333,1.0,1.0,0.3333333333333333,0.6666666666666666,0.6666666666666666,1.0,1.0,0.6666666666666666,6,5,0,0,3,20,9,8,0.15151515151515152,0.5166666666666666,0.16666666666666666,0.1111111111111111,0.16666666666666666,0.5,0.8333333333333333,0.16666666666666666,0.4888888888888889,0.3333333333333333,0.5333333333333333,0.7999999999999999,0.15151515151515152,0.5166666666666666,0.14814814814814814,0.5222222222222221,0.2932551319648094,0.28368794326241137,0,0,1,1,1,1,1,1,1,0
2016,Guatemala,GT,North America,MER,https://www.fatf-gafi.org/content/fatf-gafi/en/publications/Mutualevaluations/Mer-guatemala-2016.html,2016-11-01,CFATF/GAFILAT,1,ME,SE,ME,ME,ME,SE,SE,SE,ME,ME,ME,LC,C,LC,LC,PC,PC,PC,LC,C,LC,C,LC,C,PC,PC,PC,PC,C,C,LC,C,PC,PC,LC,LC,C,LC,PC,C,C,C,C,C,C,PC,C,LC,LC,LC,LC,0.3333333333333333,0.6666666666666666,0.3333333333333333,0.3333333333333333,0.3333333333333333,0.6666666666666666,0.6666666666666666,0.6666666666666666,0.3333333333333333,0.3333333333333333,0.3333333333333333,0.6666666666666666,1.0,0.6666666666666666,0.6666666666666666,0.3333333333333333,0.3333333333333333,0.3333333333333333,0.6666666666666666,1.0,0.6666666666666666,1.0,0.6666666666666666,1.0,0.3333333333333333,0.3333333333333333,0.3333333333333333,0.3333333333333333,1.0,1.0,0.6666666666666666,1.0,0.3333333333333333,0.3333333333333333,0.6666666666666666,0.6666666666666666,1.0,0.6666666666666666,0.3333333333333333,1.0,1.0,1.0,1.0,1.0,1.0,0.3333333333333333,1.0,0.6666666666666666,0.6666666666666666,0.6666666666666666,0.6666666666666666,0,7,4,0,0,11,14,15,0.45454545454545453,0.7,0.5,0.3333333333333333,0.5,0.8333333333333333,0.6666666666666666,0.41666666666666663,0.6666666666666666,0.6666666666666666,0.8333333333333334,0.7333333333333333,0.45454545454545453,0.7,0.4444444444444444,0.6880952380952381,0.6493506493506493,0.6459054209919262,0,0,1,1,1,0,1,1,1,0
2018,Guatemala,GT,North America,EFUR3,https://www.fatf-gafi.org/content/fatf-gafi/en/publications/Mutualevaluations/Fur-guatemala-2018.html,2018-10-01,GAFILAT,1,ME,SE,ME,ME,ME,SE,SE,SE,ME,ME,ME,LC,C,LC,LC,PC,PC,PC,LC,C,LC,C,LC,C,PC,C,LC,PC,C,C,LC,C,PC,PC,LC,LC,C,LC,PC,C,C,C,C,C,C,PC,C,LC,LC,LC,LC,0.3333333333333333,0.6666666666666666,0.3333333333333333,0.3333333333333333,0.3333333333333333,0.6666666666666666,0.6666666666666666,0.6666666666666666,0.3333333333333333,0.3333333333333333,0.3333333333333333,0.6666666666666666,1.0,0.6666666666666666,0.6666666666666666,0.3333333333333333,0.3333333333333333,0.3333333333333333,0.6666666666666666,1.0,0.6666666666666666,1.0,0.6666666666666666,1.0,0.3333333333333333,1.0,0.6666666666666666,0.3333333333333333,1.0,1.0,0.6666666666666666,1.0,0.3333333333333333,0.3333333333333333,0.6666666666666666,0.6666666666666666,1.0,0.6666666666666666,0.3333333333333333,1.0,1.0,1.0,1.0,1.0,1.0,0.3333333333333333,1.0,0.6666666666666666,0.6666666666666666,0.6666666666666666,0.6666666666666666,0,7,4,0,0,9,15,16,0.45454545454545453,0.725,0.5,0.3333333333333333,0.5,0.8333333333333333,0.6666666666666666,0.41666666666666663,0.7333333333333333,0.6666666666666666,0.8333333333333334,0.7333333333333333,0.45454545454545453,0.725,0.4444444444444444,0.6976190476190476,0.6269592476489029,0.6370875995449374,1,1,1,1,1,0,1,1,1,3
2024,Guernsey,GG,Europe,MER,https://www.fatf-gafi.org/content/fatf-gafi/en/publications/Mutualevaluations/MER-Guernsey-2024.html,2024-12-01,MONEYVAL,0,SE,SE,ME,ME,SE,ME,LE,ME,SE,HE,HE,LC,C,C,C,C,LC,LC,LC,C,LC,C,LC,C,C,LC,C,LC,LC,C,C,C,LC,LC,LC,C,LC,C,LC,C,C,C,C,C,C,LC,C,C,C,C,C,0.6666666666666666,0.6666666666666666,0.3333333333333333,0.3333333333333333,0.6666666666666666,0.3333333333333333,0.0,0.3333333333333333,0.6666666666666666,1.0,1.0,0.6666666666666666,1.0,1.0,1.0,1.0,0.6666666666666666,0.6666666666666666,0.6666666666666666,1.0,0.6666666666666666,1.0,0.6666666666666666,1.0,1.0,0.6666666666666666,1.0,0.6666666666666666,0.6666666666666666,1.0,1.0,1.0,0.6666666666666666,0.6666666666666666,0.6666666666666666,1.0,0.6666666666666666,1.0,0.6666666666666666,1.0,1.0,1.0,1.0,1.0,1.0,0.6666666666666666,1.0,1.0,1.0,1.0,1.0,1,4,4,2,0,0,15,25,0.5454545454545454,0.875,0.6666666666666666,0.4444444444444444,0.5555555555555556,0.8333333333333333,1.0,0.75,0.8444444444444444,0.8333333333333333,0.9,1.0,0.5454545454545454,0.875,0.5555555555555556,0.8801587301587301,0.6233766233766234,0.6311992786293958,0,0,0,0,0,0,0,0,0,0
2023,Guinea,GN,Africa,MER,https://www.fatf-gafi.org/content/fatf-gafi/en/publications/Mutualevaluations/Guinea-MER-2023.html,2023-11-01,GIABA,1,LE,LE,LE,LE,LE,LE,LE,LE,LE,LE,LE,PC,PC,C,C,C,PC,PC,NC,C,LC,C,PC,C,PC,PC,LC,LC,LC,PC,C,C,LC,LC,PC,PC,LC,C,PC,LC,C,C,LC,PC,PC,LC,C,LC,LC,LC,LC,0.0,0.0,0.0,0.0,0.0,0.0,0.0,0.0,0.0,0.0,0.0,0.3333333333333333,0.3333333333333333,1.0,1.0,1.0,0.3333333333333333,0.3333333333333333,0.0,1.0,0.6666666666666666,1.0,0.3333333333333333,1.0,0.3333333333333333,0.3333333333333333,0.6666666666666666,0.6666666666666666,0.6666666666666666,0.3333333333333333,1.0,1.0,0.6666666666666666,0.6666666666666666,0.3333333333333333,0.3333333333333333,0.6666666666666666,1.0,0.3333333333333333,0.6666666666666666,1.0,1.0,0.6666666666666666,0.3333333333333333,0.3333333333333333,0.6666666666666666,1.0,0.6666666666666666,0.6666666666666666,0.6666666666666666,0.6666666666666666,11,0,0,0,1,13,14,12,0.0,0.6416666666666666,0.0,0.0,0.0,0.3333333333333333,1.0,0.41666666666666663,0.6888888888888889,0.3333333333333333,0.6666666666666666,0.7333333333333333,0.0,0.6416666666666666,0.0,0.596031746031746,0.0,0.0,0,0,1,0,1,1,1,1,1,0
2022,Guinea-Bissau,GW,Africa,MER,https://www.fatf-gafi.org/content/fatf-gafi/en/publications/Mutualevaluations/Mer-guinea-bissau-2022.html,2022-02-01,GIABA,1,LE,LE,LE,LE,LE,LE,LE,LE,LE,LE,LE,PC,PC,PC,LC,PC,PC,PC,NC,C,PC,LC,PC,LC,PC,NC,PC,LC,LC,PC,PC,C,PC,PC,PC,PC,PC,C,NC,LC,C,C,PC,PC,PC,LC,LC,PC,LC,LC,LC,0.0,0.0,0.0,0.0,0.0,0.0,0.0,0.0,0.0,0.0,0.0,0.3333333333333333,0.3333333333333333,0.3333333333333333,0.6666666666666666,0.3333333333333333,0.3333333333333333,0.3333333333333333,0.0,1.0,0.3333333333333333,0.6666666666666666,0.3333333333333333,0.6666666666666666,0.3333333333333333,0.0,0.3333333333333333,0.6666666666666666,0.6666666666666666,0.3333333333333333,0.3333333333333333,1.0,0.3333333333333333,0.3333333333333333,0.3333333333333333,0.3333333333333333,0.3333333333333333,1.0,0.0,0.6666666666666666,1.0,1.0,0.3333333333333333,0.3333333333333333,0.3333333333333333,0.6666666666666666,0.6666666666666666,0.3333333333333333,0.6666666666666666,0.6666666666666666,0.6666666666666666,11,0,0,0,3,21,11,5,0.0,0.48333333333333334,0.0,0.0,0.0,0.3333333333333333,0.5,0.25,0.4888888888888889,0.3333333333333333,0.5666666666666667,0.6,0.0,0.48333333333333334,0.0,0.4388888888888889,0.0,0.0,0,0,1,1,1,1,1,1,1,0
2024,Guyana,GY,South America,MER,https://www.fatf-gafi.org/content/fatf-gafi/en/publications/Mutualevaluations/MER-Guyana-2024.html,2024-07-01,CFATF,1,SE,ME,ME,ME,ME,SE,ME,ME,ME,ME,ME,LC,C,C,C,C,LC,PC,PC,LC,LC,LC,C,LC,C,PC,LC,C,LC,C,C,C,LC,LC,PC,PC,LC,LC,LC,C,C,LC,C,C,C,LC,LC,LC,C,C,C,0.6666666666666666,0.3333333333333333,0.3333333333333333,0.3333333333333333,0.3333333333333333,0.6666666666666666,0.3333333333333333,0.3333333333333333,0.3333333333333333,0.3333333333333333,0.3333333333333333,0.6666666666666666,1.0,1.0,1.0,1.0,0.6666666666666666,0.3333333333333333,0.3333333333333333,0.6666666666666666,0.6666666666666666,0.6666666666666666,1.0,0.6666666666666666,1.0,0.3333333333333333,0.6666666666666666,1.0,0.6666666666666666,1.0,1.0,1.0,0.6666666666666666,0.6666666666666666,0.3333333333333333,0.3333333333333333,0.6666666666666666,0.6666666666666666,0.6666666666666666,1.0,1.0,0.6666666666666666,1.0,1.0,1.0,0.6666666666666666,0.6666666666666666,0.6666666666666666,1.0,1.0,1.0,0,9,2,0,0,5,17,18,0.3939393939393939,0.775,0.5,0.3333333333333333,0.38888888888888884,0.8333333333333333,1.0,0.5833333333333333,0.7777777777777778,0.3333333333333333,0.8333333333333333,0.8666666666666667,0.3939393939393939,0.775,0.4074074074074074,0.7468253968253968,0.5083088954056696,0.5455189514700672,0,0,0,0,1,0,0,1,1,0
2019,Haiti,HT,North America,MER,https://www.fatf-gafi.org/content/fatf-gafi/en/publications/Mutualevaluations/Mer-haiti-2019.html,2019-07-01,CFATF,1,LE,LE,LE,LE,LE,LE,LE,LE,LE,LE,LE,NC,PC,PC,PC,PC,NC,NC,NC,LC,PC,PC,PC,PC,PC,PC,NC,NC,NC,NC,PC,PC,NC,NC,NC,NC,NC,PC,NC,PC,PC,NC,NC,NC,PC,PC,LC,PC,PC,PC,NC,0.0,0.0,0.0,0.0,0.0,0.0,0.0,0.0,0.0,0.0,0.0,0.0,0.3333333333333333,0.3333333333333333,0.3333333333333333,0.3333333333333333,0.0,0.0,0.0,0.6666666666666666,0.3333333333333333,0.3333333333333333,0.3333333333333333,0.3333333333333333,0.3333333333333333,0.3333333333333333,0.0,0.0,0.0,0.0,0.3333333333333333,0.3333333333333333,0.0,0.0,0.0,0.0,0.0,0.3333333333333333,0.0,0.3333333333333333,0.3333333333333333,0.0,0.0,0.0,0.3333333333333333,0.3333333333333333,0.6666666666666666,0.3333333333333333,0.3333333333333333,0.3333333333333333,0.0,11,0,0,0,18,20,2,0,0.0,0.19999999999999998,0.0,0.0,0.0,0.16666666666666666,0.3333333333333333,0.08333333333333333,0.2222222222222222,0.0,0.16666666666666666,0.3333333333333333,0.0,0.19999999999999998,0.0,0.1865079365079365,0.0,0.0,0,0,1,1,1,1,1,1,1,0
2021,Vatican City,VA,Europe,MER,https://www.fatf-gafi.org/content/fatf-gafi/en/publications/Mutualevaluations/Mer-holy-see-2021.html,2021-08-01,MONEYVAL,0,ME,SE,SE,SE,SE,ME,ME,ME,SE,ME,ME,LC,LC,LC,LC,LC,PC,PC,PC,C,LC,LC,LC,NC,LC,LC,PC,NA,LC,LC,C,LC,LC,LC,PC,LC,LC,PC,LC,LC,LC,LC,LC,C,LC,LC,C,LC,LC,LC,LC,0.3333333333333333,0.6666666666666666,0.6666666666666666,0.6666666666666666,0.6666666666666666,0.3333333333333333,0.3333333333333333,0.3333333333333333,0.6666666666666666,0.3333333333333333,0.3333333333333333,0.6666666666666666,0.6666666666666666,0.6666666666666666,0.6666666666666666,0.6666666666666666,0.3333333333333333,0.3333333333333333,0.3333333333333333,1.0,0.6666666666666666,0.6666666666666666,0.6666666666666666,0.0,0.6666666666666666,0.6666666666666666,0.3333333333333333,0.6324786324786325,0.6666666666666666,0.6666666666666666,1.0,0.6666666666666666,0.6666666666666666,0.6666666666666666,0.3333333333333333,0.6666666666666666,0.6666666666666666,0.3333333333333333,0.6666666666666666,0.6666666666666666,0.6666666666666666,0.6666666666666666,0.6666666666666666,1.0,0.6666666666666666,0.6666666666666666,1.0,0.6666666666666666,0.6666666666666666,0.6666666666666666,0.6666666666666666,0,6,5,0,1,6,28,4,0.4848484848484848,0.6324786324786325,0.5,0.6666666666666666,0.38888888888888884,0.6666666666666666,0.6666666666666666,0.41666666666666663,0.6421652421652422,0.5,0.6666666666666666,0.7333333333333333,0.4848484848484848,0.6324786324786325,0.5185185185185185,0.6131664631664632,0.7665847665847666,0.8456407022667684,0,0,0,0,0,0,0,0,0,0
2024,Vatican City,VA,Europe,RFUR1,https://www.fatf-gafi.org/content/fatf-gafi/en/publications/Mutualevaluations/Holy-See-FUR-2024.html,2024-05-01,MONEYVAL,0,ME,SE,SE,SE,SE,ME,ME,ME,SE,ME,ME,LC,LC,LC,LC,LC,PC,PC,PC,C,LC,LC,LC,C,LC,LC,LC,NA,LC,LC,C,LC,LC,LC,LC,LC,LC,PC,LC,LC,LC,LC,LC,C,LC,LC,C,LC,LC,LC,LC,0.3333333333333333,0.6666666666666666,0.6666666666666666,0.6666666666666666,0.6666666666666666,0.3333333333333333,0.3333333333333333,0.3333333333333333,0.6666666666666666,0.3333333333333333,0.3333333333333333,0.6666666666666666,0.6666666666666666,0.6666666666666666,0.6666666666666666,0.6666666666666666,0.3333333333333333,0.3333333333333333,0.3333333333333333,1.0,0.6666666666666666,0.6666666666666666,0.6666666666666666,1.0,0.6666666666666666,0.6666666666666666,0.6666666666666666,0.6752136752136751,0.6666666666666666,0.6666666666666666,1.0,0.6666666666666666,0.6666666666666666,0.6666666666666666,0.6666666666666666,0.6666666666666666,0.6666666666666666,0.3333333333333333,0.6666666666666666,0.6666666666666666,0.6666666666666666,0.6666666666666666,0.6666666666666666,1.0,0.6666666666666666,0.6666666666666666,1.0,0.6666666666666666,0.6666666666666666,0.6666666666666666,0.6666666666666666,0,6,5,0,0,4,30,5,0.4848484848484848,0.6752136752136751,0.5,0.6666666666666666,0.38888888888888884,0.6666666666666666,0.6666666666666666,0.41666666666666663,0.7339031339031339,0.6666666666666666,0.6666666666666666,0.7333333333333333,0.4848484848484848,0.6752136752136751,0.5185185185185185,0.6500814000814,0.7180667433831991,0.7976209109406793,1,0,0,0,0,0,0,0,0,1
2016,Honduras,HN,North America,MER,https://www.fatf-gafi.org/content/fatf-gafi/en/publications/Mutualevaluations/Mer-honduras-2016.html,2016-10-01,GAFILAT,1,ME,SE,ME,ME,LE,ME,ME,HE,SE,ME,LE,PC,LC,LC,C,LC,LC,PC,LC,C,LC,C,LC,C,C,C,PC,PC,LC,C,C,C,LC,PC,NC,LC,LC,C,PC,LC,C,C,C,PC,NC,PC,LC,LC,LC,LC,LC,0.3333333333333333,0.6666666666666666,0.3333333333333333,0.3333333333333333,0.0,0.3333333333333333,0.3333333333333333,1.0,0.6666666666666666,0.3333333333333333,0.0,0.3333333333333333,0.6666666666666666,0.6666666666666666,1.0,0.6666666666666666,0.6666666666666666,0.3333333333333333,0.6666666666666666,1.0,0.6666666666666666,1.0,0.6666666666666666,1.0,1.0,1.0,0.3333333333333333,0.3333333333333333,0.6666666666666666,1.0,1.0,1.0,0.6666666666666666,0.3333333333333333,0.0,0.6666666666666666,0.6666666666666666,1.0,0.3333333333333333,0.6666666666666666,1.0,1.0,1.0,0.3333333333333333,0.0,0.3333333333333333,0.6666666666666666,0.6666666666666666,0.6666666666666666,0.6666666666666666,0.6666666666666666,2,6,2,1,2,8,17,13,0.3939393939393939,0.6749999999999999,0.5,0.2222222222222222,0.4444444444444444,0.5,0.8333333333333333,0.5833333333333333,0.7777777777777778,0.3333333333333333,0.6333333333333333,0.6666666666666666,0.3939393939393939,0.6749999999999999,0.3888888888888889,0.6182539682539683,0.5836139169472503,0.6290115532734275,0,0,1,0,1,0,1,1,1,0
2020,Honduras,HN,North America,EFUR7,https://www.fatf-gafi.org/content/fatf-gafi/en/publications/Mutualevaluations/Fur-honduras-2020.html,2020-01-01,GAFILAT,1,ME,SE,ME,ME,LE,ME,ME,HE,SE,ME,LE,PC,LC,C,C,LC,LC,PC,NC,C,C,C,LC,C,C,C,PC,LC,LC,C,C,C,LC,C,NC,LC,LC,C,PC,C,C,C,C,PC,C,PC,LC,LC,LC,LC,LC,0.3333333333333333,0.6666666666666666,0.3333333333333333,0.3333333333333333,0.0,0.3333333333333333,0.3333333333333333,1.0,0.6666666666666666,0.3333333333333333,0.0,0.3333333333333333,0.6666666666666666,1.0,1.0,0.6666666666666666,0.6666666666666666,0.3333333333333333,0.0,1.0,1.0,1.0,0.6666666666666666,1.0,1.0,1.0,0.3333333333333333,0.6666666666666666,0.6666666666666666,1.0,1.0,1.0,0.6666666666666666,1.0,0.0,0.6666666666666666,0.6666666666666666,1.0,0.3333333333333333,1.0,1.0,1.0,1.0,0.3333333333333333,1.0,0.3333333333333333,0.6666666666666666,0.6666666666666666,0.6666666666666666,0.6666666666666666,0.6666666666666666,2,6,2,1,2,6,14,18,0.3939393939393939,0.7333333333333333,0.5,0.2222222222222222,0.4444444444444444,0.5,1.0,0.41666666666666663,0.8666666666666667,0.3333333333333333,0.7666666666666666,0.6666666666666666,0.3939393939393939,0.7333333333333333,0.3888888888888889,0.65,0.5371900826446281,0.5982905982905983,1,1,1,0,1,0,1,1,1,7
2019,Hong Kong,HK,Asia,MER,https://www.fatf-gafi.org/content/fatf-gafi/en/publications/Mutualevaluations/Mer-hong-kong-china-2019.html,2019-09-01,FATF,0,SE,SE,ME,ME,ME,SE,ME,SE,SE,SE,ME,LC,LC,LC,LC,LC,C,C,C,C,LC,LC,PC,C,LC,LC,LC,LC,LC,LC,LC,C,PC,LC,LC,PC,LC,LC,PC,C,C,C,C,C,LC,LC,LC,LC,LC,LC,LC,0.6666666666666666,0.6666666666666666,0.3333333333333333,0.3333333333333333,0.3333333333333333,0.6666666666666666,0.3333333333333333,0.6666666666666666,0.6666666666666666,0.6666666666666666,0.3333333333333333,0.6666666666666666,0.6666666666666666,0.6666666666666666,0.6666666666666666,0.6666666666666666,1.0,1.0,1.0,1.0,0.6666666666666666,0.6666666666666666,0.3333333333333333,1.0,0.6666666666666666,0.6666666666666666,0.6666666666666666,0.6666666666666666,0.6666666666666666,0.6666666666666666,0.6666666666666666,1.0,0.3333333333333333,0.6666666666666666,0.6666666666666666,0.3333333333333333,0.6666666666666666,0.6666666666666666,0.3333333333333333,1.0,1.0,1.0,1.0,1.0,0.6666666666666666,0.6666666666666666,0.6666666666666666,0.6666666666666666,0.6666666666666666,0.6666666666666666,0.6666666666666666,0,5,6,0,0,4,25,11,0.5151515151515151,0.725,0.6666666666666666,0.3333333333333333,0.5555555555555556,0.6666666666666666,0.6666666666666666,0.9166666666666666,0.6888888888888889,0.5,0.7999999999999999,0.6666666666666666,0.5151515151515151,0.725,0.5185185185185185,0.7007936507936507,0.7105538140020898,0.7399018497546244,0,0,0,0,0,0,0,0,0,0
2023,Hong Kong,HK,Asia,RFUR1,https://www.fatf-gafi.org/content/fatf-gafi/en/publications/Mutualevaluations/FUR-Hong-Kong-China-2023.html,2023-02-01,FATF,0,SE,SE,ME,ME,ME,SE,ME,SE,SE,SE,ME,LC,LC,LC,LC,LC,C,C,C,C,LC,LC,PC,C,LC,PC,LC,LC,LC,LC,LC,C,PC,LC,LC,PC,LC,LC,LC,C,C,C,C,C,LC,LC,LC,LC,LC,LC,LC,0.6666666666666666,0.6666666666666666,0.3333333333333333,0.3333333333333333,0.3333333333333333,0.6666666666666666,0.3333333333333333,0.6666666666666666,0.6666666666666666,0.6666666666666666,0.3333333333333333,0.6666666666666666,0.6666666666666666,0.6666666666666666,0.6666666666666666,0.6666666666666666,1.0,1.0,1.0,1.0,0.6666666666666666,0.6666666666666666,0.3333333333333333,1.0,0.6666666666666666,0.3333333333333333,0.6666666666666666,0.6666666666666666,0.6666666666666666,0.6666666666666666,0.6666666666666666,1.0,0.3333333333333333,0.6666666666666666,0.6666666666666666,0.3333333333333333,0.6666666666666666,0.6666666666666666,0.6666666666666666,1.0,1.0,1.0,1.0,1.0,0.6666666666666666,0.6666666666666666,0.6666666666666666,0.6666666666666666,0.6666666666666666,0.6666666666666666,0.6666666666666666,0,5,6,0,0,4,25,11,0.5151515151515151,0.725,0.6666666666666666,0.3333333333333333,0.5555555555555556,0.6666666666666666,0.6666666666666666,0.9166666666666666,0.6666666666666666,0.5,0.8333333333333333,0.6666666666666666,0.5151515151515151,0.725,0.5185185185185185,0.7023809523809523,0.7105538140020898,0.7382297551789078,1,0,0,0,0,0,0,0,0,1
2016,Hungary,HU,Europe,MER,https://www.fatf-gafi.org/content/fatf-gafi/en/publications/Mutualevaluations/Mer-hungary-2016.html,2016-09-01,MONEYVAL,1,LE,SE,ME,ME,LE,SE,LE,LE,ME,ME,ME,PC,PC,LC,C,PC,PC,PC,PC,C,PC,LC,PC,PC,LC,PC,PC,LC,PC,PC,C,LC,PC,PC,PC,PC,LC,LC,PC,C,C,LC,PC,PC,PC,PC,LC,LC,LC,LC,LC,0.0,0.6666666666666666,0.3333333333333333,0.3333333333333333,0.0,0.6666666666666666,0.0,0.0,0.3333333333333333,0.3333333333333333,0.3333333333333333,0.3333333333333333,0.3333333333333333,0.6666666666666666,1.0,0.3333333333333333,0.3333333333333333,0.3333333333333333,0.3333333333333333,1.0,0.3333333333333333,0.6666666666666666,0.3333333333333333,0.3333333333333333,0.6666666666666666,0.3333333333333333,0.3333333333333333,0.6666666666666666,0.3333333333333333,0.3333333333333333,1.0,0.6666666666666666,0.3333333333333333,0.3333333333333333,0.3333333333333333,0.3333333333333333,0.6666666666666666,0.6666666666666666,0.3333333333333333,1.0,1.0,0.6666666666666666,0.3333333333333333,0.3333333333333333,0.3333333333333333,0.3333333333333333,0.6666666666666666,0.6666666666666666,0.6666666666666666,0.6666666666666666,0.6666666666666666,4,5,2,0,0,22,13,5,0.2727272727272727,0.525,0.3333333333333333,0.2222222222222222,0.2777777777777778,0.3333333333333333,0.8333333333333333,0.3333333333333333,0.5111111111111111,0.3333333333333333,0.5666666666666667,0.6666666666666666,0.2727272727272727,0.525,0.2777777777777778,0.5111111111111111,0.5194805194805194,0.5434782608695653,0,0,1,1,1,1,1,1,1,0
2017,Hungary,HU,Europe,EFUR1,https://www.fatf-gafi.org/content/fatf-gafi/en/publications/Mutualevaluations/Fur-hungary-2018.html,2017-12-01,MONEYVAL,1,LE,SE,ME,ME,LE,SE,LE,LE,ME,ME,ME,LC,LC,LC,C,PC,LC,LC,PC,C,LC,LC,PC,PC,LC,C,LC,LC,PC,LC,C,LC,LC,LC,PC,LC,LC,LC,PC,C,C,LC,PC,PC,LC,LC,LC,LC,LC,LC,LC,0.0,0.6666666666666666,0.3333333333333333,0.3333333333333333,0.0,0.6666666666666666,0.0,0.0,0.3333333333333333,0.3333333333333333,0.3333333333333333,0.6666666666666666,0.6666666666666666,0.6666666666666666,1.0,0.3333333333333333,0.6666666666666666,0.6666666666666666,0.3333333333333333,1.0,0.6666666666666666,0.6666666666666666,0.3333333333333333,0.3333333333333333,0.6666666666666666,1.0,0.6666666666666666,0.6666666666666666,0.3333333333333333,0.6666666666666666,1.0,0.6666666666666666,0.6666666666666666,0.6666666666666666,0.3333333333333333,0.6666666666666666,0.6666666666666666,0.6666666666666666,0.3333333333333333,1.0,1.0,0.6666666666666666,0.3333333333333333,0.3333333333333333,0.6666666666666666,0.6666666666666666,0.6666666666666666,0.6666666666666666,0.6666666666666666,0.6666666666666666,0.6666666666666666,4,5,2,0,0,9,25,6,0.2727272727272727,0.6416666666666666,0.3333333333333333,0.2222222222222222,0.2777777777777778,0.6666666666666666,0.8333333333333333,0.5,0.6666666666666666,0.5,0.6333333333333333,0.6666666666666666,0.2727272727272727,0.6416666666666666,0.2777777777777778,0.638095238095238,0.42502951593860683,0.4353233830845772,1,1,1,1,1,1,1,1,1,1
2018,Hungary,HU,Europe,EFUR2,https://www.fatf-gafi.org/content/fatf-gafi/en/publications/Mutualevaluations/Fur-hungary-2019.html,2018-12-01,MONEYVAL,1,LE,SE,ME,ME,LE,SE,LE,LE,ME,ME,ME,LC,LC,LC,C,LC,LC,LC,PC,C,LC,LC,PC,PC,LC,C,LC,LC,PC,LC,C,LC,LC,LC,PC,LC,LC,LC,LC,C,C,LC,PC,PC,LC,LC,LC,LC,LC,LC,LC,0.0,0.6666666666666666,0.3333333333333333,0.3333333333333333,0.0,0.6666666666666666,0.0,0.0,0.3333333333333333,0.3333333333333333,0.3333333333333333,0.6666666666666666,0.6666666666666666,0.6666666666666666,1.0,0.6666666666666666,0.6666666666666666,0.6666666666666666,0.3333333333333333,1.0,0.6666666666666666,0.6666666666666666,0.3333333333333333,0.3333333333333333,0.6666666666666666,1.0,0.6666666666666666,0.6666666666666666,0.3333333333333333,0.6666666666666666,1.0,0.6666666666666666,0.6666666666666666,0.6666666666666666,0.3333333333333333,0.6666666666666666,0.6666666666666666,0.6666666666666666,0.6666666666666666,1.0,1.0,0.6666666666666666,0.3333333333333333,0.3333333333333333,0.6666666666666666,0.6666666666666666,0.6666666666666666,0.6666666666666666,0.6666666666666666,0.6666666666666666,0.6666666666666666,4,5,2,0,0,7,27,6,0.2727272727272727,0.6583333333333333,0.3333333333333333,0.2222222222222222,0.2777777777777778,0.6666666666666666,0.8333333333333333,0.5833333333333333,0.6666666666666666,0.5,0.6666666666666666,0.6666666666666666,0.2727272727272727,0.6583333333333333,0.2777777777777778,0.6547619047619048,0.41426927502876865,0.42424242424242425,1,1,0,0,1,1,0,1,1,2
2019,Hungary,HU,Europe,EFUR3,https://www.fatf-gafi.org/content/fatf-gafi/en/publications/Mutualevaluations/Fur3-hungary-2019.html,2019-12-01,MONEYVAL,1,LE,SE,ME,ME,LE,SE,LE,LE,ME,ME,ME,LC,LC,LC,C,LC,LC,LC,PC,C,LC,LC,PC,PC,LC,C,LC,LC,PC,LC,C,LC,LC,LC,PC,LC,LC,LC,LC,C,C,LC,PC,LC,LC,LC,LC,LC,LC,LC,LC,0.0,0.6666666666666666,0.3333333333333333,0.3333333333333333,0.0,0.6666666666666666,0.0,0.0,0.3333333333333333,0.3333333333333333,0.3333333333333333,0.6666666666666666,0.6666666666666666,0.6666666666666666,1.0,0.6666666666666666,0.6666666666666666,0.6666666666666666,0.3333333333333333,1.0,0.6666666666666666,0.6666666666666666,0.3333333333333333,0.3333333333333333,0.6666666666666666,1.0,0.6666666666666666,0.6666666666666666,0.3333333333333333,0.6666666666666666,1.0,0.6666666666666666,0.6666666666666666,0.6666666666666666,0.3333333333333333,0.6666666666666666,0.6666666666666666,0.6666666666666666,0.6666666666666666,1.0,1.0,0.6666666666666666,0.3333333333333333,0.6666666666666666,0.6666666666666666,0.6666666666666666,0.6666666666666666,0.6666666666666666,0.6666666666666666,0.6666666666666666,0.6666666666666666,4,5,2,0,0,6,28,6,0.2727272727272727,0.6666666666666666,0.3333333333333333,0.2222222222222222,0.2777777777777778,0.6666666666666666,0.8333333333333333,0.5833333333333333,0.6666666666666666,0.5,0.7,0.6666666666666666,0.2727272727272727,0.6666666666666666,0.2777777777777778,0.6595238095238095,0.40909090909090906,0.42117930204572807,1,1,0,0,1,1,0,1,1,3
2021,Hungary,HU,Europe,EFUR4,https://www.fatf-gafi.org/content/fatf-gafi/en/publications/Mutualevaluations/Fur-hungary-2021.html,2021-04-01,MONEYVAL,1,LE,SE,ME,ME,LE,SE,LE,LE,ME,ME,ME,LC,LC,LC,C,LC,LC,LC,PC,C,LC,LC,LC,PC,LC,PC,LC,LC,PC,LC,C,LC,LC,LC,PC,LC,LC,LC,LC,C,C,LC,PC,LC,LC,LC,LC,LC,LC,LC,LC,0.0,0.6666666666666666,0.3333333333333333,0.3333333333333333,0.0,0.6666666666666666,0.0,0.0,0.3333333333333333,0.3333333333333333,0.3333333333333333,0.6666666666666666,0.6666666666666666,0.6666666666666666,1.0,0.6666666666666666,0.6666666666666666,0.6666666666666666,0.3333333333333333,1.0,0.6666666666666666,0.6666666666666666,0.6666666666666666,0.3333333333333333,0.6666666666666666,0.3333333333333333,0.6666666666666666,0.6666666666666666,0.3333333333333333,0.6666666666666666,1.0,0.6666666666666666,0.6666666666666666,0.6666666666666666,0.3333333333333333,0.6666666666666666,0.6666666666666666,0.6666666666666666,0.6666666666666666,1.0,1.0,0.6666666666666666,0.3333333333333333,0.6666666666666666,0.6666666666666666,0.6666666666666666,0.6666666666666666,0.6666666666666666,0.6666666666666666,0.6666666666666666,0.6666666666666666,4,5,2,0,0,6,29,5,0.2727272727272727,0.6583333333333333,0.3333333333333333,0.2222222222222222,0.2777777777777778,0.6666666666666666,0.8333333333333333,0.5833333333333333,0.6444444444444444,0.5,0.7,0.6666666666666666,0.2727272727272727,0.6583333333333333,0.2777777777777778,0.6563492063492063,0.41426927502876865,0.42321644498186217,1,1,0,0,1,1,0,1,1,4
2022,Hungary,HU,Europe,EFUR5,https://www.fatf-gafi.org/content/fatf-gafi/en/publications/Mutualevaluations/FUR-Hungary-2022.html,2022-05-01,MONEYVAL,1,LE,SE,ME,ME,LE,SE,LE,LE,ME,ME,ME,LC,LC,LC,C,LC,LC,LC,PC,C,LC,LC,LC,LC,LC,PC,LC,LC,LC,LC,C,LC,LC,LC,LC,LC,LC,LC,LC,C,C,LC,PC,LC,LC,LC,LC,LC,LC,LC,LC,0.0,0.6666666666666666,0.3333333333333333,0.3333333333333333,0.0,0.6666666666666666,0.0,0.0,0.3333333333333333,0.3333333333333333,0.3333333333333333,0.6666666666666666,0.6666666666666666,0.6666666666666666,1.0,0.6666666666666666,0.6666666666666666,0.6666666666666666,0.3333333333333333,1.0,0.6666666666666666,0.6666666666666666,0.6666666666666666,0.6666666666666666,0.6666666666666666,0.3333333333333333,0.6666666666666666,0.6666666666666666,0.6666666666666666,0.6666666666666666,1.0,0.6666666666666666,0.6666666666666666,0.6666666666666666,0.6666666666666666,0.6666666666666666,0.6666666666666666,0.6666666666666666,0.6666666666666666,1.0,1.0,0.6666666666666666,0.3333333333333333,0.6666666666666666,0.6666666666666666,0.6666666666666666,0.6666666666666666,0.6666666666666666,0.6666666666666666,0.6666666666666666,0.6666666666666666,4,5,2,0,0,3,32,5,0.2727272727272727,0.6833333333333333,0.3333333333333333,0.2222222222222222,0.2777777777777778,0.6666666666666666,0.8333333333333333,0.5833333333333333,0.6888888888888889,0.6666666666666666,0.7,0.6666666666666666,0.2727272727272727,0.6833333333333333,0.2777777777777778,0.6865079365079365,0.39911308203991125,0.4046242774566474,1,1,0,0,1,1,0,1,1,5
2024,Hungary,HU,Europe,EFUR6,https://www.fatf-gafi.org/content/fatf-gafi/en/publications/Mutualevaluations/Hungary-FUR-2024.html,2024-05-01,MONEYVAL,1,LE,SE,ME,ME,LE,SE,LE,LE,ME,ME,ME,LC,LC,LC,C,LC,LC,LC,PC,C,LC,LC,LC,LC,LC,LC,LC,LC,LC,LC,C,LC,LC,LC,LC,LC,LC,LC,LC,C,C,LC,PC,LC,LC,LC,LC,LC,LC,LC,LC,0.0,0.6666666666666666,0.3333333333333333,0.3333333333333333,0.0,0.6666666666666666,0.0,0.0,0.3333333333333333,0.3333333333333333,0.3333333333333333,0.6666666666666666,0.6666666666666666,0.6666666666666666,1.0,0.6666666666666666,0.6666666666666666,0.6666666666666666,0.3333333333333333,1.0,0.6666666666666666,0.6666666666666666,0.6666666666666666,0.6666666666666666,0.6666666666666666,0.6666666666666666,0.6666666666666666,0.6666666666666666,0.6666666666666666,0.6666666666666666,1.0,0.6666666666666666,0.6666666666666666,0.6666666666666666,0.6666666666666666,0.6666666666666666,0.6666666666666666,0.6666666666666666,0.6666666666666666,1.0,1.0,0.6666666666666666,0.3333333333333333,0.6666666666666666,0.6666666666666666,0.6666666666666666,0.6666666666666666,0.6666666666666666,0.6666666666666666,0.6666666666666666,0.6666666666666666,4,5,2,0,0,2,33,5,0.2727272727272727,0.6916666666666667,0.3333333333333333,0.2222222222222222,0.2777777777777778,0.6666666666666666,0.8333333333333333,0.5833333333333333,0.711111111111111,0.6666666666666666,0.7,0.6666666666666666,0.2727272727272727,0.6916666666666667,0.2777777777777778,0.6896825396825397,0.3943044906900328,0.4027617951668585,1,1,0,0,1,1,0,1,1,6
2018,Iceland,IS,Europe,MER,https://www.fatf-gafi.org/content/fatf-gafi/en/publications/Mutualevaluations/Mer-iceland-2018.html,2018-04-01,FATF,1,LE,SE,LE,LE,LE,ME,ME,ME,ME,LE,LE,PC,PC,C,LC,LC,PC,PC,NC,LC,PC,C,PC,PC,LC,PC,PC,PC,PC,PC,LC,C,PC,PC,PC,PC,PC,LC,NC,LC,C,C,PC,LC,PC,PC,LC,LC,LC,LC,LC,0.0,0.6666666666666666,0.0,0.0,0.0,0.3333333333333333,0.3333333333333333,0.3333333333333333,0.3333333333333333,0.0,0.0,0.3333333333333333,0.3333333333333333,1.0,0.6666666666666666,0.6666666666666666,0.3333333333333333,0.3333333333333333,0.0,0.6666666666666666,0.3333333333333333,1.0,0.3333333333333333,0.3333333333333333,0.6666666666666666,0.3333333333333333,0.3333333333333333,0.3333333333333333,0.3333333333333333,0.3333333333333333,0.6666666666666666,1.0,0.3333333333333333,0.3333333333333333,0.3333333333333333,0.3333333333333333,0.3333333333333333,0.6666666666666666,0.0,0.6666666666666666,1.0,1.0,0.3333333333333333,0.6666666666666666,0.3333333333333333,0.3333333333333333,0.6666666666666666,0.6666666666666666,0.6666666666666666,0.6666666666666666,0.6666666666666666,6,4,1,0,2,20,13,5,0.1818181818181818,0.5083333333333333,0.3333333333333333,0.0,0.2222222222222222,0.3333333333333333,0.8333333333333333,0.3333333333333333,0.4888888888888889,0.3333333333333333,0.5333333333333333,0.6666666666666666,0.1818181818181818,0.5083333333333333,0.18518518518518517,0.5031746031746032,0.3576751117734724,0.36803364879074657,0,0,1,1,1,1,1,1,1,0
2019,Iceland,IS,Europe,EFUR1,https://www.fatf-gafi.org/content/fatf-gafi/en/publications/Mutualevaluations/Fur-iceland-2019.html,2019-09-01,FATF,1,LE,SE,LE,LE,LE,ME,ME,ME,ME,LE,LE,PC,PC,C,LC,LC,PC,PC,NC,C,C,C,C,PC,LC,PC,C,C,LC,C,C,C,C,LC,PC,PC,PC,C,PC,LC,C,C,PC,LC,PC,LC,LC,LC,LC,LC,LC,0.0,0.6666666666666666,0.0,0.0,0.0,0.3333333333333333,0.3333333333333333,0.3333333333333333,0.3333333333333333,0.0,0.0,0.3333333333333333,0.3333333333333333,1.0,0.6666666666666666,0.6666666666666666,0.3333333333333333,0.3333333333333333,0.0,1.0,1.0,1.0,1.0,0.3333333333333333,0.6666666666666666,0.3333333333333333,1.0,1.0,0.6666666666666666,1.0,1.0,1.0,1.0,0.6666666666666666,0.3333333333333333,0.3333333333333333,0.3333333333333333,1.0,0.3333333333333333,0.6666666666666666,1.0,1.0,0.3333333333333333,0.6666666666666666,0.3333333333333333,0.6666666666666666,0.6666666666666666,0.6666666666666666,0.6666666666666666,0.6666666666666666,0.6666666666666666,6,4,1,0,1,12,13,14,0.1818181818181818,0.6666666666666666,0.3333333333333333,0.0,0.2222222222222222,0.3333333333333333,0.8333333333333333,0.3333333333333333,0.8444444444444444,0.3333333333333333,0.6333333333333333,0.6666666666666666,0.1818181818181818,0.6666666666666666,0.18518518518518517,0.5682539682539682,0.2727272727272727,0.3258845437616387,1,1,1,0,1,1,1,1,1,1
2020,Iceland,IS,Europe,EFUR2,https://www.fatf-gafi.org/content/fatf-gafi/en/publications/Mutualevaluations/Fur-iceland-2020.html,2020-11-01,FATF,1,LE,SE,LE,LE,LE,ME,ME,ME,ME,LE,LE,C,C,C,LC,LC,C,C,LC,C,C,C,C,PC,LC,PC,C,C,LC,C,C,C,C,LC,LC,C,LC,C,PC,LC,C,C,C,LC,C,LC,LC,LC,LC,LC,LC,0.0,0.6666666666666666,0.0,0.0,0.0,0.3333333333333333,0.3333333333333333,0.3333333333333333,0.3333333333333333,0.0,0.0,1.0,1.0,1.0,0.6666666666666666,0.6666666666666666,1.0,1.0,0.6666666666666666,1.0,1.0,1.0,1.0,0.3333333333333333,0.6666666666666666,0.3333333333333333,1.0,1.0,0.6666666666666666,1.0,1.0,1.0,1.0,0.6666666666666666,0.6666666666666666,1.0,0.6666666666666666,1.0,0.3333333333333333,0.6666666666666666,1.0,1.0,1.0,0.6666666666666666,1.0,0.6666666666666666,0.6666666666666666,0.6666666666666666,0.6666666666666666,0.6666666666666666,0.6666666666666666,6,4,1,0,0,3,16,21,0.1818181818181818,0.8166666666666667,0.3333333333333333,0.0,0.2222222222222222,1.0,0.8333333333333333,0.8333333333333333,0.8444444444444444,0.8333333333333333,0.7999999999999999,0.6666666666666666,0.1818181818181818,0.8166666666666667,0.18518518518518517,0.8301587301587301,0.22263450834879403,0.22307202039515617,1,1,0,0,1,1,0,1,1,2
2021,Iceland,IS,Europe,EFUR3,https://www.fatf-gafi.org/content/fatf-gafi/en/publications/Mutualevaluations/Fur-iceland-2021.html,2021-09-01,FATF,1,LE,SE,LE,LE,LE,ME,ME,ME,ME,LE,LE,C,C,C,LC,LC,C,C,LC,C,C,C,C,PC,LC,PC,C,C,LC,C,C,C,C,LC,LC,C,LC,C,C,LC,C,C,C,LC,C,LC,LC,LC,LC,LC,LC,0.0,0.6666666666666666,0.0,0.0,0.0,0.3333333333333333,0.3333333333333333,0.3333333333333333,0.3333333333333333,0.0,0.0,1.0,1.0,1.0,0.6666666666666666,0.6666666666666666,1.0,1.0,0.6666666666666666,1.0,1.0,1.0,1.0,0.3333333333333333,0.6666666666666666,0.3333333333333333,1.0,1.0,0.6666666666666666,1.0,1.0,1.0,1.0,0.6666666666666666,0.6666666666666666,1.0,0.6666666666666666,1.0,1.0,0.6666666666666666,1.0,1.0,1.0,0.6666666666666666,1.0,0.6666666666666666,0.6666666666666666,0.6666666666666666,0.6666666666666666,0.6666666666666666,0.6666666666666666,6,4,1,0,0,2,16,22,0.1818181818181818,0.8333333333333334,0.3333333333333333,0.0,0.2222222222222222,1.0,0.8333333333333333,0.8333333333333333,0.8444444444444444,0.8333333333333333,0.8666666666666667,0.6666666666666666,0.1818181818181818,0.8333333333333334,0.18518518518518517,0.8396825396825397,0.21818181818181814,0.22054190296156267,1,1,0,0,1,1,0,1,1,3
2024,India,IN,Asia,MER,https://www.fatf-gafi.org/content/fatf-gafi/en/publications/Mutualevaluations/India-MER-2024.html,2024-09-01,FATF/APG/EAG,0,SE,SE,ME,ME,SE,SE,ME,SE,ME,ME,SE,LC,C,LC,LC,LC,LC,LC,PC,C,LC,C,PC,C,LC,LC,C,LC,LC,LC,LC,C,LC,LC,LC,LC,LC,C,PC,C,LC,LC,LC,C,LC,LC,C,LC,LC,C,LC,0.6666666666666666,0.6666666666666666,0.3333333333333333,0.3333333333333333,0.6666666666666666,0.6666666666666666,0.3333333333333333,0.6666666666666666,0.3333333333333333,0.3333333333333333,0.6666666666666666,0.6666666666666666,1.0,0.6666666666666666,0.6666666666666666,0.6666666666666666,0.6666666666666666,0.6666666666666666,0.3333333333333333,1.0,0.6666666666666666,1.0,0.3333333333333333,1.0,0.6666666666666666,0.6666666666666666,1.0,0.6666666666666666,0.6666666666666666,0.6666666666666666,0.6666666666666666,1.0,0.6666666666666666,0.6666666666666666,0.6666666666666666,0.6666666666666666,0.6666666666666666,1.0,0.3333333333333333,1.0,0.6666666666666666,0.6666666666666666,0.6666666666666666,1.0,0.6666666666666666,0.6666666666666666,1.0,0.6666666666666666,0.6666666666666666,1.0,0.6666666666666666,0,5,6,0,0,3,26,11,0.5151515151515151,0.7333333333333333,0.6666666666666666,0.4444444444444444,0.5,0.8333333333333333,0.6666666666666666,0.5833333333333333,0.7555555555555555,0.6666666666666666,0.7333333333333333,0.7999999999999999,0.5151515151515151,0.7333333333333333,0.537037037037037,0.7198412698412698,0.7024793388429752,0.7460492466005144,0,0,0,0,0,0,0,0,0,0
2018,Indonesia,ID,Asia,MER1,https://www.fatf-gafi.org/content/fatf-gafi/en/publications/Mutualevaluations/Mer-indonesia-2018.html,2018-09-01,APG,0,SE,SE,ME,ME,ME,SE,ME,SE,SE,ME,LE,LC,LC,LC,LC,LC,PC,NC,LC,C,LC,LC,LC,C,C,LC,LC,LC,C,LC,C,LC,LC,LC,PC,PC,LC,LC,PC,C,LC,LC,LC,LC,LC,LC,LC,LC,LC,LC,LC,0.6666666666666666,0.6666666666666666,0.3333333333333333,0.3333333333333333,0.3333333333333333,0.6666666666666666,0.3333333333333333,0.6666666666666666,0.6666666666666666,0.3333333333333333,0.0,0.6666666666666666,0.6666666666666666,0.6666666666666666,0.6666666666666666,0.6666666666666666,0.3333333333333333,0.0,0.6666666666666666,1.0,0.6666666666666666,0.6666666666666666,0.6666666666666666,1.0,1.0,0.6666666666666666,0.6666666666666666,0.6666666666666666,1.0,0.6666666666666666,1.0,0.6666666666666666,0.6666666666666666,0.6666666666666666,0.3333333333333333,0.3333333333333333,0.6666666666666666,0.6666666666666666,0.3333333333333333,1.0,0.6666666666666666,0.6666666666666666,0.6666666666666666,0.6666666666666666,0.6666666666666666,0.6666666666666666,0.6666666666666666,0.6666666666666666,0.6666666666666666,0.6666666666666666,0.6666666666666666,1,5,5,0,1,4,29,6,0.45454545454545453,0.6666666666666666,0.6666666666666666,0.3333333333333333,0.4444444444444444,0.6666666666666666,0.6666666666666666,0.41666666666666663,0.7777777777777778,0.3333333333333333,0.6666666666666666,0.6666666666666666,0.45454545454545453,0.6666666666666666,0.48148148148148145,0.5992063492063492,0.6818181818181819,0.8035320088300221,0,0,0,0,0,0,0,0,0,0
2023,Indonesia,ID,Asia,MER2,https://www.fatf-gafi.org/content/fatf-gafi/en/publications/Mutualevaluations/MER-Indonesia-2023.html,2023-04-01,FATF,0,SE,SE,ME,ME,ME,SE,ME,ME,SE,ME,ME,LC,LC,C,LC,LC,PC,PC,PC,LC,LC,LC,LC,LC,C,LC,LC,LC,C,LC,C,LC,LC,LC,LC,PC,LC,LC,PC,C,C,LC,LC,LC,LC,LC,LC,LC,LC,LC,LC,0.6666666666666666,0.6666666666666666,0.3333333333333333,0.3333333333333333,0.3333333333333333,0.6666666666666666,0.3333333333333333,0.3333333333333333,0.6666666666666666,0.3333333333333333,0.3333333333333333,0.6666666666666666,0.6666666666666666,1.0,0.6666666666666666,0.6666666666666666,0.3333333333333333,0.3333333333333333,0.3333333333333333,0.6666666666666666,0.6666666666666666,0.6666666666666666,0.6666666666666666,0.6666666666666666,1.0,0.6666666666666666,0.6666666666666666,0.6666666666666666,1.0,0.6666666666666666,1.0,0.6666666666666666,0.6666666666666666,0.6666666666666666,0.6666666666666666,0.3333333333333333,0.6666666666666666,0.6666666666666666,0.3333333333333333,1.0,1.0,0.6666666666666666,0.6666666666666666,0.6666666666666666,0.6666666666666666,0.6666666666666666,0.6666666666666666,0.6666666666666666,0.6666666666666666,0.6666666666666666,0.6666666666666666,0,7,4,0,0,5,29,6,0.45454545454545453,0.6749999999999999,0.6666666666666666,0.3333333333333333,0.4444444444444444,0.6666666666666666,0.8333333333333333,0.41666666666666663,0.7333333333333333,0.5,0.7,0.6666666666666666,0.45454545454545453,0.6749999999999999,0.48148148148148145,0.6452380952380952,0.6734006734006734,0.7462074620746207,1,0,0,0,1,0,0,1,1,5
2024,Iraq,IQ,Asia,MER,https://www.fatf-gafi.org/content/fatf-gafi/en/publications/Mutualevaluations/MER-Iraq-2024.html,2024-05-01,MENAFATF,1,ME,SE,ME,ME,ME,ME,LE,SE,ME,ME,LE,LC,LC,LC,LC,PC,LC,LC,PC,C,C,C,C,C,PC,NC,C,C,C,LC,C,LC,C,PC,PC,PC,PC,C,PC,LC,C,LC,LC,C,LC,PC,PC,LC,C,PC,PC,0.3333333333333333,0.6666666666666666,0.3333333333333333,0.3333333333333333,0.3333333333333333,0.3333333333333333,0.0,0.6666666666666666,0.3333333333333333,0.3333333333333333,0.0,0.6666666666666666,0.6666666666666666,0.6666666666666666,0.6666666666666666,0.3333333333333333,0.6666666666666666,0.6666666666666666,0.3333333333333333,1.0,1.0,1.0,1.0,1.0,0.3333333333333333,0.0,1.0,1.0,1.0,0.6666666666666666,1.0,0.6666666666666666,1.0,0.3333333333333333,0.3333333333333333,0.3333333333333333,0.3333333333333333,1.0,0.3333333333333333,0.6666666666666666,1.0,0.6666666666666666,0.6666666666666666,1.0,0.6666666666666666,0.3333333333333333,0.3333333333333333,0.6666666666666666,1.0,0.3333333333333333,0.3333333333333333,2,7,2,0,1,12,13,14,0.3333333333333333,0.6666666666666666,0.5,0.3333333333333333,0.2777777777777778,0.6666666666666666,0.6666666666666666,0.5,0.8,0.3333333333333333,0.6666666666666666,0.5333333333333333,0.3333333333333333,0.6666666666666666,0.37037037037037035,0.5952380952380952,0.5,0.6222222222222222,0,0,1,1,1,0,1,1,1,0
2017,Ireland,IE,Europe,MER,https://www.fatf-gafi.org/content/fatf-gafi/en/publications/Mutualevaluations/Mer-ireland-2017.html,2017-09-01,FATF,1,SE,SE,SE,ME,ME,SE,ME,ME,ME,ME,SE,LC,LC,C,C,LC,PC,PC,PC,C,LC,LC,PC,PC,LC,PC,PC,LC,PC,NC,C,C,PC,LC,LC,PC,LC,C,LC,PC,C,LC,PC,PC,LC,LC,C,C,LC,C,LC,0.6666666666666666,0.6666666666666666,0.6666666666666666,0.3333333333333333,0.3333333333333333,0.6666666666666666,0.3333333333333333,0.3333333333333333,0.3333333333333333,0.3333333333333333,0.6666666666666666,0.6666666666666666,0.6666666666666666,1.0,1.0,0.6666666666666666,0.3333333333333333,0.3333333333333333,0.3333333333333333,1.0,0.6666666666666666,0.6666666666666666,0.3333333333333333,0.3333333333333333,0.6666666666666666,0.3333333333333333,0.3333333333333333,0.6666666666666666,0.3333333333333333,0.0,1.0,1.0,0.3333333333333333,0.6666666666666666,0.6666666666666666,0.3333333333333333,0.6666666666666666,1.0,0.6666666666666666,0.3333333333333333,1.0,0.6666666666666666,0.3333333333333333,0.3333333333333333,0.6666666666666666,0.6666666666666666,1.0,1.0,0.6666666666666666,1.0,0.6666666666666666,0,6,5,0,1,13,16,10,0.4848484848484848,0.625,0.6666666666666666,0.4444444444444444,0.4444444444444444,0.6666666666666666,1.0,0.41666666666666663,0.5555555555555556,0.5,0.6333333333333333,0.8666666666666667,0.4848484848484848,0.625,0.5185185185185185,0.6626984126984127,0.7757575757575756,0.782435129740519,0,0,1,0,0,0,1,0,1,0
2019,Ireland,IE,Europe,EFUR2,https://www.fatf-gafi.org/content/fatf-gafi/en/publications/Mutualevaluations/Fur-ireland-2019.html,2019-11-01,FATF,1,SE,SE,SE,ME,ME,SE,ME,ME,ME,ME,SE,LC,C,C,C,LC,PC,PC,PC,C,LC,LC,C,PC,LC,LC,C,LC,LC,LC,C,C,PC,LC,LC,LC,C,C,LC,C,C,C,PC,PC,C,LC,C,C,LC,C,LC,0.6666666666666666,0.6666666666666666,0.6666666666666666,0.3333333333333333,0.3333333333333333,0.6666666666666666,0.3333333333333333,0.3333333333333333,0.3333333333333333,0.3333333333333333,0.6666666666666666,0.6666666666666666,1.0,1.0,1.0,0.6666666666666666,0.3333333333333333,0.3333333333333333,0.3333333333333333,1.0,0.6666666666666666,0.6666666666666666,1.0,0.3333333333333333,0.6666666666666666,0.6666666666666666,1.0,0.6666666666666666,0.6666666666666666,0.6666666666666666,1.0,1.0,0.3333333333333333,0.6666666666666666,0.6666666666666666,0.6666666666666666,1.0,1.0,0.6666666666666666,1.0,1.0,1.0,0.3333333333333333,0.3333333333333333,1.0,0.6666666666666666,1.0,1.0,0.6666666666666666,1.0,0.6666666666666666,0,6,5,0,0,7,16,17,0.4848484848484848,0.75,0.6666666666666666,0.4444444444444444,0.4444444444444444,0.8333333333333333,1.0,0.41666666666666663,0.7333333333333333,0.6666666666666666,0.8,0.8666666666666667,0.4848484848484848,0.75,0.5185185185185185,0.7595238095238095,0.6464646464646464,0.6826889585510275,1,1,0,0,0,0,0,0,0,2
2022,Ireland,IE,Europe,RFUR2,https://www.fatf-gafi.org/content/fatf-gafi/en/publications/Mutualevaluations/Fur-ireland-2022.html,2022-02-01,FATF,1,SE,SE,SE,ME,ME,SE,ME,ME,ME,ME,SE,LC,C,C,C,LC,PC,PC,PC,C,LC,LC,C,PC,LC,LC,C,LC,LC,LC,C,C,LC,LC,LC,LC,C,C,LC,C,C,C,PC,PC,C,LC,C,C,LC,C,LC,0.6666666666666666,0.6666666666666666,0.6666666666666666,0.3333333333333333,0.3333333333333333,0.6666666666666666,0.3333333333333333,0.3333333333333333,0.3333333333333333,0.3333333333333333,0.6666666666666666,0.6666666666666666,1.0,1.0,1.0,0.6666666666666666,0.3333333333333333,0.3333333333333333,0.3333333333333333,1.0,0.6666666666666666,0.6666666666666666,1.0,0.3333333333333333,0.6666666666666666,0.6666666666666666,1.0,0.6666666666666666,0.6666666666666666,0.6666666666666666,1.0,1.0,0.6666666666666666,0.6666666666666666,0.6666666666666666,0.6666666666666666,1.0,1.0,0.6666666666666666,1.0,1.0,1.0,0.3333333333333333,0.3333333333333333,1.0,0.6666666666666666,1.0,1.0,0.6666666666666666,1.0,0.6666666666666666,0,6,5,0,0,6,17,17,0.4848484848484848,0.7583333333333333,0.6666666666666666,0.4444444444444444,0.4444444444444444,0.8333333333333333,1.0,0.41666666666666663,0.7555555555555555,0.6666666666666666,0.8,0.8666666666666667,0.4848484848484848,0.7583333333333333,0.5185185185185185,0.7626984126984127,0.6393606393606394,0.6798473812001388,1,0,0,0,0,0,0,0,0,2
2016,Isle of Man,IM,Europe,MER,https://www.fatf-gafi.org/content/fatf-gafi/en/publications/Mutualevaluations/Mer-isle-of-man-2016.html,2016-12-01,MONEYVAL,1,SE,SE,ME,ME,ME,LE,LE,LE,ME,ME,ME,LC,C,C,LC,LC,LC,LC,LC,C,LC,LC,LC,C,LC,C,PC,LC,LC,C,C,LC,LC,PC,PC,PC,LC,LC,LC,LC,C,C,LC,LC,LC,PC,LC,LC,LC,C,LC,0.6666666666666666,0.6666666666666666,0.3333333333333333,0.3333333333333333,0.3333333333333333,0.0,0.0,0.0,0.3333333333333333,0.3333333333333333,0.3333333333333333,0.6666666666666666,1.0,1.0,0.6666666666666666,0.6666666666666666,0.6666666666666666,0.6666666666666666,0.6666666666666666,1.0,0.6666666666666666,0.6666666666666666,0.6666666666666666,1.0,0.6666666666666666,1.0,0.3333333333333333,0.6666666666666666,0.6666666666666666,1.0,1.0,0.6666666666666666,0.6666666666666666,0.3333333333333333,0.3333333333333333,0.3333333333333333,0.6666666666666666,0.6666666666666666,0.6666666666666666,0.6666666666666666,1.0,1.0,0.6666666666666666,0.6666666666666666,0.6666666666666666,0.3333333333333333,0.6666666666666666,0.6666666666666666,0.6666666666666666,1.0,0.6666666666666666,3,6,2,0,0,5,25,10,0.30303030303030304,0.7083333333333333,0.6666666666666666,0.3333333333333333,0.16666666666666666,0.8333333333333333,0.8333333333333333,0.6666666666666666,0.7333333333333333,0.3333333333333333,0.7,0.7333333333333333,0.30303030303030304,0.7083333333333333,0.38888888888888884,0.6904761904761905,0.4278074866310161,0.5632183908045977,0,0,0,0,1,0,0,1,1,0
2018,Isle of Man,IM,Europe,EFUR1,https://www.fatf-gafi.org/content/fatf-gafi/en/publications/Mutualevaluations/Fur-isle-of-man-2018.html,2018-07-01,MONEYVAL,1,SE,SE,ME,ME,ME,LE,LE,LE,ME,ME,ME,LC,C,C,LC,C,C,LC,LC,C,LC,LC,LC,C,LC,C,C,LC,LC,C,C,LC,LC,PC,LC,PC,LC,LC,LC,C,C,C,C,C,LC,LC,LC,LC,LC,C,LC,0.6666666666666666,0.6666666666666666,0.3333333333333333,0.3333333333333333,0.3333333333333333,0.0,0.0,0.0,0.3333333333333333,0.3333333333333333,0.3333333333333333,0.6666666666666666,1.0,1.0,0.6666666666666666,1.0,1.0,0.6666666666666666,0.6666666666666666,1.0,0.6666666666666666,0.6666666666666666,0.6666666666666666,1.0,0.6666666666666666,1.0,1.0,0.6666666666666666,0.6666666666666666,1.0,1.0,0.6666666666666666,0.6666666666666666,0.3333333333333333,0.6666666666666666,0.3333333333333333,0.6666666666666666,0.6666666666666666,0.6666666666666666,1.0,1.0,1.0,1.0,1.0,0.6666666666666666,0.6666666666666666,0.6666666666666666,0.6666666666666666,0.6666666666666666,1.0,0.6666666666666666,3,6,2,0,0,2,22,16,0.30303030303030304,0.7833333333333333,0.6666666666666666,0.3333333333333333,0.16666666666666666,0.8333333333333333,0.8333333333333333,0.8333333333333333,0.7777777777777778,0.5,0.8333333333333333,0.7333333333333333,0.30303030303030304,0.7833333333333333,0.38888888888888884,0.7634920634920634,0.3868471953578337,0.5093555093555093,1,1,0,0,1,0,0,1,1,1
2019,Isle of Man,IM,Europe,EFUR2,https://www.fatf-gafi.org/content/fatf-gafi/en/publications/Mutualevaluations/Fur-isle-of-man-2019.html,2019-07-01,MONEYVAL,1,SE,SE,ME,ME,ME,LE,LE,LE,ME,ME,ME,LC,C,C,LC,C,C,LC,LC,C,LC,C,C,C,LC,C,C,C,LC,C,C,LC,LC,PC,LC,C,LC,LC,LC,C,C,C,C,C,LC,LC,LC,LC,LC,C,LC,0.6666666666666666,0.6666666666666666,0.3333333333333333,0.3333333333333333,0.3333333333333333,0.0,0.0,0.0,0.3333333333333333,0.3333333333333333,0.3333333333333333,0.6666666666666666,1.0,1.0,0.6666666666666666,1.0,1.0,0.6666666666666666,0.6666666666666666,1.0,0.6666666666666666,1.0,1.0,1.0,0.6666666666666666,1.0,1.0,1.0,0.6666666666666666,1.0,1.0,0.6666666666666666,0.6666666666666666,0.3333333333333333,0.6666666666666666,1.0,0.6666666666666666,0.6666666666666666,0.6666666666666666,1.0,1.0,1.0,1.0,1.0,0.6666666666666666,0.6666666666666666,0.6666666666666666,0.6666666666666666,0.6666666666666666,1.0,0.6666666666666666,3,6,2,0,0,1,19,20,0.30303030303030304,0.825,0.6666666666666666,0.3333333333333333,0.16666666666666666,0.8333333333333333,0.8333333333333333,0.8333333333333333,0.8444444444444444,0.8333333333333333,0.8333333333333333,0.7333333333333333,0.30303030303030304,0.825,0.38888888888888884,0.8206349206349206,0.36730945821854916,0.4738878143133462,1,1,0,0,1,0,0,1,1,2
2022,Isle of Man,IM,Europe,EFUR4,https://www.fatf-gafi.org/content/fatf-gafi/en/publications/Mutualevaluations/Fur-isle-of-man-2022.html,2022-11-01,MONEYVAL,1,SE,SE,ME,ME,ME,LE,LE,LE,ME,ME,ME,LC,C,C,LC,C,C,LC,LC,C,LC,C,C,C,LC,LC,C,C,LC,C,C,LC,LC,PC,LC,C,LC,LC,LC,C,C,C,C,C,LC,LC,LC,LC,LC,C,LC,0.6666666666666666,0.6666666666666666,0.3333333333333333,0.3333333333333333,0.3333333333333333,0.0,0.0,0.0,0.3333333333333333,0.3333333333333333,0.3333333333333333,0.6666666666666666,1.0,1.0,0.6666666666666666,1.0,1.0,0.6666666666666666,0.6666666666666666,1.0,0.6666666666666666,1.0,1.0,1.0,0.6666666666666666,0.6666666666666666,1.0,1.0,0.6666666666666666,1.0,1.0,0.6666666666666666,0.6666666666666666,0.3333333333333333,0.6666666666666666,1.0,0.6666666666666666,0.6666666666666666,0.6666666666666666,1.0,1.0,1.0,1.0,1.0,0.6666666666666666,0.6666666666666666,0.6666666666666666,0.6666666666666666,0.6666666666666666,1.0,0.6666666666666666,3,6,2,0,0,1,20,19,0.30303030303030304,0.8166666666666667,0.6666666666666666,0.3333333333333333,0.16666666666666666,0.8333333333333333,0.8333333333333333,0.8333333333333333,0.8222222222222222,0.8333333333333333,0.8333333333333333,0.7333333333333333,0.30303030303030304,0.8166666666666667,0.38888888888888884,0.8174603174603174,0.3710575139146568,0.4757281553398058,1,1,0,0,1,0,0,1,1,4
2018,Israel,IL,Asia,MER,https://www.fatf-gafi.org/content/fatf-gafi/en/publications/Mutualevaluations/Mer-israel-2018.html,2018-12-01,FATF/MONEYVAL,0,SE,SE,ME,ME,SE,HE,SE,HE,HE,SE,ME,LC,C,LC,LC,C,LC,LC,LC,C,LC,LC,LC,C,C,C,PC,NA,PC,LC,C,C,PC,PC,LC,LC,LC,C,PC,C,C,C,C,C,C,LC,C,LC,LC,C,LC,0.6666666666666666,0.6666666666666666,0.3333333333333333,0.3333333333333333,0.6666666666666666,1.0,0.6666666666666666,1.0,1.0,0.6666666666666666,0.3333333333333333,0.6666666666666666,1.0,0.6666666666666666,0.6666666666666666,1.0,0.6666666666666666,0.6666666666666666,0.6666666666666666,1.0,0.6666666666666666,0.6666666666666666,0.6666666666666666,1.0,1.0,1.0,0.3333333333333333,0.7692307692307692,0.3333333333333333,0.6666666666666666,1.0,1.0,0.3333333333333333,0.3333333333333333,0.6666666666666666,0.6666666666666666,0.6666666666666666,1.0,0.3333333333333333,1.0,1.0,1.0,1.0,1.0,1.0,0.6666666666666666,1.0,0.6666666666666666,0.6666666666666666,1.0,0.6666666666666666,0,3,5,3,0,5,17,17,0.6666666666666666,0.7692307692307692,0.6666666666666666,0.4444444444444444,0.7777777777777778,0.8333333333333333,0.6666666666666666,0.75,0.717948717948718,0.6666666666666666,0.8666666666666667,0.7999999999999999,0.6666666666666666,0.7692307692307692,0.6296296296296297,0.7573260073260073,0.8666666666666667,0.8313851941421471,0,0,0,0,0,0,0,0,0,0
2022,Israel,IL,Asia,RFUR1,https://www.fatf-gafi.org/content/fatf-gafi/en/publications/Mutualevaluations/Fur-israel-2022.html,2022-05-01,FATF,0,SE,SE,ME,ME,SE,HE,SE,HE,HE,SE,ME,LC,C,LC,LC,C,LC,LC,LC,C,LC,LC,LC,C,C,LC,LC,NA,PC,LC,C,C,PC,PC,LC,LC,LC,C,PC,C,C,C,C,C,C,LC,C,LC,LC,C,LC,0.6666666666666666,0.6666666666666666,0.3333333333333333,0.3333333333333333,0.6666666666666666,1.0,0.6666666666666666,1.0,1.0,0.6666666666666666,0.3333333333333333,0.6666666666666666,1.0,0.6666666666666666,0.6666666666666666,1.0,0.6666666666666666,0.6666666666666666,0.6666666666666666,1.0,0.6666666666666666,0.6666666666666666,0.6666666666666666,1.0,1.0,0.6666666666666666,0.6666666666666666,0.7692307692307692,0.3333333333333333,0.6666666666666666,1.0,1.0,0.3333333333333333,0.3333333333333333,0.6666666666666666,0.6666666666666666,0.6666666666666666,1.0,0.3333333333333333,1.0,1.0,1.0,1.0,1.0,1.0,0.6666666666666666,1.0,0.6666666666666666,0.6666666666666666,1.0,0.6666666666666666,0,3,5,3,0,4,19,16,0.6666666666666666,0.7692307692307692,0.6666666666666666,0.4444444444444444,0.7777777777777778,0.8333333333333333,0.6666666666666666,0.75,0.717948717948718,0.6666666666666666,0.8666666666666667,0.7999999999999999,0.6666666666666666,0.7692307692307692,0.6296296296296297,0.7573260073260073,0.8666666666666667,0.8313851941421471,1,0,0,0,0,0,0,0,0,1
2016,Italy,IT,Europe,MER,https://www.fatf-gafi.org/content/fatf-gafi/en/publications/Mutualevaluations/Mer-italy-2016.html,2016-02-01,FATF/IMF,0,SE,SE,ME,ME,SE,SE,SE,SE,SE,ME,SE,LC,LC,LC,C,C,LC,PC,LC,C,LC,C,LC,PC,C,LC,PC,LC,LC,C,LC,LC,LC,LC,LC,LC,LC,LC,LC,LC,C,C,LC,LC,LC,PC,C,LC,LC,C,LC,0.6666666666666666,0.6666666666666666,0.3333333333333333,0.3333333333333333,0.6666666666666666,0.6666666666666666,0.6666666666666666,0.6666666666666666,0.6666666666666666,0.3333333333333333,0.6666666666666666,0.6666666666666666,0.6666666666666666,0.6666666666666666,1.0,1.0,0.6666666666666666,0.3333333333333333,0.6666666666666666,1.0,0.6666666666666666,1.0,0.6666666666666666,0.3333333333333333,1.0,0.6666666666666666,0.3333333333333333,0.6666666666666666,0.6666666666666666,1.0,0.6666666666666666,0.6666666666666666,0.6666666666666666,0.6666666666666666,0.6666666666666666,0.6666666666666666,0.6666666666666666,0.6666666666666666,0.6666666666666666,0.6666666666666666,1.0,1.0,0.6666666666666666,0.6666666666666666,0.6666666666666666,0.3333333333333333,1.0,0.6666666666666666,0.6666666666666666,1.0,0.6666666666666666,0,3,8,0,0,4,26,10,0.5757575757575757,0.7166666666666667,0.6666666666666666,0.4444444444444444,0.611111111111111,0.6666666666666666,0.8333333333333333,0.6666666666666666,0.7111111111111111,0.6666666666666666,0.7,0.7999999999999999,0.5757575757575757,0.7166666666666667,0.5740740740740741,0.7206349206349206,0.80338266384778,0.7966226138032305,0,0,0,0,0,0,0,0,0,0
2019,Italy,IT,Europe,RFUR1,https://www.fatf-gafi.org/content/fatf-gafi/en/publications/Mutualevaluations/Fur-italy-2019.html,2019-03-01,FATF,0,SE,SE,ME,ME,SE,SE,SE,SE,SE,ME,SE,C,LC,LC,C,C,LC,PC,LC,C,LC,C,LC,PC,C,LC,C,LC,LC,C,C,LC,LC,LC,LC,LC,C,C,LC,C,C,C,LC,LC,LC,C,C,LC,LC,C,C,0.6666666666666666,0.6666666666666666,0.3333333333333333,0.3333333333333333,0.6666666666666666,0.6666666666666666,0.6666666666666666,0.6666666666666666,0.6666666666666666,0.3333333333333333,0.6666666666666666,1.0,0.6666666666666666,0.6666666666666666,1.0,1.0,0.6666666666666666,0.3333333333333333,0.6666666666666666,1.0,0.6666666666666666,1.0,0.6666666666666666,0.3333333333333333,1.0,0.6666666666666666,1.0,0.6666666666666666,0.6666666666666666,1.0,1.0,0.6666666666666666,0.6666666666666666,0.6666666666666666,0.6666666666666666,0.6666666666666666,1.0,1.0,0.6666666666666666,1.0,1.0,1.0,0.6666666666666666,0.6666666666666666,0.6666666666666666,1.0,1.0,0.6666666666666666,0.6666666666666666,1.0,1.0,0,3,8,0,0,2,20,18,0.5757575757575757,0.7999999999999999,0.6666666666666666,0.4444444444444444,0.611111111111111,0.8333333333333333,0.8333333333333333,0.6666666666666666,0.7777777777777778,0.6666666666666666,0.8666666666666667,0.8666666666666667,0.5757575757575757,0.7999999999999999,0.5740740740740741,0.7873015873015873,0.7196969696969697,0.7291666666666666,1,0,0,0,0,0,0,0,0,1
2017,Jamaica,JM,North America,MER,https://www.fatf-gafi.org/content/fatf-gafi/en/publications/Mutualevaluations/Mer-jamaica-2017.html,2017-01-01,CFATF,1,ME,ME,ME,LE,LE,ME,LE,SE,LE,LE,LE,PC,PC,LC,LC,LC,NC,PC,NC,C,PC,PC,PC,C,PC,C,LC,PC,PC,PC,C,PC,PC,PC,PC,PC,PC,PC,PC,LC,LC,LC,LC,PC,LC,PC,LC,C,LC,C,PC,0.3333333333333333,0.3333333333333333,0.3333333333333333,0.0,0.0,0.3333333333333333,0.0,0.6666666666666666,0.0,0.0,0.0,0.3333333333333333,0.3333333333333333,0.6666666666666666,0.6666666666666666,0.6666666666666666,0.0,0.3333333333333333,0.0,1.0,0.3333333333333333,0.3333333333333333,0.3333333333333333,1.0,0.3333333333333333,1.0,0.6666666666666666,0.3333333333333333,0.3333333333333333,0.3333333333333333,1.0,0.3333333333333333,0.3333333333333333,0.3333333333333333,0.3333333333333333,0.3333333333333333,0.3333333333333333,0.3333333333333333,0.3333333333333333,0.6666666666666666,0.6666666666666666,0.6666666666666666,0.6666666666666666,0.3333333333333333,0.6666666666666666,0.3333333333333333,0.6666666666666666,1.0,0.6666666666666666,1.0,0.3333333333333333,6,4,1,0,2,21,11,6,0.1818181818181818,0.5083333333333333,0.3333333333333333,0.1111111111111111,0.16666666666666666,0.3333333333333333,0.6666666666666666,0.25,0.5333333333333333,0.3333333333333333,0.5,0.7333333333333333,0.1818181818181818,0.5083333333333333,0.2037037037037037,0.47857142857142854,0.3576751117734724,0.4256495301271421,0,0,1,1,1,1,1,1,1,0
2021,Jamaica,JM,North America,EFUR3,https://www.fatf-gafi.org/content/fatf-gafi/en/publications/Mutualevaluations/Fur-jamaica-2021.html,2021-01-01,CFATF,1,ME,ME,ME,LE,LE,ME,LE,SE,LE,LE,LE,PC,LC,LC,LC,LC,LC,PC,PC,C,LC,LC,C,C,LC,PC,LC,LC,LC,LC,C,C,PC,PC,PC,PC,PC,PC,PC,LC,LC,LC,LC,C,LC,PC,LC,C,LC,C,PC,0.3333333333333333,0.3333333333333333,0.3333333333333333,0.0,0.0,0.3333333333333333,0.0,0.6666666666666666,0.0,0.0,0.0,0.3333333333333333,0.6666666666666666,0.6666666666666666,0.6666666666666666,0.6666666666666666,0.6666666666666666,0.3333333333333333,0.3333333333333333,1.0,0.6666666666666666,0.6666666666666666,1.0,1.0,0.6666666666666666,0.3333333333333333,0.6666666666666666,0.6666666666666666,0.6666666666666666,0.6666666666666666,1.0,1.0,0.3333333333333333,0.3333333333333333,0.3333333333333333,0.3333333333333333,0.3333333333333333,0.3333333333333333,0.3333333333333333,0.6666666666666666,0.6666666666666666,0.6666666666666666,0.6666666666666666,1.0,0.6666666666666666,0.3333333333333333,0.6666666666666666,1.0,0.6666666666666666,1.0,0.3333333333333333,6,4,1,0,0,13,19,8,0.1818181818181818,0.625,0.3333333333333333,0.1111111111111111,0.16666666666666666,0.5,0.6666666666666666,0.5,0.7111111111111111,0.3333333333333333,0.5666666666666667,0.7333333333333333,0.1818181818181818,0.625,0.2037037037037037,0.573015873015873,0.2909090909090909,0.3554939981532779,1,1,1,0,1,1,1,1,1,3
2022,Jamaica,JM,North America,EFUR4,https://www.fatf-gafi.org/en/publications/mutualevaluations/documents/fur-jamaica-2022.html,2022-12-01,CFATF,1,ME,ME,ME,LE,LE,ME,LE,SE,LE,LE,LE,LC,LC,LC,LC,LC,LC,PC,PC,C,LC,LC,C,C,LC,PC,LC,LC,LC,LC,C,C,PC,PC,PC,C,LC,LC,PC,LC,LC,LC,LC,C,LC,LC,LC,C,LC,C,LC,0.3333333333333333,0.3333333333333333,0.3333333333333333,0.0,0.0,0.3333333333333333,0.0,0.6666666666666666,0.0,0.0,0.0,0.6666666666666666,0.6666666666666666,0.6666666666666666,0.6666666666666666,0.6666666666666666,0.6666666666666666,0.3333333333333333,0.3333333333333333,1.0,0.6666666666666666,0.6666666666666666,1.0,1.0,0.6666666666666666,0.3333333333333333,0.6666666666666666,0.6666666666666666,0.6666666666666666,0.6666666666666666,1.0,1.0,0.3333333333333333,0.3333333333333333,0.3333333333333333,1.0,0.6666666666666666,0.6666666666666666,0.3333333333333333,0.6666666666666666,0.6666666666666666,0.6666666666666666,0.6666666666666666,1.0,0.6666666666666666,0.6666666666666666,0.6666666666666666,1.0,0.6666666666666666,1.0,0.6666666666666666,6,4,1,0,0,7,24,9,0.1818181818181818,0.6833333333333333,0.3333333333333333,0.1111111111111111,0.16666666666666666,0.6666666666666666,0.6666666666666666,0.5,0.7111111111111111,0.6666666666666666,0.6666666666666666,0.7999999999999999,0.1818181818181818,0.6833333333333333,0.2037037037037037,0.6682539682539682,0.2660753880266075,0.30482977038796516,1,1,0,0,1,1,0,1,1,4
2023,Jamaica,JM,North America,EFUR6,https://www.fatf-gafi.org/content/fatf-gafi/en/publications/Mutualevaluations/jamaica-fur-2024.html,2023-12-01,CFATF,1,ME,ME,ME,LE,LE,ME,LE,SE,LE,LE,LE,LC,LC,LC,LC,LC,LC,PC,PC,C,LC,LC,C,C,LC,PC,LC,LC,LC,LC,C,C,LC,LC,C,C,LC,LC,LC,LC,LC,LC,LC,C,LC,LC,LC,C,LC,C,LC,0.3333333333333333,0.3333333333333333,0.3333333333333333,0.0,0.0,0.3333333333333333,0.0,0.6666666666666666,0.0,0.0,0.0,0.6666666666666666,0.6666666666666666,0.6666666666666666,0.6666666666666666,0.6666666666666666,0.6666666666666666,0.3333333333333333,0.3333333333333333,1.0,0.6666666666666666,0.6666666666666666,1.0,1.0,0.6666666666666666,0.3333333333333333,0.6666666666666666,0.6666666666666666,0.6666666666666666,0.6666666666666666,1.0,1.0,0.6666666666666666,0.6666666666666666,1.0,1.0,0.6666666666666666,0.6666666666666666,0.6666666666666666,0.6666666666666666,0.6666666666666666,0.6666666666666666,0.6666666666666666,1.0,0.6666666666666666,0.6666666666666666,0.6666666666666666,1.0,0.6666666666666666,1.0,0.6666666666666666,6,4,1,0,0,3,27,10,0.1818181818181818,0.725,0.3333333333333333,0.1111111111111111,0.16666666666666666,0.6666666666666666,0.6666666666666666,0.5,0.7555555555555555,1.0,0.7,0.7999999999999999,0.1818181818181818,0.725,0.2037037037037037,0.726984126984127,0.2507836990595611,0.2802037845705968,1,1,0,0,1,1,0,1,1,6
2021,Japan,JP,Asia,MER,https://www.fatf-gafi.org/content/fatf-gafi/en/publications/Mutualevaluations/Mer-japan-2021.html,2021-08-01,FATF/APG,1,SE,SE,ME,ME,ME,SE,ME,ME,ME,ME,ME,LC,PC,LC,LC,PC,PC,PC,NC,C,LC,LC,PC,LC,LC,LC,LC,NA,LC,LC,LC,C,PC,PC,PC,PC,LC,LC,PC,C,C,LC,LC,LC,LC,LC,LC,LC,LC,LC,LC,0.6666666666666666,0.6666666666666666,0.3333333333333333,0.3333333333333333,0.3333333333333333,0.6666666666666666,0.3333333333333333,0.3333333333333333,0.3333333333333333,0.3333333333333333,0.3333333333333333,0.6666666666666666,0.3333333333333333,0.6666666666666666,0.6666666666666666,0.3333333333333333,0.3333333333333333,0.3333333333333333,0.0,1.0,0.6666666666666666,0.6666666666666666,0.3333333333333333,0.6666666666666666,0.6666666666666666,0.6666666666666666,0.6666666666666666,0.5982905982905983,0.6666666666666666,0.6666666666666666,0.6666666666666666,1.0,0.3333333333333333,0.3333333333333333,0.3333333333333333,0.3333333333333333,0.6666666666666666,0.6666666666666666,0.3333333333333333,1.0,1.0,0.6666666666666666,0.6666666666666666,0.6666666666666666,0.6666666666666666,0.6666666666666666,0.6666666666666666,0.6666666666666666,0.6666666666666666,0.6666666666666666,0.6666666666666666,0,8,3,0,1,10,24,4,0.4242424242424242,0.5982905982905983,0.6666666666666666,0.3333333333333333,0.38888888888888884,0.5,0.6666666666666666,0.25,0.6398860398860399,0.3333333333333333,0.7,0.6666666666666666,0.4242424242424242,0.5982905982905983,0.4629629629629629,0.5366503866503867,0.709090909090909,0.8626900762200901,0,0,1,1,1,0,1,1,1,0
2022,Japan,JP,Asia,EFUR1,https://www.fatf-gafi.org/content/fatf-gafi/en/publications/Mutualevaluations/Fur-japan-2022.html,2022-09-01,FATF/APG,1,SE,SE,ME,ME,ME,SE,ME,ME,ME,ME,ME,LC,LC,LC,LC,PC,PC,PC,NC,C,LC,LC,PC,LC,LC,LC,LC,NA,LC,LC,LC,C,PC,PC,PC,PC,LC,LC,PC,C,C,LC,LC,LC,LC,LC,LC,LC,LC,LC,LC,0.6666666666666666,0.6666666666666666,0.3333333333333333,0.3333333333333333,0.3333333333333333,0.6666666666666666,0.3333333333333333,0.3333333333333333,0.3333333333333333,0.3333333333333333,0.3333333333333333,0.6666666666666666,0.6666666666666666,0.6666666666666666,0.6666666666666666,0.3333333333333333,0.3333333333333333,0.3333333333333333,0.0,1.0,0.6666666666666666,0.6666666666666666,0.3333333333333333,0.6666666666666666,0.6666666666666666,0.6666666666666666,0.6666666666666666,0.6068376068376068,0.6666666666666666,0.6666666666666666,0.6666666666666666,1.0,0.3333333333333333,0.3333333333333333,0.3333333333333333,0.3333333333333333,0.6666666666666666,0.6666666666666666,0.3333333333333333,1.0,1.0,0.6666666666666666,0.6666666666666666,0.6666666666666666,0.6666666666666666,0.6666666666666666,0.6666666666666666,0.6666666666666666,0.6666666666666666,0.6666666666666666,0.6666666666666666,0,8,3,0,1,9,25,4,0.4242424242424242,0.6068376068376068,0.6666666666666666,0.3333333333333333,0.38888888888888884,0.6666666666666666,0.6666666666666666,0.25,0.6404558404558405,0.3333333333333333,0.7,0.6666666666666666,0.4242424242424242,0.6068376068376068,0.4629629629629629,0.5605413105413105,0.6991037131882202,0.8259212198221092,1,1,1,1,1,0,1,1,1,1
2023,Japan,JP,Asia,EFUR2,https://www.fatf-gafi.org/content/fatf-gafi/en/publications/Mutualevaluations/Japan-FUR-2023.html,2023-10-01,FATF/APG,1,SE,SE,ME,ME,ME,SE,ME,ME,ME,ME,ME,LC,LC,LC,LC,LC,LC,PC,PC,C,LC,LC,PC,LC,LC,LC,LC,NA,LC,LC,LC,C,PC,PC,LC,PC,LC,LC,LC,C,C,LC,LC,LC,LC,LC,LC,LC,LC,LC,LC,0.6666666666666666,0.6666666666666666,0.3333333333333333,0.3333333333333333,0.3333333333333333,0.6666666666666666,0.3333333333333333,0.3333333333333333,0.3333333333333333,0.3333333333333333,0.3333333333333333,0.6666666666666666,0.6666666666666666,0.6666666666666666,0.6666666666666666,0.6666666666666666,0.6666666666666666,0.3333333333333333,0.3333333333333333,1.0,0.6666666666666666,0.6666666666666666,0.3333333333333333,0.6666666666666666,0.6666666666666666,0.6666666666666666,0.6666666666666666,0.6495726495726496,0.6666666666666666,0.6666666666666666,0.6666666666666666,1.0,0.3333333333333333,0.3333333333333333,0.6666666666666666,0.3333333333333333,0.6666666666666666,0.6666666666666666,0.6666666666666666,1.0,1.0,0.6666666666666666,0.6666666666666666,0.6666666666666666,0.6666666666666666,0.6666666666666666,0.6666666666666666,0.6666666666666666,0.6666666666666666,0.6666666666666666,0.6666666666666666,0,8,3,0,0,6,29,4,0.4242424242424242,0.6495726495726496,0.6666666666666666,0.3333333333333333,0.38888888888888884,0.6666666666666666,0.6666666666666666,0.5,0.6433048433048433,0.5,0.7333333333333333,0.6666666666666666,0.4242424242424242,0.6495726495726496,0.4629629629629629,0.6252340252340252,0.6531100478468899,0.7404634813175368,1,1,0,0,1,0,0,1,1,2
2024,Japan,JP,Asia,EFUR3,https://www.fatf-gafi.org/content/fatf-gafi/en/publications/Mutualevaluations/japan-fur-2024.html,2024-10-01,FATF/APG,1,SE,SE,ME,ME,ME,SE,ME,ME,ME,ME,ME,LC,LC,LC,LC,LC,LC,LC,LC,C,LC,LC,LC,LC,LC,LC,LC,NA,LC,LC,LC,C,LC,LC,LC,LC,LC,LC,LC,C,C,LC,LC,LC,LC,LC,LC,LC,LC,LC,LC,0.6666666666666666,0.6666666666666666,0.3333333333333333,0.3333333333333333,0.3333333333333333,0.6666666666666666,0.3333333333333333,0.3333333333333333,0.3333333333333333,0.3333333333333333,0.3333333333333333,0.6666666666666666,0.6666666666666666,0.6666666666666666,0.6666666666666666,0.6666666666666666,0.6666666666666666,0.6666666666666666,0.6666666666666666,1.0,0.6666666666666666,0.6666666666666666,0.6666666666666666,0.6666666666666666,0.6666666666666666,0.6666666666666666,0.6666666666666666,0.7008547008547008,0.6666666666666666,0.6666666666666666,0.6666666666666666,1.0,0.6666666666666666,0.6666666666666666,0.6666666666666666,0.6666666666666666,0.6666666666666666,0.6666666666666666,0.6666666666666666,1.0,1.0,0.6666666666666666,0.6666666666666666,0.6666666666666666,0.6666666666666666,0.6666666666666666,0.6666666666666666,0.6666666666666666,0.6666666666666666,0.6666666666666666,0.6666666666666666,0,8,3,0,0,0,35,4,0.4242424242424242,0.7008547008547008,0.6666666666666666,0.3333333333333333,0.38888888888888884,0.6666666666666666,0.6666666666666666,0.6666666666666666,0.7133903133903133,0.6666666666666666,0.7333333333333333,0.6666666666666666,0.4242424242424242,0.7008547008547008,0.4629629629629629,0.6828652828652828,0.6053215077605322,0.6779711526999642,1,1,0,0,1,0,0,1,1,3
2024,Jersey,JE,Europe,MER,https://www.fatf-gafi.org/content/fatf-gafi/en/publications/Mutualevaluations/MER-Jersey-2024.html,2024-05-01,MONEYVAL,0,HE,SE,ME,ME,SE,ME,ME,SE,SE,SE,SE,C,C,LC,C,C,LC,LC,C,C,LC,C,LC,C,LC,LC,LC,LC,PC,C,C,C,LC,LC,LC,LC,LC,C,LC,LC,C,C,C,C,C,C,C,C,C,C,C,1.0,0.6666666666666666,0.3333333333333333,0.3333333333333333,0.6666666666666666,0.3333333333333333,0.3333333333333333,0.6666666666666666,0.6666666666666666,0.6666666666666666,0.6666666666666666,1.0,1.0,0.6666666666666666,1.0,1.0,0.6666666666666666,0.6666666666666666,1.0,1.0,0.6666666666666666,1.0,0.6666666666666666,1.0,0.6666666666666666,0.6666666666666666,0.6666666666666666,0.6666666666666666,0.3333333333333333,1.0,1.0,1.0,0.6666666666666666,0.6666666666666666,0.6666666666666666,0.6666666666666666,0.6666666666666666,1.0,0.6666666666666666,0.6666666666666666,1.0,1.0,1.0,1.0,1.0,1.0,1.0,1.0,1.0,1.0,1.0,0,4,6,1,0,1,16,23,0.5757575757575757,0.85,0.8333333333333333,0.4444444444444444,0.5555555555555556,1.0,0.8333333333333333,0.8333333333333333,0.7777777777777778,0.6666666666666666,0.9,1.0,0.5757575757575757,0.85,0.611111111111111,0.8587301587301587,0.677361853832442,0.711645101663586,0,0,0,0,0,0,0,0,0,0
2019,Jordan,JO,Asia,MER,https://www.fatf-gafi.org/content/fatf-gafi/en/publications/Mutualevaluations/Mer-jordan-2020.html,2019-11-01,MENAFATF,1,ME,SE,ME,ME,LE,ME,LE,ME,SE,LE,LE,PC,LC,LC,PC,LC,PC,NC,NC,C,LC,LC,LC,C,LC,LC,LC,LC,LC,LC,PC,PC,NC,NC,PC,NC,PC,LC,PC,LC,C,C,PC,PC,PC,PC,LC,PC,NC,PC,PC,0.3333333333333333,0.6666666666666666,0.3333333333333333,0.3333333333333333,0.0,0.3333333333333333,0.0,0.3333333333333333,0.6666666666666666,0.0,0.0,0.3333333333333333,0.6666666666666666,0.6666666666666666,0.3333333333333333,0.6666666666666666,0.3333333333333333,0.0,0.0,1.0,0.6666666666666666,0.6666666666666666,0.6666666666666666,1.0,0.6666666666666666,0.6666666666666666,0.6666666666666666,0.6666666666666666,0.6666666666666666,0.6666666666666666,0.3333333333333333,0.3333333333333333,0.0,0.0,0.3333333333333333,0.0,0.3333333333333333,0.6666666666666666,0.3333333333333333,0.6666666666666666,1.0,1.0,0.3333333333333333,0.3333333333333333,0.3333333333333333,0.3333333333333333,0.6666666666666666,0.3333333333333333,0.0,0.3333333333333333,0.3333333333333333,4,5,2,0,6,15,15,4,0.2727272727272727,0.475,0.5,0.2222222222222222,0.2222222222222222,0.5,0.5,0.25,0.5777777777777777,0.16666666666666666,0.5333333333333333,0.3333333333333333,0.2727272727272727,0.475,0.3148148148148148,0.4087301587301587,0.5741626794258373,0.7702265372168285,0,0,1,1,1,1,1,1,1,0
2022,Jordan,JO,Asia,EFUR2,https://www.fatf-gafi.org/content/fatf-gafi/en/publications/Mutualevaluations/FUR-Jordan-2022.html,2022-05-01,MENAFATF,1,ME,SE,ME,ME,LE,ME,LE,ME,SE,LE,LE,LC,LC,LC,LC,LC,C,C,NC,C,LC,LC,LC,C,LC,PC,LC,LC,LC,LC,C,LC,NC,NC,LC,NC,LC,LC,PC,LC,C,C,C,LC,PC,LC,LC,LC,LC,PC,LC,0.3333333333333333,0.6666666666666666,0.3333333333333333,0.3333333333333333,0.0,0.3333333333333333,0.0,0.3333333333333333,0.6666666666666666,0.0,0.0,0.6666666666666666,0.6666666666666666,0.6666666666666666,0.6666666666666666,0.6666666666666666,1.0,1.0,0.0,1.0,0.6666666666666666,0.6666666666666666,0.6666666666666666,1.0,0.6666666666666666,0.3333333333333333,0.6666666666666666,0.6666666666666666,0.6666666666666666,0.6666666666666666,1.0,0.6666666666666666,0.0,0.0,0.6666666666666666,0.0,0.6666666666666666,0.6666666666666666,0.3333333333333333,0.6666666666666666,1.0,1.0,1.0,0.6666666666666666,0.3333333333333333,0.6666666666666666,0.6666666666666666,0.6666666666666666,0.6666666666666666,0.3333333333333333,0.6666666666666666,4,5,2,0,4,4,24,8,0.2727272727272727,0.6333333333333333,0.5,0.2222222222222222,0.2222222222222222,0.6666666666666666,0.6666666666666666,0.6666666666666666,0.6222222222222222,0.3333333333333333,0.7,0.6,0.2727272727272727,0.6333333333333333,0.3148148148148148,0.6079365079365079,0.43062200956937796,0.5178416013925153,1,1,1,0,1,1,1,1,1,2
2023,Kazakhstan,KZ,Asia,MER,https://www.fatf-gafi.org/content/fatf-gafi/en/publications/Mutualevaluations/Kazakhstan-MER-2023.html,2023-07-01,EAG,0,SE,SE,ME,ME,ME,SE,SE,ME,SE,SE,SE,LC,C,LC,LC,LC,PC,PC,LC,LC,LC,LC,LC,LC,LC,PC,LC,LC,LC,LC,C,C,LC,LC,PC,LC,PC,LC,PC,C,C,LC,LC,LC,LC,PC,LC,LC,LC,LC,LC,0.6666666666666666,0.6666666666666666,0.3333333333333333,0.3333333333333333,0.3333333333333333,0.6666666666666666,0.6666666666666666,0.3333333333333333,0.6666666666666666,0.6666666666666666,0.6666666666666666,0.6666666666666666,1.0,0.6666666666666666,0.6666666666666666,0.6666666666666666,0.3333333333333333,0.3333333333333333,0.6666666666666666,0.6666666666666666,0.6666666666666666,0.6666666666666666,0.6666666666666666,0.6666666666666666,0.6666666666666666,0.3333333333333333,0.6666666666666666,0.6666666666666666,0.6666666666666666,0.6666666666666666,1.0,1.0,0.6666666666666666,0.6666666666666666,0.3333333333333333,0.6666666666666666,0.3333333333333333,0.6666666666666666,0.3333333333333333,1.0,1.0,0.6666666666666666,0.6666666666666666,0.6666666666666666,0.6666666666666666,0.3333333333333333,0.6666666666666666,0.6666666666666666,0.6666666666666666,0.6666666666666666,0.6666666666666666,0,4,7,0,0,7,28,5,0.5454545454545454,0.65,0.6666666666666666,0.3333333333333333,0.611111111111111,0.8333333333333333,0.6666666666666666,0.5,0.6888888888888889,0.5,0.6333333333333333,0.6666666666666666,0.5454545454545454,0.65,0.537037037037037,0.6412698412698412,0.8391608391608391,0.8374587458745875,0,0,0,0,0,0,0,0,0,0
2022,Kenya,KE,Africa,MER,https://www.fatf-gafi.org/content/fatf-gafi/en/publications/Mutualevaluations/MER-Kenya-2023.html,2022-09-01,ESAAMLG,1,LE,ME,LE,LE,LE,LE,LE,ME,LE,LE,LE,PC,NC,C,PC,PC,NC,NC,NC,PC,PC,PC,PC,PC,NC,NC,NC,PC,PC,PC,NC,PC,NC,NC,PC,PC,PC,NC,PC,PC,PC,PC,PC,PC,PC,PC,PC,LC,C,PC,PC,0.0,0.3333333333333333,0.0,0.0,0.0,0.0,0.0,0.3333333333333333,0.0,0.0,0.0,0.3333333333333333,0.0,1.0,0.3333333333333333,0.3333333333333333,0.0,0.0,0.0,0.3333333333333333,0.3333333333333333,0.3333333333333333,0.3333333333333333,0.3333333333333333,0.0,0.0,0.0,0.3333333333333333,0.3333333333333333,0.3333333333333333,0.0,0.3333333333333333,0.0,0.0,0.3333333333333333,0.3333333333333333,0.3333333333333333,0.0,0.3333333333333333,0.3333333333333333,0.3333333333333333,0.3333333333333333,0.3333333333333333,0.3333333333333333,0.3333333333333333,0.3333333333333333,0.3333333333333333,0.6666666666666666,1.0,0.3333333333333333,0.3333333333333333,9,2,0,0,11,26,1,2,0.0606060606060606,0.2833333333333333,0.16666666666666666,0.0,0.05555555555555555,0.16666666666666666,0.6666666666666666,0.08333333333333333,0.19999999999999998,0.3333333333333333,0.3,0.5333333333333333,0.0606060606060606,0.2833333333333333,0.07407407407407407,0.3261904761904762,0.21390374331550802,0.227088402270884,0,0,1,1,1,1,1,1,1,0
2024,Kenya,KE,Africa,EFUR2,https://www.fatf-gafi.org/content/fatf-gafi/en/publications/Mutualevaluations/kenya-fur-2024.html,2024-04-01,ESAAMLG,1,LE,ME,LE,LE,LE,LE,LE,ME,LE,LE,LE,PC,NC,C,PC,C,PC,NC,NC,PC,C,C,PC,C,NC,NC,NC,PC,C,C,C,C,PC,LC,PC,PC,PC,C,PC,C,PC,PC,LC,PC,PC,PC,C,LC,C,PC,PC,0.0,0.3333333333333333,0.0,0.0,0.0,0.0,0.0,0.3333333333333333,0.0,0.0,0.0,0.3333333333333333,0.0,1.0,0.3333333333333333,1.0,0.3333333333333333,0.0,0.0,0.3333333333333333,1.0,1.0,0.3333333333333333,1.0,0.0,0.0,0.0,0.3333333333333333,1.0,1.0,1.0,1.0,0.3333333333333333,0.6666666666666666,0.3333333333333333,0.3333333333333333,0.3333333333333333,1.0,0.3333333333333333,1.0,0.3333333333333333,0.3333333333333333,0.6666666666666666,0.3333333333333333,0.3333333333333333,0.3333333333333333,1.0,0.6666666666666666,1.0,0.3333333333333333,0.3333333333333333,9,2,0,0,6,18,3,13,0.0606060606060606,0.525,0.16666666666666666,0.0,0.05555555555555555,0.16666666666666666,0.6666666666666666,0.3333333333333333,0.6,0.3333333333333333,0.5,0.6666666666666666,0.0606060606060606,0.525,0.07407407407407407,0.4666666666666667,0.11544011544011543,0.15873015873015872,1,1,1,0,1,1,1,1,1,2
2024,Kenya,KE,Africa,EFUR3,https://www.fatf-gafi.org/content/fatf-gafi/en/publications/Mutualevaluations/fur-kenya-2024.html,2024-08-01,ESAAMLG,1,LE,ME,LE,LE,LE,LE,LE,ME,LE,LE,LE,PC,PC,C,C,C,PC,PC,NC,C,C,C,LC,C,C,NC,LC,C,C,C,C,C,PC,LC,LC,PC,PC,C,PC,C,C,C,LC,LC,PC,PC,C,LC,C,LC,LC,0.0,0.3333333333333333,0.0,0.0,0.0,0.0,0.0,0.3333333333333333,0.0,0.0,0.0,0.3333333333333333,0.3333333333333333,1.0,1.0,1.0,0.3333333333333333,0.3333333333333333,0.0,1.0,1.0,1.0,0.6666666666666666,1.0,1.0,0.0,0.6666666666666666,1.0,1.0,1.0,1.0,1.0,0.3333333333333333,0.6666666666666666,0.6666666666666666,0.3333333333333333,0.3333333333333333,1.0,0.3333333333333333,1.0,1.0,1.0,0.6666666666666666,0.6666666666666666,0.3333333333333333,0.3333333333333333,1.0,0.6666666666666666,1.0,0.6666666666666666,0.6666666666666666,9,2,0,0,2,10,9,19,0.0606060606060606,0.7083333333333334,0.16666666666666666,0.0,0.05555555555555555,0.3333333333333333,1.0,0.41666666666666663,0.8222222222222222,0.5,0.6666666666666666,0.7999999999999999,0.0606060606060606,0.7083333333333334,0.07407407407407407,0.6484126984126983,0.0855614973262032,0.11423908608731131,1,1,1,0,1,1,1,1,1,3
2020,Republic of Korea,KR,Asia,MER,https://www.fatf-gafi.org/content/fatf-gafi/en/publications/Mutualevaluations/Mer-korea-2020.html,2020-04-01,FATF/APG,1,SE,SE,ME,ME,ME,SE,ME,SE,SE,ME,ME,LC,LC,LC,C,LC,PC,PC,PC,LC,LC,C,PC,C,C,C,LC,C,LC,LC,C,C,PC,PC,PC,LC,LC,C,PC,C,C,LC,LC,C,LC,LC,LC,LC,C,LC,LC,0.6666666666666666,0.6666666666666666,0.3333333333333333,0.3333333333333333,0.3333333333333333,0.6666666666666666,0.3333333333333333,0.6666666666666666,0.6666666666666666,0.3333333333333333,0.3333333333333333,0.6666666666666666,0.6666666666666666,0.6666666666666666,1.0,0.6666666666666666,0.3333333333333333,0.3333333333333333,0.3333333333333333,0.6666666666666666,0.6666666666666666,1.0,0.3333333333333333,1.0,1.0,1.0,0.6666666666666666,1.0,0.6666666666666666,0.6666666666666666,1.0,1.0,0.3333333333333333,0.3333333333333333,0.3333333333333333,0.6666666666666666,0.6666666666666666,1.0,0.3333333333333333,1.0,1.0,0.6666666666666666,0.6666666666666666,1.0,0.6666666666666666,0.6666666666666666,0.6666666666666666,0.6666666666666666,1.0,0.6666666666666666,0.6666666666666666,0,6,5,0,0,8,19,13,0.4848484848484848,0.7083333333333333,0.6666666666666666,0.3333333333333333,0.5,0.6666666666666666,0.8333333333333333,0.41666666666666663,0.7555555555555555,0.5,0.7666666666666666,0.7333333333333333,0.4848484848484848,0.7083333333333333,0.5,0.6674603174603174,0.6844919786096256,0.7491082045184305,0,0,1,0,0,0,1,0,1,0
2024,Republic of Korea,KR,Asia,EFUR4,https://www.fatf-gafi.org/content/fatf-gafi/en/publications/Mutualevaluations/Korea-fur-2024.html,2024-10-01,FATF,1,SE,SE,ME,ME,ME,SE,ME,SE,SE,ME,ME,LC,LC,LC,C,LC,PC,PC,LC,LC,LC,C,PC,C,C,C,LC,C,LC,LC,C,C,PC,PC,PC,LC,LC,C,PC,C,C,LC,LC,C,LC,LC,LC,LC,C,LC,LC,0.6666666666666666,0.6666666666666666,0.3333333333333333,0.3333333333333333,0.3333333333333333,0.6666666666666666,0.3333333333333333,0.6666666666666666,0.6666666666666666,0.3333333333333333,0.3333333333333333,0.6666666666666666,0.6666666666666666,0.6666666666666666,1.0,0.6666666666666666,0.3333333333333333,0.3333333333333333,0.6666666666666666,0.6666666666666666,0.6666666666666666,1.0,0.3333333333333333,1.0,1.0,1.0,0.6666666666666666,1.0,0.6666666666666666,0.6666666666666666,1.0,1.0,0.3333333333333333,0.3333333333333333,0.3333333333333333,0.6666666666666666,0.6666666666666666,1.0,0.3333333333333333,1.0,1.0,0.6666666666666666,0.6666666666666666,1.0,0.6666666666666666,0.6666666666666666,0.6666666666666666,0.6666666666666666,1.0,0.6666666666666666,0.6666666666666666,0,6,5,0,0,7,20,13,0.4848484848484848,0.7166666666666667,0.6666666666666666,0.3333333333333333,0.5,0.6666666666666666,0.8333333333333333,0.5,0.7555555555555555,0.5,0.7666666666666666,0.7333333333333333,0.4848484848484848,0.7166666666666667,0.5,0.6793650793650793,0.6765327695560253,0.735981308411215,1,1,0,0,0,0,0,0,0,4
2024,Kuwait,KW,Asia,MER,https://www.fatf-gafi.org/content/fatf-gafi/en/publications/Mutualevaluations/MER-Kuwait-2024.html,2024-10-01,FATF/MENAFATF,1,ME,ME,ME,ME,LE,ME,ME,ME,LE,LE,LE,LC,LC,LC,LC,LC,NC,NC,PC,C,LC,LC,LC,C,C,PC,LC,PC,PC,PC,C,LC,LC,LC,PC,LC,PC,C,PC,LC,LC,C,C,C,C,LC,LC,LC,PC,LC,LC,0.3333333333333333,0.3333333333333333,0.3333333333333333,0.3333333333333333,0.0,0.3333333333333333,0.3333333333333333,0.3333333333333333,0.0,0.0,0.0,0.6666666666666666,0.6666666666666666,0.6666666666666666,0.6666666666666666,0.6666666666666666,0.0,0.0,0.3333333333333333,1.0,0.6666666666666666,0.6666666666666666,0.6666666666666666,1.0,1.0,0.3333333333333333,0.6666666666666666,0.3333333333333333,0.3333333333333333,0.3333333333333333,1.0,0.6666666666666666,0.6666666666666666,0.6666666666666666,0.3333333333333333,0.6666666666666666,0.3333333333333333,1.0,0.3333333333333333,0.6666666666666666,0.6666666666666666,1.0,1.0,1.0,1.0,0.6666666666666666,0.6666666666666666,0.6666666666666666,0.3333333333333333,0.6666666666666666,0.6666666666666666,4,7,0,0,2,9,20,9,0.2121212121212121,0.6333333333333333,0.3333333333333333,0.2222222222222222,0.16666666666666666,0.6666666666666666,0.6666666666666666,0.25,0.6666666666666666,0.5,0.7666666666666666,0.6,0.2121212121212121,0.6333333333333333,0.24074074074074073,0.5880952380952381,0.33492822966507174,0.4093567251461988,0,0,1,0,1,1,1,1,1,0
2018,Kyrgyzstan,KG,Asia,MER,https://www.fatf-gafi.org/content/fatf-gafi/en/publications/Mutualevaluations/Mer-kyrgyzstan-2018.html,2018-09-01,EAG,1,LE,ME,ME,ME,ME,ME,ME,LE,ME,ME,ME,PC,PC,C,LC,LC,LC,PC,NC,LC,LC,LC,NC,LC,LC,LC,PC,NC,LC,LC,LC,LC,PC,PC,PC,LC,LC,LC,NC,LC,C,LC,LC,LC,PC,LC,LC,LC,PC,LC,LC,0.0,0.3333333333333333,0.3333333333333333,0.3333333333333333,0.3333333333333333,0.3333333333333333,0.3333333333333333,0.0,0.3333333333333333,0.3333333333333333,0.3333333333333333,0.3333333333333333,0.3333333333333333,1.0,0.6666666666666666,0.6666666666666666,0.6666666666666666,0.3333333333333333,0.0,0.6666666666666666,0.6666666666666666,0.6666666666666666,0.0,0.6666666666666666,0.6666666666666666,0.6666666666666666,0.3333333333333333,0.0,0.6666666666666666,0.6666666666666666,0.6666666666666666,0.6666666666666666,0.3333333333333333,0.3333333333333333,0.3333333333333333,0.6666666666666666,0.6666666666666666,0.6666666666666666,0.0,0.6666666666666666,1.0,0.6666666666666666,0.6666666666666666,0.6666666666666666,0.3333333333333333,0.6666666666666666,0.6666666666666666,0.6666666666666666,0.3333333333333333,0.6666666666666666,0.6666666666666666,2,9,0,0,4,9,25,2,0.2727272727272727,0.5416666666666666,0.16666666666666666,0.3333333333333333,0.2777777777777778,0.3333333333333333,0.8333333333333333,0.41666666666666663,0.5111111111111111,0.5,0.6,0.6,0.2727272727272727,0.5416666666666666,0.25925925925925924,0.542063492063492,0.5034965034965035,0.4782820888238165,0,0,1,0,1,0,1,1,1,0
2019,Kyrgyzstan,KG,Asia,EFUR2,https://www.fatf-gafi.org/content/fatf-gafi/en/publications/Mutualevaluations/Fur2-kyrgyzstan-2019.html,2019-11-29,EAG,1,LE,ME,ME,ME,ME,ME,ME,LE,ME,ME,ME,LC,LC,C,LC,LC,C,C,NC,LC,LC,LC,LC,LC,LC,LC,LC,LC,LC,LC,LC,LC,LC,LC,LC,LC,LC,LC,LC,LC,C,LC,LC,LC,LC,LC,LC,LC,LC,LC,LC,0.0,0.3333333333333333,0.3333333333333333,0.3333333333333333,0.3333333333333333,0.3333333333333333,0.3333333333333333,0.0,0.3333333333333333,0.3333333333333333,0.3333333333333333,0.6666666666666666,0.6666666666666666,1.0,0.6666666666666666,0.6666666666666666,1.0,1.0,0.0,0.6666666666666666,0.6666666666666666,0.6666666666666666,0.6666666666666666,0.6666666666666666,0.6666666666666666,0.6666666666666666,0.6666666666666666,0.6666666666666666,0.6666666666666666,0.6666666666666666,0.6666666666666666,0.6666666666666666,0.6666666666666666,0.6666666666666666,0.6666666666666666,0.6666666666666666,0.6666666666666666,0.6666666666666666,0.6666666666666666,0.6666666666666666,1.0,0.6666666666666666,0.6666666666666666,0.6666666666666666,0.6666666666666666,0.6666666666666666,0.6666666666666666,0.6666666666666666,0.6666666666666666,0.6666666666666666,0.6666666666666666,2,9,0,0,1,0,35,4,0.2727272727272727,0.6833333333333333,0.16666666666666666,0.3333333333333333,0.2777777777777778,0.6666666666666666,0.8333333333333333,0.6666666666666666,0.6666666666666666,0.6666666666666666,0.7,0.6666666666666666,0.2727272727272727,0.6833333333333333,0.25925925925925924,0.6952380952380952,0.39911308203991125,0.3729071537290715,1,1,0,0,1,0,0,1,1,2
2022,Kyrgyzstan,KG,Asia,EFUR4,NA,2022-12-01,EAG,1,LE,ME,ME,ME,ME,ME,ME,LE,ME,ME,ME,LC,LC,C,LC,LC,C,C,PC,LC,LC,LC,LC,LC,LC,PC,LC,LC,LC,LC,LC,LC,LC,LC,LC,LC,LC,LC,LC,LC,C,LC,LC,LC,LC,LC,LC,LC,LC,LC,LC,0.0,0.3333333333333333,0.3333333333333333,0.3333333333333333,0.3333333333333333,0.3333333333333333,0.3333333333333333,0.0,0.3333333333333333,0.3333333333333333,0.3333333333333333,0.6666666666666666,0.6666666666666666,1.0,0.6666666666666666,0.6666666666666666,1.0,1.0,0.3333333333333333,0.6666666666666666,0.6666666666666666,0.6666666666666666,0.6666666666666666,0.6666666666666666,0.6666666666666666,0.3333333333333333,0.6666666666666666,0.6666666666666666,0.6666666666666666,0.6666666666666666,0.6666666666666666,0.6666666666666666,0.6666666666666666,0.6666666666666666,0.6666666666666666,0.6666666666666666,0.6666666666666666,0.6666666666666666,0.6666666666666666,0.6666666666666666,1.0,0.6666666666666666,0.6666666666666666,0.6666666666666666,0.6666666666666666,0.6666666666666666,0.6666666666666666,0.6666666666666666,0.6666666666666666,0.6666666666666666,0.6666666666666666,2,9,0,0,0,2,34,4,0.2727272727272727,0.6833333333333333,0.16666666666666666,0.3333333333333333,0.2777777777777778,0.6666666666666666,0.8333333333333333,0.75,0.6444444444444444,0.6666666666666666,0.7,0.6666666666666666,0.2727272727272727,0.6833333333333333,0.25925925925925924,0.7039682539682539,0.39911308203991125,0.368282600526118,1,1,0,0,1,0,0,1,1,4
2023,Kyrgyzstan,KG,Asia,EFUR5,https://www.fatf-gafi.org/content/fatf-gafi/en/publications/Mutualevaluations/Kyrgyz-Republic-FUR-2024.html,2023-12-01,EAG,1,LE,ME,ME,ME,ME,ME,ME,LE,ME,ME,ME,LC,LC,C,LC,LC,C,C,LC,LC,LC,LC,LC,LC,LC,LC,LC,LC,LC,LC,LC,LC,LC,LC,LC,LC,LC,LC,LC,LC,C,LC,LC,LC,LC,LC,LC,LC,LC,LC,LC,0.0,0.3333333333333333,0.3333333333333333,0.3333333333333333,0.3333333333333333,0.3333333333333333,0.3333333333333333,0.0,0.3333333333333333,0.3333333333333333,0.3333333333333333,0.6666666666666666,0.6666666666666666,1.0,0.6666666666666666,0.6666666666666666,1.0,1.0,0.6666666666666666,0.6666666666666666,0.6666666666666666,0.6666666666666666,0.6666666666666666,0.6666666666666666,0.6666666666666666,0.6666666666666666,0.6666666666666666,0.6666666666666666,0.6666666666666666,0.6666666666666666,0.6666666666666666,0.6666666666666666,0.6666666666666666,0.6666666666666666,0.6666666666666666,0.6666666666666666,0.6666666666666666,0.6666666666666666,0.6666666666666666,0.6666666666666666,1.0,0.6666666666666666,0.6666666666666666,0.6666666666666666,0.6666666666666666,0.6666666666666666,0.6666666666666666,0.6666666666666666,0.6666666666666666,0.6666666666666666,0.6666666666666666,2,9,0,0,0,0,36,4,0.2727272727272727,0.7,0.16666666666666666,0.3333333333333333,0.2777777777777778,0.6666666666666666,0.8333333333333333,0.8333333333333333,0.6666666666666666,0.6666666666666666,0.7,0.6666666666666666,0.2727272727272727,0.7,0.25925925925925924,0.719047619047619,0.38961038961038963,0.36055923473142015,1,1,0,0,1,0,0,1,1,5
2023,Laos,LA,Asia,MER,https://www.fatf-gafi.org/content/fatf-gafi/en/publications/Mutualevaluations/MER-Lao-2023.html,2023-08-01,APG,1,LE,ME,LE,LE,LE,LE,LE,LE,ME,LE,LE,PC,LC,PC,PC,NC,PC,PC,NC,LC,PC,PC,NC,LC,PC,NC,PC,NA,LC,PC,PC,PC,PC,NC,NC,NC,PC,LC,NC,PC,LC,PC,LC,PC,NC,PC,PC,LC,PC,PC,PC,0.0,0.3333333333333333,0.0,0.0,0.0,0.0,0.0,0.0,0.3333333333333333,0.0,0.0,0.3333333333333333,0.6666666666666666,0.3333333333333333,0.3333333333333333,0.0,0.3333333333333333,0.3333333333333333,0.0,0.6666666666666666,0.3333333333333333,0.3333333333333333,0.0,0.6666666666666666,0.3333333333333333,0.0,0.3333333333333333,0.32478632478632474,0.6666666666666666,0.3333333333333333,0.3333333333333333,0.3333333333333333,0.3333333333333333,0.0,0.0,0.0,0.3333333333333333,0.6666666666666666,0.0,0.3333333333333333,0.6666666666666666,0.3333333333333333,0.6666666666666666,0.3333333333333333,0.0,0.3333333333333333,0.3333333333333333,0.6666666666666666,0.3333333333333333,0.3333333333333333,0.3333333333333333,9,2,0,0,9,22,8,0,0.0606060606060606,0.32478632478632474,0.16666666666666666,0.0,0.05555555555555555,0.5,0.3333333333333333,0.16666666666666666,0.33276353276353277,0.0,0.36666666666666664,0.39999999999999997,0.0606060606060606,0.32478632478632474,0.07407407407407407,0.2999185999185999,0.18660287081339713,0.24698059438186998,0,0,1,1,1,1,1,1,1,0
2018,Latvia,LV,Europe,MER,https://www.fatf-gafi.org/content/fatf-gafi/en/publications/Mutualevaluations/Mer-latvia-2018.html,2018-07-01,MONEYVAL,1,ME,SE,ME,ME,LE,ME,ME,ME,ME,ME,LE,C,LC,LC,C,LC,PC,PC,PC,C,PC,LC,LC,LC,LC,LC,LC,LC,LC,LC,LC,C,PC,LC,LC,LC,PC,C,PC,LC,LC,LC,PC,LC,C,LC,LC,LC,LC,PC,PC,0.3333333333333333,0.6666666666666666,0.3333333333333333,0.3333333333333333,0.0,0.3333333333333333,0.3333333333333333,0.3333333333333333,0.3333333333333333,0.3333333333333333,0.0,1.0,0.6666666666666666,0.6666666666666666,1.0,0.6666666666666666,0.3333333333333333,0.3333333333333333,0.3333333333333333,1.0,0.3333333333333333,0.6666666666666666,0.6666666666666666,0.6666666666666666,0.6666666666666666,0.6666666666666666,0.6666666666666666,0.6666666666666666,0.6666666666666666,0.6666666666666666,0.6666666666666666,1.0,0.3333333333333333,0.6666666666666666,0.6666666666666666,0.6666666666666666,0.3333333333333333,1.0,0.3333333333333333,0.6666666666666666,0.6666666666666666,0.6666666666666666,0.3333333333333333,0.6666666666666666,1.0,0.6666666666666666,0.6666666666666666,0.6666666666666666,0.6666666666666666,0.3333333333333333,0.3333333333333333,2,8,1,0,0,10,24,6,0.30303030303030304,0.6333333333333333,0.5,0.2222222222222222,0.2777777777777778,0.8333333333333333,0.8333333333333333,0.41666666666666663,0.6666666666666666,0.6666666666666666,0.6333333333333333,0.5333333333333333,0.30303030303030304,0.6333333333333333,0.3333333333333333,0.6547619047619048,0.47846889952153115,0.509090909090909,0,0,1,1,1,0,1,1,1,0
2019,Latvia,LV,Europe,EFUR1,https://www.fatf-gafi.org/content/fatf-gafi/en/publications/Mutualevaluations/Fur1-latvia-2019.html,2019-12-01,MONEYVAL,1,ME,SE,ME,ME,LE,ME,ME,ME,ME,ME,LE,C,C,LC,C,LC,LC,LC,LC,C,LC,LC,LC,LC,LC,LC,LC,LC,LC,LC,LC,C,LC,LC,LC,LC,LC,C,LC,LC,LC,LC,LC,LC,C,LC,LC,LC,LC,LC,LC,0.3333333333333333,0.6666666666666666,0.3333333333333333,0.3333333333333333,0.0,0.3333333333333333,0.3333333333333333,0.3333333333333333,0.3333333333333333,0.3333333333333333,0.0,1.0,1.0,0.6666666666666666,1.0,0.6666666666666666,0.6666666666666666,0.6666666666666666,0.6666666666666666,1.0,0.6666666666666666,0.6666666666666666,0.6666666666666666,0.6666666666666666,0.6666666666666666,0.6666666666666666,0.6666666666666666,0.6666666666666666,0.6666666666666666,0.6666666666666666,0.6666666666666666,1.0,0.6666666666666666,0.6666666666666666,0.6666666666666666,0.6666666666666666,0.6666666666666666,1.0,0.6666666666666666,0.6666666666666666,0.6666666666666666,0.6666666666666666,0.6666666666666666,0.6666666666666666,1.0,0.6666666666666666,0.6666666666666666,0.6666666666666666,0.6666666666666666,0.6666666666666666,0.6666666666666666,2,8,1,0,0,0,33,7,0.30303030303030304,0.725,0.5,0.2222222222222222,0.2777777777777778,1.0,0.8333333333333333,0.6666666666666666,0.711111111111111,0.6666666666666666,0.7333333333333333,0.6666666666666666,0.30303030303030304,0.725,0.3333333333333333,0.753968253968254,0.41797283176593525,0.4421052631578947,1,1,0,0,1,0,0,1,1,1
2023,Lebanon,LB,Asia,MER,https://www.fatf-gafi.org/content/fatf-gafi/en/publications/Mutualevaluations/Lebanon-MER-2023.html,2023-12-01,MENAFATF,1,ME,ME,ME,ME,ME,ME,LE,LE,ME,ME,ME,LC,LC,PC,LC,LC,LC,LC,LC,LC,C,LC,C,C,LC,PC,C,C,LC,C,LC,C,LC,LC,LC,PC,LC,C,PC,LC,LC,C,LC,LC,LC,LC,LC,LC,PC,PC,LC,0.3333333333333333,0.3333333333333333,0.3333333333333333,0.3333333333333333,0.3333333333333333,0.3333333333333333,0.0,0.0,0.3333333333333333,0.3333333333333333,0.3333333333333333,0.6666666666666666,0.6666666666666666,0.3333333333333333,0.6666666666666666,0.6666666666666666,0.6666666666666666,0.6666666666666666,0.6666666666666666,0.6666666666666666,1.0,0.6666666666666666,1.0,1.0,0.6666666666666666,0.3333333333333333,1.0,1.0,0.6666666666666666,1.0,0.6666666666666666,1.0,0.6666666666666666,0.6666666666666666,0.6666666666666666,0.3333333333333333,0.6666666666666666,1.0,0.3333333333333333,0.6666666666666666,0.6666666666666666,1.0,0.6666666666666666,0.6666666666666666,0.6666666666666666,0.6666666666666666,0.6666666666666666,0.6666666666666666,0.3333333333333333,0.3333333333333333,0.6666666666666666,2,9,0,0,0,6,25,9,0.2727272727272727,0.6916666666666667,0.3333333333333333,0.3333333333333333,0.2222222222222222,0.6666666666666666,0.5,0.6666666666666666,0.7999999999999999,0.5,0.7,0.5333333333333333,0.2727272727272727,0.6916666666666667,0.2962962962962963,0.6238095238095238,0.3943044906900328,0.4749787955894826,0,0,0,1,1,0,1,1,1,0
2023,Lesotho,LS,Africa,MER,https://www.fatf-gafi.org/content/fatf-gafi/en/publications/Mutualevaluations/Lesotho-MER-2023.html,2023-09-01,ESAAMLG,1,LE,LE,ME,ME,LE,LE,LE,LE,LE,LE,LE,PC,C,PC,PC,C,PC,NC,NC,LC,LC,LC,LC,C,LC,NC,LC,PC,C,NC,PC,LC,LC,PC,PC,NC,PC,C,PC,LC,PC,PC,PC,PC,LC,LC,C,C,PC,LC,PC,0.0,0.0,0.3333333333333333,0.3333333333333333,0.0,0.0,0.0,0.0,0.0,0.0,0.0,0.3333333333333333,1.0,0.3333333333333333,0.3333333333333333,1.0,0.3333333333333333,0.0,0.0,0.6666666666666666,0.6666666666666666,0.6666666666666666,0.6666666666666666,1.0,0.6666666666666666,0.0,0.6666666666666666,0.3333333333333333,1.0,0.0,0.3333333333333333,0.6666666666666666,0.6666666666666666,0.3333333333333333,0.3333333333333333,0.0,0.3333333333333333,1.0,0.3333333333333333,0.6666666666666666,0.3333333333333333,0.3333333333333333,0.3333333333333333,0.3333333333333333,0.6666666666666666,0.6666666666666666,1.0,1.0,0.3333333333333333,0.6666666666666666,0.3333333333333333,9,2,0,0,5,16,12,7,0.0606060606060606,0.5083333333333333,0.0,0.2222222222222222,0.0,0.6666666666666666,0.3333333333333333,0.3333333333333333,0.5555555555555556,0.16666666666666666,0.5,0.6666666666666666,0.0606060606060606,0.5083333333333333,0.07407407407407407,0.4603174603174603,0.11922503725782414,0.16091954022988506,0,0,1,1,1,1,1,1,1,0
2023,Liberia,LR,Africa,MER,https://www.fatf-gafi.org/content/fatf-gafi/en/publications/Mutualevaluations/mer-liberia-2023.html,2023-06-01,GIABA,1,ME,LE,LE,LE,LE,LE,LE,LE,LE,LE,LE,LC,LC,PC,PC,PC,PC,NC,NC,LC,PC,C,PC,LC,LC,NC,PC,C,LC,LC,LC,LC,PC,LC,PC,PC,PC,LC,PC,C,PC,PC,LC,PC,PC,PC,LC,PC,LC,LC,PC,0.3333333333333333,0.0,0.0,0.0,0.0,0.0,0.0,0.0,0.0,0.0,0.0,0.6666666666666666,0.6666666666666666,0.3333333333333333,0.3333333333333333,0.3333333333333333,0.3333333333333333,0.0,0.0,0.6666666666666666,0.3333333333333333,1.0,0.3333333333333333,0.6666666666666666,0.6666666666666666,0.0,0.3333333333333333,1.0,0.6666666666666666,0.6666666666666666,0.6666666666666666,0.6666666666666666,0.3333333333333333,0.6666666666666666,0.3333333333333333,0.3333333333333333,0.3333333333333333,0.6666666666666666,0.3333333333333333,1.0,0.3333333333333333,0.3333333333333333,0.6666666666666666,0.3333333333333333,0.3333333333333333,0.3333333333333333,0.6666666666666666,0.3333333333333333,0.6666666666666666,0.6666666666666666,0.3333333333333333,10,1,0,0,3,19,15,3,0.0303030303030303,0.48333333333333334,0.16666666666666666,0.0,0.0,0.6666666666666666,0.3333333333333333,0.16666666666666666,0.5777777777777777,0.3333333333333333,0.4666666666666667,0.5333333333333333,0.0303030303030303,0.48333333333333334,0.05555555555555555,0.4396825396825397,0.06269592476489028,0.1263537906137184,0,0,1,1,1,1,1,1,1,0
2022,Liechtenstein,LI,Europe,MER,https://www.fatf-gafi.org/content/fatf-gafi/en/publications/Mutualevaluations/Mer-liechtenstein-2022.html,2022-05-01,MONEYVAL,0,SE,SE,ME,ME,ME,SE,ME,SE,SE,ME,ME,LC,C,LC,C,LC,LC,LC,LC,C,LC,LC,LC,LC,C,PC,C,LC,LC,LC,LC,LC,LC,LC,LC,LC,LC,LC,PC,LC,C,C,LC,LC,C,PC,C,LC,C,C,LC,0.6666666666666666,0.6666666666666666,0.3333333333333333,0.3333333333333333,0.3333333333333333,0.6666666666666666,0.3333333333333333,0.6666666666666666,0.6666666666666666,0.3333333333333333,0.3333333333333333,0.6666666666666666,1.0,0.6666666666666666,1.0,0.6666666666666666,0.6666666666666666,0.6666666666666666,0.6666666666666666,1.0,0.6666666666666666,0.6666666666666666,0.6666666666666666,0.6666666666666666,1.0,0.3333333333333333,1.0,0.6666666666666666,0.6666666666666666,0.6666666666666666,0.6666666666666666,0.6666666666666666,0.6666666666666666,0.6666666666666666,0.6666666666666666,0.6666666666666666,0.6666666666666666,0.6666666666666666,0.3333333333333333,0.6666666666666666,1.0,1.0,0.6666666666666666,0.6666666666666666,1.0,0.3333333333333333,1.0,0.6666666666666666,1.0,1.0,0.6666666666666666,0,6,5,0,0,3,26,11,0.4848484848484848,0.7333333333333333,0.6666666666666666,0.3333333333333333,0.5,0.8333333333333333,0.8333333333333333,0.6666666666666666,0.711111111111111,0.6666666666666666,0.7,0.8666666666666667,0.4848484848484848,0.7333333333333333,0.5,0.753968253968254,0.6611570247933884,0.6631578947368422,0,0,0,0,0,0,0,0,0,0
2018,Lithuania,LT,Europe,MER,https://www.fatf-gafi.org/content/fatf-gafi/en/publications/Mutualevaluations/Mer-lithuania-2018.html,2018-12-01,MONEYVAL,1,ME,SE,ME,ME,ME,ME,ME,ME,ME,ME,ME,PC,PC,LC,LC,LC,PC,PC,LC,C,LC,C,C,LC,LC,C,LC,C,LC,LC,LC,C,LC,LC,PC,LC,PC,C,PC,LC,C,LC,PC,LC,LC,LC,C,LC,LC,LC,LC,0.3333333333333333,0.6666666666666666,0.3333333333333333,0.3333333333333333,0.3333333333333333,0.3333333333333333,0.3333333333333333,0.3333333333333333,0.3333333333333333,0.3333333333333333,0.3333333333333333,0.3333333333333333,0.3333333333333333,0.6666666666666666,0.6666666666666666,0.6666666666666666,0.3333333333333333,0.3333333333333333,0.6666666666666666,1.0,0.6666666666666666,1.0,1.0,0.6666666666666666,0.6666666666666666,1.0,0.6666666666666666,1.0,0.6666666666666666,0.6666666666666666,0.6666666666666666,1.0,0.6666666666666666,0.6666666666666666,0.3333333333333333,0.6666666666666666,0.3333333333333333,1.0,0.3333333333333333,0.6666666666666666,1.0,0.6666666666666666,0.3333333333333333,0.6666666666666666,0.6666666666666666,0.6666666666666666,1.0,0.6666666666666666,0.6666666666666666,0.6666666666666666,0.6666666666666666,0,10,1,0,0,8,23,9,0.3636363636363636,0.6749999999999999,0.5,0.3333333333333333,0.3333333333333333,0.3333333333333333,0.6666666666666666,0.5,0.7999999999999999,0.5,0.6333333333333333,0.7333333333333333,0.3636363636363636,0.6749999999999999,0.3888888888888889,0.5952380952380952,0.5387205387205387,0.6533333333333333,0,0,1,0,1,0,1,1,1,0
2020,Lithuania,LT,Europe,EFUR1,https://www.fatf-gafi.org/content/fatf-gafi/en/publications/Mutualevaluations/Fur-lithuania-2020.html,2020-06-01,MONEYVAL,1,ME,SE,ME,ME,ME,ME,ME,ME,ME,ME,ME,LC,PC,LC,LC,LC,PC,PC,LC,C,LC,C,C,LC,LC,PC,LC,C,LC,LC,LC,C,LC,LC,PC,LC,PC,C,PC,LC,C,LC,PC,LC,LC,LC,C,LC,LC,LC,LC,0.3333333333333333,0.6666666666666666,0.3333333333333333,0.3333333333333333,0.3333333333333333,0.3333333333333333,0.3333333333333333,0.3333333333333333,0.3333333333333333,0.3333333333333333,0.3333333333333333,0.6666666666666666,0.3333333333333333,0.6666666666666666,0.6666666666666666,0.6666666666666666,0.3333333333333333,0.3333333333333333,0.6666666666666666,1.0,0.6666666666666666,1.0,1.0,0.6666666666666666,0.6666666666666666,0.3333333333333333,0.6666666666666666,1.0,0.6666666666666666,0.6666666666666666,0.6666666666666666,1.0,0.6666666666666666,0.6666666666666666,0.3333333333333333,0.6666666666666666,0.3333333333333333,1.0,0.3333333333333333,0.6666666666666666,1.0,0.6666666666666666,0.3333333333333333,0.6666666666666666,0.6666666666666666,0.6666666666666666,1.0,0.6666666666666666,0.6666666666666666,0.6666666666666666,0.6666666666666666,0,10,1,0,0,8,24,8,0.3636363636363636,0.6666666666666666,0.5,0.3333333333333333,0.3333333333333333,0.5,0.6666666666666666,0.5,0.7555555555555555,0.5,0.6333333333333333,0.7333333333333333,0.3636363636363636,0.6666666666666666,0.3888888888888889,0.6126984126984126,0.5454545454545454,0.6347150259067358,1,1,1,0,1,0,1,1,1,1
2021,Lithuania,LT,Europe,EFUR2,https://www.fatf-gafi.org/content/fatf-gafi/en/publications/Mutualevaluations/Fur-lithuania-2021.html,2021-11-01,MONEYVAL,1,ME,SE,ME,ME,ME,ME,ME,ME,ME,ME,ME,LC,PC,LC,LC,LC,PC,PC,LC,C,LC,C,C,LC,LC,PC,LC,C,LC,LC,LC,C,LC,LC,PC,LC,LC,C,PC,LC,C,LC,PC,LC,LC,LC,C,LC,LC,LC,LC,0.3333333333333333,0.6666666666666666,0.3333333333333333,0.3333333333333333,0.3333333333333333,0.3333333333333333,0.3333333333333333,0.3333333333333333,0.3333333333333333,0.3333333333333333,0.3333333333333333,0.6666666666666666,0.3333333333333333,0.6666666666666666,0.6666666666666666,0.6666666666666666,0.3333333333333333,0.3333333333333333,0.6666666666666666,1.0,0.6666666666666666,1.0,1.0,0.6666666666666666,0.6666666666666666,0.3333333333333333,0.6666666666666666,1.0,0.6666666666666666,0.6666666666666666,0.6666666666666666,1.0,0.6666666666666666,0.6666666666666666,0.3333333333333333,0.6666666666666666,0.6666666666666666,1.0,0.3333333333333333,0.6666666666666666,1.0,0.6666666666666666,0.3333333333333333,0.6666666666666666,0.6666666666666666,0.6666666666666666,1.0,0.6666666666666666,0.6666666666666666,0.6666666666666666,0.6666666666666666,0,10,1,0,0,7,25,8,0.3636363636363636,0.6749999999999999,0.5,0.3333333333333333,0.3333333333333333,0.5,0.6666666666666666,0.5,0.7555555555555555,0.5,0.6666666666666666,0.7333333333333333,0.3636363636363636,0.6749999999999999,0.3888888888888889,0.6174603174603175,0.5387205387205387,0.6298200514138818,1,1,0,0,1,0,0,1,1,2
2022,Lithuania,LT,Europe,EFUR3,https://www.fatf-gafi.org/content/fatf-gafi/en/publications/Mutualevaluations/FUR-Lithuania-2023.html,2022-12-01,MONEYVAL,1,ME,SE,ME,ME,ME,ME,ME,ME,ME,ME,ME,LC,PC,LC,LC,LC,PC,PC,LC,C,LC,C,C,LC,LC,PC,LC,C,LC,LC,LC,C,LC,LC,LC,LC,LC,C,PC,LC,C,LC,LC,LC,LC,LC,C,LC,LC,LC,LC,0.3333333333333333,0.6666666666666666,0.3333333333333333,0.3333333333333333,0.3333333333333333,0.3333333333333333,0.3333333333333333,0.3333333333333333,0.3333333333333333,0.3333333333333333,0.3333333333333333,0.6666666666666666,0.3333333333333333,0.6666666666666666,0.6666666666666666,0.6666666666666666,0.3333333333333333,0.3333333333333333,0.6666666666666666,1.0,0.6666666666666666,1.0,1.0,0.6666666666666666,0.6666666666666666,0.3333333333333333,0.6666666666666666,1.0,0.6666666666666666,0.6666666666666666,0.6666666666666666,1.0,0.6666666666666666,0.6666666666666666,0.6666666666666666,0.6666666666666666,0.6666666666666666,1.0,0.3333333333333333,0.6666666666666666,1.0,0.6666666666666666,0.6666666666666666,0.6666666666666666,0.6666666666666666,0.6666666666666666,1.0,0.6666666666666666,0.6666666666666666,0.6666666666666666,0.6666666666666666,0,10,1,0,0,5,27,8,0.3636363636363636,0.6916666666666667,0.5,0.3333333333333333,0.3333333333333333,0.5,0.6666666666666666,0.5,0.7555555555555555,0.6666666666666666,0.7,0.7333333333333333,0.3636363636363636,0.6916666666666667,0.3888888888888889,0.646031746031746,0.5257393209200437,0.601965601965602,1,1,0,0,1,0,0,1,1,3
2023,Lithuania,LT,Europe,EFUR4,https://www.fatf-gafi.org/content/fatf-gafi/en/publications/Mutualevaluations/Lithuania-MONEYVAL-FUR-2024.html,2023-12-01,MONEYVAL,1,ME,SE,ME,ME,ME,ME,ME,ME,ME,ME,ME,LC,C,LC,LC,LC,PC,PC,LC,C,LC,C,C,LC,LC,PC,LC,C,LC,LC,LC,C,LC,LC,LC,LC,LC,C,PC,LC,C,LC,LC,LC,LC,LC,C,LC,LC,LC,LC,0.3333333333333333,0.6666666666666666,0.3333333333333333,0.3333333333333333,0.3333333333333333,0.3333333333333333,0.3333333333333333,0.3333333333333333,0.3333333333333333,0.3333333333333333,0.3333333333333333,0.6666666666666666,1.0,0.6666666666666666,0.6666666666666666,0.6666666666666666,0.3333333333333333,0.3333333333333333,0.6666666666666666,1.0,0.6666666666666666,1.0,1.0,0.6666666666666666,0.6666666666666666,0.3333333333333333,0.6666666666666666,1.0,0.6666666666666666,0.6666666666666666,0.6666666666666666,1.0,0.6666666666666666,0.6666666666666666,0.6666666666666666,0.6666666666666666,0.6666666666666666,1.0,0.3333333333333333,0.6666666666666666,1.0,0.6666666666666666,0.6666666666666666,0.6666666666666666,0.6666666666666666,0.6666666666666666,1.0,0.6666666666666666,0.6666666666666666,0.6666666666666666,0.6666666666666666,0,10,1,0,0,4,27,9,0.3636363636363636,0.7083333333333333,0.5,0.3333333333333333,0.3333333333333333,0.8333333333333333,0.6666666666666666,0.5,0.7555555555555555,0.6666666666666666,0.7,0.7333333333333333,0.3636363636363636,0.7083333333333333,0.3888888888888889,0.6936507936507936,0.5133689839572192,0.5606407322654462,1,1,0,0,1,0,0,1,1,4
2023,Luxembourg,LU,Europe,MER,https://www.fatf-gafi.org/content/fatf-gafi/en/publications/Mutualevaluations/MER-Luxembourg-2023.html,2023-09-01,FATF,0,SE,SE,ME,ME,SE,SE,ME,ME,SE,ME,ME,C,C,C,LC,C,LC,LC,PC,C,C,C,C,C,C,LC,C,C,C,C,C,C,C,C,LC,C,C,C,C,C,LC,C,LC,LC,C,LC,LC,C,C,C,LC,0.6666666666666666,0.6666666666666666,0.3333333333333333,0.3333333333333333,0.6666666666666666,0.6666666666666666,0.3333333333333333,0.3333333333333333,0.6666666666666666,0.3333333333333333,0.3333333333333333,1.0,1.0,1.0,0.6666666666666666,1.0,0.6666666666666666,0.6666666666666666,0.3333333333333333,1.0,1.0,1.0,1.0,1.0,1.0,0.6666666666666666,1.0,1.0,1.0,1.0,1.0,1.0,1.0,1.0,0.6666666666666666,1.0,1.0,1.0,1.0,1.0,0.6666666666666666,1.0,0.6666666666666666,0.6666666666666666,1.0,0.6666666666666666,0.6666666666666666,1.0,1.0,1.0,0.6666666666666666,0,6,5,0,0,1,11,28,0.4848484848484848,0.8916666666666666,0.6666666666666666,0.4444444444444444,0.4444444444444444,1.0,0.8333333333333333,0.6666666666666666,0.9777777777777777,0.8333333333333333,0.8666666666666667,0.8666666666666667,0.4848484848484848,0.8916666666666666,0.5185185185185185,0.8634920634920634,0.5437553101104503,0.6004901960784313,0,0,0,0,0,0,0,0,0,0
2017,Macao,MO,Asia,MER,https://www.fatf-gafi.org/content/fatf-gafi/en/publications/Mutualevaluations/Mer-macao-2017.html,2017-12-01,APG,0,ME,SE,SE,ME,SE,SE,LE,LE,ME,SE,SE,LC,LC,LC,C,LC,C,C,LC,C,C,C,C,C,C,C,LC,C,C,C,C,C,PC,PC,LC,LC,C,C,LC,C,LC,C,NC,LC,C,C,LC,C,LC,LC,LC,0.3333333333333333,0.6666666666666666,0.6666666666666666,0.3333333333333333,0.6666666666666666,0.6666666666666666,0.0,0.0,0.3333333333333333,0.6666666666666666,0.6666666666666666,0.6666666666666666,0.6666666666666666,0.6666666666666666,1.0,0.6666666666666666,1.0,1.0,0.6666666666666666,1.0,1.0,1.0,1.0,1.0,1.0,1.0,0.6666666666666666,1.0,1.0,1.0,1.0,1.0,0.3333333333333333,0.3333333333333333,0.6666666666666666,0.6666666666666666,1.0,1.0,0.6666666666666666,1.0,0.6666666666666666,1.0,0.0,0.6666666666666666,1.0,1.0,0.6666666666666666,1.0,0.6666666666666666,0.6666666666666666,0.6666666666666666,2,3,6,0,1,2,15,22,0.45454545454545453,0.8166666666666667,0.5,0.5555555555555556,0.38888888888888884,0.6666666666666666,0.8333333333333333,0.8333333333333333,0.8888888888888888,0.6666666666666666,0.8,0.7333333333333333,0.45454545454545453,0.8166666666666667,0.48148148148148145,0.7746031746031745,0.5565862708719852,0.621584699453552,0,0,0,0,0,0,0,0,0,0
2019,Macao,MO,Asia,RFUR1,https://www.fatf-gafi.org/content/fatf-gafi/en/publications/Mutualevaluations/Fur-macao-china-2019.html,2019-10-01,APG,0,ME,SE,SE,ME,SE,SE,LE,LE,ME,SE,SE,LC,LC,LC,C,LC,C,C,LC,C,C,C,C,C,C,C,LC,C,C,C,C,C,LC,LC,LC,LC,C,C,LC,C,LC,C,LC,LC,C,C,LC,C,LC,LC,LC,0.3333333333333333,0.6666666666666666,0.6666666666666666,0.3333333333333333,0.6666666666666666,0.6666666666666666,0.0,0.0,0.3333333333333333,0.6666666666666666,0.6666666666666666,0.6666666666666666,0.6666666666666666,0.6666666666666666,1.0,0.6666666666666666,1.0,1.0,0.6666666666666666,1.0,1.0,1.0,1.0,1.0,1.0,1.0,0.6666666666666666,1.0,1.0,1.0,1.0,1.0,0.6666666666666666,0.6666666666666666,0.6666666666666666,0.6666666666666666,1.0,1.0,0.6666666666666666,1.0,0.6666666666666666,1.0,0.6666666666666666,0.6666666666666666,1.0,1.0,0.6666666666666666,1.0,0.6666666666666666,0.6666666666666666,0.6666666666666666,2,3,6,0,0,0,18,22,0.45454545454545453,0.85,0.5,0.5555555555555556,0.38888888888888884,0.6666666666666666,0.8333333333333333,0.8333333333333333,0.9333333333333333,0.6666666666666666,0.8666666666666667,0.7333333333333333,0.45454545454545453,0.85,0.48148148148148145,0.7904761904761904,0.5347593582887701,0.6091030789825971,1,0,0,0,0,0,0,0,0,1
2018,Madagascar,MG,Africa,MER,https://www.fatf-gafi.org/content/fatf-gafi/en/publications/Mutualevaluations/Mer-madagascar-2018.html,2018-09-01,ESAAMLG/WB,1,LE,LE,LE,LE,LE,ME,LE,LE,LE,LE,LE,NC,PC,LC,LC,PC,NC,NC,PC,C,NC,PC,PC,PC,PC,NC,NC,PC,LC,PC,LC,C,NC,NC,PC,NC,PC,LC,NC,LC,C,C,PC,PC,NC,NC,PC,LC,LC,LC,PC,0.0,0.0,0.0,0.0,0.0,0.3333333333333333,0.0,0.0,0.0,0.0,0.0,0.0,0.3333333333333333,0.6666666666666666,0.6666666666666666,0.3333333333333333,0.0,0.0,0.3333333333333333,1.0,0.0,0.3333333333333333,0.3333333333333333,0.3333333333333333,0.3333333333333333,0.0,0.0,0.3333333333333333,0.6666666666666666,0.3333333333333333,0.6666666666666666,1.0,0.0,0.0,0.3333333333333333,0.0,0.3333333333333333,0.6666666666666666,0.0,0.6666666666666666,1.0,1.0,0.3333333333333333,0.3333333333333333,0.0,0.0,0.3333333333333333,0.6666666666666666,0.6666666666666666,0.6666666666666666,0.3333333333333333,10,1,0,0,12,15,9,4,0.0303030303030303,0.375,0.0,0.0,0.05555555555555555,0.16666666666666666,0.6666666666666666,0.16666666666666666,0.35555555555555557,0.16666666666666666,0.43333333333333335,0.5333333333333333,0.0303030303030303,0.375,0.018518518518518517,0.35555555555555557,0.0808080808080808,0.05208333333333333,0,0,1,1,1,1,1,1,1,0
2020,Madagascar,MG,Africa,EFUR1,https://www.fatf-gafi.org/content/fatf-gafi/en/publications/Mutualevaluations/Fur-madagascar-2021.html,2020-12-01,ESAAMLG/WB,1,LE,LE,LE,LE,LE,ME,LE,LE,LE,LE,LE,NC,PC,LC,LC,PC,NC,NC,PC,C,NC,PC,PC,PC,PC,NC,NC,PC,LC,PC,LC,C,NC,NC,PC,NC,PC,LC,NC,LC,C,C,PC,PC,NC,NC,PC,LC,LC,LC,PC,0.0,0.0,0.0,0.0,0.0,0.3333333333333333,0.0,0.0,0.0,0.0,0.0,0.0,0.3333333333333333,0.6666666666666666,0.6666666666666666,0.3333333333333333,0.0,0.0,0.3333333333333333,1.0,0.0,0.3333333333333333,0.3333333333333333,0.3333333333333333,0.3333333333333333,0.0,0.0,0.3333333333333333,0.6666666666666666,0.3333333333333333,0.6666666666666666,1.0,0.0,0.0,0.3333333333333333,0.0,0.3333333333333333,0.6666666666666666,0.0,0.6666666666666666,1.0,1.0,0.3333333333333333,0.3333333333333333,0.0,0.0,0.3333333333333333,0.6666666666666666,0.6666666666666666,0.6666666666666666,0.3333333333333333,10,1,0,0,12,15,9,4,0.0303030303030303,0.375,0.0,0.0,0.05555555555555555,0.16666666666666666,0.6666666666666666,0.16666666666666666,0.35555555555555557,0.16666666666666666,0.43333333333333335,0.5333333333333333,0.0303030303030303,0.375,0.018518518518518517,0.35555555555555557,0.0808080808080808,0.05208333333333333,1,1,1,1,1,1,1,1,1,1
2023,Madagascar,MG,Africa,EFUR9,https://www.fatf-gafi.org/content/fatf-gafi/en/publications/Mutualevaluations/fur-madagascar-2023.html,2023-03-01,ESAAMLG/WB,1,LE,LE,LE,LE,LE,ME,LE,LE,LE,LE,LE,C,PC,LC,LC,PC,NC,NC,PC,C,PC,PC,PC,C,PC,NC,PC,PC,LC,LC,LC,C,NC,NC,PC,NC,PC,LC,NC,LC,C,C,LC,PC,PC,NC,PC,LC,LC,LC,PC,0.0,0.0,0.0,0.0,0.0,0.3333333333333333,0.0,0.0,0.0,0.0,0.0,1.0,0.3333333333333333,0.6666666666666666,0.6666666666666666,0.3333333333333333,0.0,0.0,0.3333333333333333,1.0,0.3333333333333333,0.3333333333333333,0.3333333333333333,1.0,0.3333333333333333,0.0,0.3333333333333333,0.3333333333333333,0.6666666666666666,0.6666666666666666,0.6666666666666666,1.0,0.0,0.0,0.3333333333333333,0.0,0.3333333333333333,0.6666666666666666,0.0,0.6666666666666666,1.0,1.0,0.6666666666666666,0.3333333333333333,0.3333333333333333,0.0,0.3333333333333333,0.6666666666666666,0.6666666666666666,0.6666666666666666,0.3333333333333333,10,1,0,0,8,15,11,6,0.0303030303030303,0.4583333333333333,0.0,0.0,0.05555555555555555,0.6666666666666666,0.6666666666666666,0.16666666666666666,0.4666666666666667,0.16666666666666666,0.5,0.5333333333333333,0.0303030303030303,0.4583333333333333,0.018518518518518517,0.4523809523809524,0.06611570247933884,0.04093567251461988,1,1,1,1,1,1,1,1,1,9
2024,Madagascar,MG,Africa,EFUR10,https://www.fatf-gafi.org/content/fatf-gafi/en/publications/Mutualevaluations/fur-madagascar-2024.html,2024-04-01,ESAAMLG/WB,1,LE,LE,LE,LE,LE,ME,LE,LE,LE,LE,LE,C,PC,LC,LC,PC,NC,NC,PC,C,LC,C,C,C,PC,NC,LC,C,LC,LC,LC,C,NC,NC,PC,NC,PC,LC,NC,LC,C,C,LC,PC,PC,PC,PC,LC,LC,LC,LC,0.0,0.0,0.0,0.0,0.0,0.3333333333333333,0.0,0.0,0.0,0.0,0.0,1.0,0.3333333333333333,0.6666666666666666,0.6666666666666666,0.3333333333333333,0.0,0.0,0.3333333333333333,1.0,0.6666666666666666,1.0,1.0,1.0,0.3333333333333333,0.0,0.6666666666666666,1.0,0.6666666666666666,0.6666666666666666,0.6666666666666666,1.0,0.0,0.0,0.3333333333333333,0.0,0.3333333333333333,0.6666666666666666,0.0,0.6666666666666666,1.0,1.0,0.6666666666666666,0.3333333333333333,0.3333333333333333,0.3333333333333333,0.3333333333333333,0.6666666666666666,0.6666666666666666,0.6666666666666666,0.6666666666666666,10,1,0,0,7,10,14,9,0.0303030303030303,0.5416666666666666,0.0,0.0,0.05555555555555555,0.6666666666666666,0.6666666666666666,0.16666666666666666,0.6444444444444444,0.16666666666666666,0.5333333333333333,0.6,0.0303030303030303,0.5416666666666666,0.018518518518518517,0.49206349206349204,0.055944055944055944,0.03763440860215054,1,1,1,1,1,1,1,1,1,10
2019,Malawi,MW,Africa,MER,https://www.fatf-gafi.org/content/fatf-gafi/en/publications/Mutualevaluations/Mer-malawi-2019.html,2019-09-01,ESAAMLG,1,ME,ME,ME,ME,LE,ME,ME,ME,LE,LE,LE,LC,PC,PC,C,PC,LC,PC,NC,C,LC,C,C,C,C,PC,PC,C,C,C,LC,C,LC,LC,PC,PC,C,C,C,C,C,LC,LC,PC,PC,LC,C,LC,C,LC,LC,0.3333333333333333,0.3333333333333333,0.3333333333333333,0.3333333333333333,0.0,0.3333333333333333,0.3333333333333333,0.3333333333333333,0.0,0.0,0.0,0.6666666666666666,0.3333333333333333,0.3333333333333333,1.0,0.3333333333333333,0.6666666666666666,0.3333333333333333,0.0,1.0,0.6666666666666666,1.0,1.0,1.0,1.0,0.3333333333333333,0.3333333333333333,1.0,1.0,1.0,0.6666666666666666,1.0,0.6666666666666666,0.6666666666666666,0.3333333333333333,0.3333333333333333,1.0,1.0,1.0,1.0,1.0,0.6666666666666666,0.6666666666666666,0.3333333333333333,0.3333333333333333,0.6666666666666666,1.0,0.6666666666666666,1.0,0.6666666666666666,0.6666666666666666,4,7,0,0,1,10,12,17,0.2121212121212121,0.7083333333333334,0.3333333333333333,0.2222222222222222,0.16666666666666666,0.5,0.6666666666666666,0.3333333333333333,0.8222222222222222,0.3333333333333333,0.7666666666666666,0.7999999999999999,0.2121212121212121,0.7083333333333334,0.24074074074074073,0.6031746031746031,0.2994652406417112,0.3991228070175439,0,0,1,1,1,1,1,1,1,0
2024,Malawi,MW,Africa,EFUR4,https://www.fatf-gafi.org/content/fatf-gafi/en/publications/Mutualevaluations/fur-malawi-2024.html,2024-04-01,ESAAMLG,1,ME,ME,ME,ME,LE,ME,ME,ME,LE,LE,LE,LC,LC,C,C,PC,LC,C,NC,C,LC,C,C,C,C,PC,LC,C,C,C,LC,C,LC,LC,PC,PC,C,C,C,C,C,LC,LC,PC,C,LC,C,LC,C,LC,LC,0.3333333333333333,0.3333333333333333,0.3333333333333333,0.3333333333333333,0.0,0.3333333333333333,0.3333333333333333,0.3333333333333333,0.0,0.0,0.0,0.6666666666666666,0.6666666666666666,1.0,1.0,0.3333333333333333,0.6666666666666666,1.0,0.0,1.0,0.6666666666666666,1.0,1.0,1.0,1.0,0.3333333333333333,0.6666666666666666,1.0,1.0,1.0,0.6666666666666666,1.0,0.6666666666666666,0.6666666666666666,0.3333333333333333,0.3333333333333333,1.0,1.0,1.0,1.0,1.0,0.6666666666666666,0.6666666666666666,0.3333333333333333,1.0,0.6666666666666666,1.0,0.6666666666666666,1.0,0.6666666666666666,0.6666666666666666,4,7,0,0,1,5,14,20,0.2121212121212121,0.775,0.3333333333333333,0.2222222222222222,0.16666666666666666,0.6666666666666666,1.0,0.5,0.8444444444444444,0.3333333333333333,0.8333333333333334,0.7999999999999999,0.2121212121212121,0.775,0.24074074074074073,0.7111111111111111,0.27370478983382207,0.33854166666666663,1,1,0,1,1,1,1,1,1,4
2015,Malaysia,MY,Asia,MER,https://www.fatf-gafi.org/content/fatf-gafi/en/publications/Mutualevaluations/Mer-malaysia-2015.html,2015-09-01,FATF/APG,1,SE,ME,SE,ME,ME,SE,ME,ME,ME,SE,ME,LC,C,LC,LC,LC,C,PC,LC,LC,C,LC,LC,LC,C,C,C,LC,C,C,C,C,LC,LC,PC,PC,C,C,LC,C,C,C,LC,C,LC,LC,LC,LC,LC,LC,LC,0.6666666666666666,0.3333333333333333,0.6666666666666666,0.3333333333333333,0.3333333333333333,0.6666666666666666,0.3333333333333333,0.3333333333333333,0.3333333333333333,0.6666666666666666,0.3333333333333333,0.6666666666666666,1.0,0.6666666666666666,0.6666666666666666,0.6666666666666666,1.0,0.3333333333333333,0.6666666666666666,0.6666666666666666,1.0,0.6666666666666666,0.6666666666666666,0.6666666666666666,1.0,1.0,1.0,0.6666666666666666,1.0,1.0,1.0,1.0,0.6666666666666666,0.6666666666666666,0.3333333333333333,0.3333333333333333,1.0,1.0,0.6666666666666666,1.0,1.0,1.0,0.6666666666666666,1.0,0.6666666666666666,0.6666666666666666,0.6666666666666666,0.6666666666666666,0.6666666666666666,0.6666666666666666,0.6666666666666666,0,7,4,0,0,3,21,16,0.45454545454545453,0.775,0.5,0.4444444444444444,0.4444444444444444,0.8333333333333333,0.6666666666666666,0.6666666666666666,0.8444444444444444,0.3333333333333333,0.8666666666666667,0.6666666666666666,0.45454545454545453,0.775,0.46296296296296297,0.6968253968253968,0.5865102639296187,0.6643887623386485,0,0,0,0,1,0,0,1,1,0
2018,Malaysia,MY,Asia,EFUR3,https://www.fatf-gafi.org/content/fatf-gafi/en/publications/Mutualevaluations/Fur-malaysia-2018.html,2018-10-01,FATF/APG,1,SE,ME,SE,ME,ME,SE,ME,ME,ME,SE,ME,LC,C,LC,LC,C,C,C,LC,LC,C,LC,LC,LC,C,C,C,LC,C,C,C,C,LC,LC,PC,PC,C,C,LC,C,C,C,C,C,C,LC,LC,LC,LC,LC,LC,0.6666666666666666,0.3333333333333333,0.6666666666666666,0.3333333333333333,0.3333333333333333,0.6666666666666666,0.3333333333333333,0.3333333333333333,0.3333333333333333,0.6666666666666666,0.3333333333333333,0.6666666666666666,1.0,0.6666666666666666,0.6666666666666666,1.0,1.0,1.0,0.6666666666666666,0.6666666666666666,1.0,0.6666666666666666,0.6666666666666666,0.6666666666666666,1.0,1.0,1.0,0.6666666666666666,1.0,1.0,1.0,1.0,0.6666666666666666,0.6666666666666666,0.3333333333333333,0.3333333333333333,1.0,1.0,0.6666666666666666,1.0,1.0,1.0,1.0,1.0,1.0,0.6666666666666666,0.6666666666666666,0.6666666666666666,0.6666666666666666,0.6666666666666666,0.6666666666666666,0,7,4,0,0,2,18,20,0.45454545454545453,0.8166666666666667,0.5,0.4444444444444444,0.4444444444444444,0.8333333333333333,0.6666666666666666,0.9166666666666666,0.8444444444444444,0.3333333333333333,0.9333333333333333,0.6666666666666666,0.45454545454545453,0.8166666666666667,0.46296296296296297,0.7420634920634921,0.5565862708719852,0.6238859180035651,1,1,0,0,1,0,0,1,1,3
2019,Mali,ML,Africa,MER,https://www.fatf-gafi.org/content/fatf-gafi/en/publications/Mutualevaluations/Mer-mali-2019.html,2019-11-01,GIABA,1,LE,ME,LE,LE,LE,LE,LE,LE,LE,LE,LE,LC,PC,LC,LC,PC,PC,PC,NC,C,LC,LC,LC,LC,PC,C,PC,LC,LC,NC,PC,C,PC,PC,PC,PC,PC,C,NC,LC,C,C,PC,PC,PC,LC,LC,LC,PC,LC,LC,0.0,0.3333333333333333,0.0,0.0,0.0,0.0,0.0,0.0,0.0,0.0,0.0,0.6666666666666666,0.3333333333333333,0.6666666666666666,0.6666666666666666,0.3333333333333333,0.3333333333333333,0.3333333333333333,0.0,1.0,0.6666666666666666,0.6666666666666666,0.6666666666666666,0.6666666666666666,0.3333333333333333,1.0,0.3333333333333333,0.6666666666666666,0.6666666666666666,0.0,0.3333333333333333,1.0,0.3333333333333333,0.3333333333333333,0.3333333333333333,0.3333333333333333,0.3333333333333333,1.0,0.0,0.6666666666666666,1.0,1.0,0.3333333333333333,0.3333333333333333,0.3333333333333333,0.6666666666666666,0.6666666666666666,0.6666666666666666,0.3333333333333333,0.6666666666666666,0.6666666666666666,10,1,0,0,3,16,15,6,0.0303030303030303,0.5333333333333333,0.16666666666666666,0.0,0.0,0.5,0.6666666666666666,0.25,0.5777777777777777,0.3333333333333333,0.5666666666666667,0.6,0.0303030303030303,0.5333333333333333,0.05555555555555555,0.4992063492063492,0.056818181818181816,0.11128775834658187,0,0,1,1,1,1,1,1,1,0
2023,Mali,ML,Africa,EFUR4,https://www.fatf-gafi.org/content/fatf-gafi/en/publications/Mutualevaluations/Mali-fur-2024.html,2023-11-01,GIABA,1,LE,ME,LE,LE,LE,LE,LE,LE,LE,LE,LE,LC,LC,LC,LC,PC,LC,LC,PC,C,LC,LC,LC,LC,PC,NC,PC,LC,LC,NC,PC,C,PC,PC,PC,PC,PC,C,PC,LC,C,C,PC,PC,C,LC,LC,LC,PC,LC,LC,0.0,0.3333333333333333,0.0,0.0,0.0,0.0,0.0,0.0,0.0,0.0,0.0,0.6666666666666666,0.6666666666666666,0.6666666666666666,0.6666666666666666,0.3333333333333333,0.6666666666666666,0.6666666666666666,0.3333333333333333,1.0,0.6666666666666666,0.6666666666666666,0.6666666666666666,0.6666666666666666,0.3333333333333333,0.0,0.3333333333333333,0.6666666666666666,0.6666666666666666,0.0,0.3333333333333333,1.0,0.3333333333333333,0.3333333333333333,0.3333333333333333,0.3333333333333333,0.3333333333333333,1.0,0.3333333333333333,0.6666666666666666,1.0,1.0,0.3333333333333333,0.3333333333333333,1.0,0.6666666666666666,0.6666666666666666,0.6666666666666666,0.3333333333333333,0.6666666666666666,0.6666666666666666,10,1,0,0,2,14,18,6,0.0303030303030303,0.5666666666666667,0.16666666666666666,0.0,0.0,0.6666666666666666,0.6666666666666666,0.5,0.5111111111111111,0.3333333333333333,0.6666666666666666,0.6,0.0303030303030303,0.5666666666666667,0.05555555555555555,0.5634920634920635,0.053475935828877004,0.09859154929577464,1,1,1,1,1,1,1,1,1,4
2019,Malta,MT,Europe,MER,https://www.fatf-gafi.org/content/fatf-gafi/en/publications/Mutualevaluations/Mer-malta-2019.html,2019-07-01,MONEYVAL,1,ME,SE,LE,ME,ME,ME,LE,LE,ME,ME,SE,LC,C,C,C,LC,LC,C,PC,C,LC,C,LC,PC,LC,PC,LC,LC,LC,C,PC,C,LC,LC,PC,LC,PC,LC,PC,LC,LC,LC,LC,C,LC,LC,PC,LC,PC,C,LC,0.3333333333333333,0.6666666666666666,0.0,0.3333333333333333,0.3333333333333333,0.3333333333333333,0.0,0.0,0.3333333333333333,0.3333333333333333,0.6666666666666666,0.6666666666666666,1.0,1.0,1.0,0.6666666666666666,0.6666666666666666,1.0,0.3333333333333333,1.0,0.6666666666666666,1.0,0.6666666666666666,0.3333333333333333,0.6666666666666666,0.3333333333333333,0.6666666666666666,0.6666666666666666,0.6666666666666666,1.0,0.3333333333333333,1.0,0.6666666666666666,0.6666666666666666,0.3333333333333333,0.6666666666666666,0.3333333333333333,0.6666666666666666,0.3333333333333333,0.6666666666666666,0.6666666666666666,0.6666666666666666,0.6666666666666666,1.0,0.6666666666666666,0.6666666666666666,0.3333333333333333,0.6666666666666666,0.3333333333333333,1.0,0.6666666666666666,3,6,2,0,0,9,21,10,0.30303030303030304,0.6749999999999999,0.5,0.2222222222222222,0.2777777777777778,0.8333333333333333,1.0,0.6666666666666666,0.6888888888888889,0.5,0.6333333333333333,0.6,0.30303030303030304,0.6749999999999999,0.3333333333333333,0.7031746031746031,0.44893378226711567,0.47404063205417607,0,0,1,1,1,0,1,1,1,0
2021,Malta,MT,Europe,EFUR1,https://www.fatf-gafi.org/content/fatf-gafi/en/publications/Mutualevaluations/Fur-malta-2021.html,2021-04-01,MONEYVAL,1,ME,SE,LE,ME,ME,ME,LE,LE,ME,ME,SE,LC,C,C,C,LC,LC,C,LC,C,LC,C,LC,LC,LC,LC,LC,LC,LC,C,C,C,LC,LC,LC,LC,LC,LC,LC,LC,LC,LC,LC,C,LC,LC,C,LC,LC,C,LC,0.3333333333333333,0.6666666666666666,0.0,0.3333333333333333,0.3333333333333333,0.3333333333333333,0.0,0.0,0.3333333333333333,0.3333333333333333,0.6666666666666666,0.6666666666666666,1.0,1.0,1.0,0.6666666666666666,0.6666666666666666,1.0,0.6666666666666666,1.0,0.6666666666666666,1.0,0.6666666666666666,0.6666666666666666,0.6666666666666666,0.6666666666666666,0.6666666666666666,0.6666666666666666,0.6666666666666666,1.0,1.0,1.0,0.6666666666666666,0.6666666666666666,0.6666666666666666,0.6666666666666666,0.6666666666666666,0.6666666666666666,0.6666666666666666,0.6666666666666666,0.6666666666666666,0.6666666666666666,0.6666666666666666,1.0,0.6666666666666666,0.6666666666666666,1.0,0.6666666666666666,0.6666666666666666,1.0,0.6666666666666666,3,6,2,0,0,0,28,12,0.30303030303030304,0.7666666666666666,0.5,0.2222222222222222,0.2777777777777778,0.8333333333333333,1.0,0.75,0.7777777777777778,0.6666666666666666,0.7,0.7999999999999999,0.30303030303030304,0.7666666666666666,0.3333333333333333,0.7896825396825397,0.3952569169960475,0.4221105527638191,1,1,0,0,1,0,0,1,1,1
2018,Mauritania,MR,Africa,MER,https://www.fatf-gafi.org/content/fatf-gafi/en/publications/Mutualevaluations/Mer-mauritania-2018.html,2018-05-01,MENAFATF,1,LE,LE,LE,LE,LE,LE,LE,LE,LE,LE,LE,NC,NC,LC,PC,PC,PC,NC,NC,LC,NC,PC,PC,PC,PC,NC,PC,NC,NC,NC,PC,PC,PC,PC,NC,NC,PC,PC,NC,LC,PC,PC,PC,PC,PC,PC,LC,LC,NC,PC,PC,0.0,0.0,0.0,0.0,0.0,0.0,0.0,0.0,0.0,0.0,0.0,0.0,0.0,0.6666666666666666,0.3333333333333333,0.3333333333333333,0.3333333333333333,0.0,0.0,0.6666666666666666,0.0,0.3333333333333333,0.3333333333333333,0.3333333333333333,0.3333333333333333,0.0,0.3333333333333333,0.0,0.0,0.0,0.3333333333333333,0.3333333333333333,0.3333333333333333,0.3333333333333333,0.0,0.0,0.3333333333333333,0.3333333333333333,0.0,0.6666666666666666,0.3333333333333333,0.3333333333333333,0.3333333333333333,0.3333333333333333,0.3333333333333333,0.3333333333333333,0.6666666666666666,0.6666666666666666,0.0,0.3333333333333333,0.3333333333333333,11,0,0,0,13,22,5,0,0.0,0.26666666666666666,0.0,0.0,0.0,0.0,0.5,0.16666666666666666,0.24444444444444444,0.0,0.3333333333333333,0.39999999999999997,0.0,0.26666666666666666,0.0,0.23492063492063492,0.0,0.0,0,0,1,1,1,1,1,1,1,0
2019,Mauritania,MR,Africa,EFUR1,https://www.fatf-gafi.org/content/fatf-gafi/en/publications/Mutualevaluations/Fur-mauritania-2019.html,2019-04-01,MENAFATF,1,LE,LE,LE,LE,LE,LE,LE,LE,LE,LE,LE,NC,NC,LC,PC,PC,PC,NC,NC,LC,NC,PC,PC,LC,PC,NC,PC,PC,PC,NC,PC,PC,PC,PC,NC,NC,PC,PC,NC,LC,PC,PC,PC,PC,PC,PC,LC,LC,NC,PC,PC,0.0,0.0,0.0,0.0,0.0,0.0,0.0,0.0,0.0,0.0,0.0,0.0,0.0,0.6666666666666666,0.3333333333333333,0.3333333333333333,0.3333333333333333,0.0,0.0,0.6666666666666666,0.0,0.3333333333333333,0.3333333333333333,0.6666666666666666,0.3333333333333333,0.0,0.3333333333333333,0.3333333333333333,0.3333333333333333,0.0,0.3333333333333333,0.3333333333333333,0.3333333333333333,0.3333333333333333,0.0,0.0,0.3333333333333333,0.3333333333333333,0.0,0.6666666666666666,0.3333333333333333,0.3333333333333333,0.3333333333333333,0.3333333333333333,0.3333333333333333,0.3333333333333333,0.6666666666666666,0.6666666666666666,0.0,0.3333333333333333,0.3333333333333333,11,0,0,0,11,23,6,0,0.0,0.29166666666666663,0.0,0.0,0.0,0.0,0.5,0.16666666666666666,0.3111111111111111,0.0,0.3333333333333333,0.39999999999999997,0.0,0.29166666666666663,0.0,0.24444444444444444,0.0,0.0,1,1,1,1,1,1,1,1,1,1
2020,Mauritania,MR,Africa,EFUR2,https://www.fatf-gafi.org/content/fatf-gafi/en/publications/Mutualevaluations/Fur-mauritania-2020.html,2020-11-01,MENAFATF,1,LE,LE,LE,LE,LE,LE,LE,LE,LE,LE,LE,LC,PC,LC,LC,C,LC,LC,PC,LC,C,PC,C,LC,LC,PC,LC,C,C,C,C,LC,C,LC,PC,LC,PC,C,PC,LC,LC,C,LC,PC,LC,C,LC,LC,LC,LC,LC,0.0,0.0,0.0,0.0,0.0,0.0,0.0,0.0,0.0,0.0,0.0,0.6666666666666666,0.3333333333333333,0.6666666666666666,0.6666666666666666,1.0,0.6666666666666666,0.6666666666666666,0.3333333333333333,0.6666666666666666,1.0,0.3333333333333333,1.0,0.6666666666666666,0.6666666666666666,0.3333333333333333,0.6666666666666666,1.0,1.0,1.0,1.0,0.6666666666666666,1.0,0.6666666666666666,0.3333333333333333,0.6666666666666666,0.3333333333333333,1.0,0.3333333333333333,0.6666666666666666,0.6666666666666666,1.0,0.6666666666666666,0.3333333333333333,0.6666666666666666,1.0,0.6666666666666666,0.6666666666666666,0.6666666666666666,0.6666666666666666,0.6666666666666666,11,0,0,0,0,8,21,11,0.0,0.6916666666666667,0.0,0.0,0.0,0.5,0.6666666666666666,0.6666666666666666,0.7777777777777778,0.5,0.6666666666666666,0.6666666666666666,0.0,0.6916666666666667,0.0,0.6349206349206349,0.0,0.0,1,1,1,1,1,1,1,1,1,2
2021,Mauritania,MR,Africa,EFUR3,https://www.fatf-gafi.org/content/fatf-gafi/en/publications/Mutualevaluations/Fur-mauritania-2021.html,2021-11-01,MENAFATF,1,LE,LE,LE,LE,LE,LE,LE,LE,LE,LE,LE,LC,C,LC,LC,C,LC,LC,PC,LC,C,C,C,LC,LC,PC,LC,C,C,C,C,LC,C,LC,PC,LC,C,C,PC,LC,LC,C,LC,PC,LC,C,LC,LC,LC,LC,LC,0.0,0.0,0.0,0.0,0.0,0.0,0.0,0.0,0.0,0.0,0.0,0.6666666666666666,1.0,0.6666666666666666,0.6666666666666666,1.0,0.6666666666666666,0.6666666666666666,0.3333333333333333,0.6666666666666666,1.0,1.0,1.0,0.6666666666666666,0.6666666666666666,0.3333333333333333,0.6666666666666666,1.0,1.0,1.0,1.0,0.6666666666666666,1.0,0.6666666666666666,0.3333333333333333,0.6666666666666666,1.0,1.0,0.3333333333333333,0.6666666666666666,0.6666666666666666,1.0,0.6666666666666666,0.3333333333333333,0.6666666666666666,1.0,0.6666666666666666,0.6666666666666666,0.6666666666666666,0.6666666666666666,0.6666666666666666,11,0,0,0,0,5,21,14,0.0,0.7416666666666667,0.0,0.0,0.0,0.8333333333333333,0.6666666666666666,0.6666666666666666,0.8222222222222222,0.5,0.7333333333333333,0.6666666666666666,0.0,0.7416666666666667,0.0,0.6984126984126984,0.0,0.0,1,1,0,0,1,1,0,1,1,3
2018,Mauritius,MU,Africa,MER,https://www.fatf-gafi.org/content/fatf-gafi/en/publications/Mutualevaluations/Mer-mauritius-2018.html,2018-07-01,ESAAMLG,1,LE,ME,LE,ME,LE,ME,ME,LE,LE,LE,LE,NC,PC,LC,LC,PC,NC,NC,NC,PC,NC,LC,PC,NC,PC,NC,NC,NC,PC,PC,C,PC,NC,NC,NC,PC,PC,LC,NC,LC,C,C,PC,PC,LC,PC,LC,LC,LC,LC,LC,0.0,0.3333333333333333,0.0,0.3333333333333333,0.0,0.3333333333333333,0.3333333333333333,0.0,0.0,0.0,0.0,0.0,0.3333333333333333,0.6666666666666666,0.6666666666666666,0.3333333333333333,0.0,0.0,0.0,0.3333333333333333,0.0,0.6666666666666666,0.3333333333333333,0.0,0.3333333333333333,0.0,0.0,0.0,0.3333333333333333,0.3333333333333333,1.0,0.3333333333333333,0.0,0.0,0.0,0.3333333333333333,0.3333333333333333,0.6666666666666666,0.0,0.6666666666666666,1.0,1.0,0.3333333333333333,0.3333333333333333,0.6666666666666666,0.3333333333333333,0.6666666666666666,0.6666666666666666,0.6666666666666666,0.6666666666666666,0.6666666666666666,7,4,0,0,13,13,11,3,0.1212121212121212,0.36666666666666664,0.16666666666666666,0.1111111111111111,0.1111111111111111,0.16666666666666666,0.6666666666666666,0.08333333333333333,0.24444444444444444,0.16666666666666666,0.5333333333333333,0.6666666666666666,0.1212121212121212,0.36666666666666664,0.12962962962962962,0.3611111111111111,0.3305785123966942,0.358974358974359,0,0,1,1,1,1,1,1,1,0
2019,Mauritius,MU,Africa,EFUR1,https://www.fatf-gafi.org/content/fatf-gafi/en/publications/Mutualevaluations/Fur-mauritius-2019.html,2019-04-01,ESAAMLG,1,LE,ME,LE,ME,LE,ME,ME,LE,LE,LE,LE,NC,PC,LC,LC,PC,NC,NC,NC,C,LC,LC,C,C,C,PC,LC,C,C,PC,C,PC,LC,NC,NC,PC,PC,C,NC,LC,C,C,PC,PC,LC,PC,LC,LC,LC,LC,LC,0.0,0.3333333333333333,0.0,0.3333333333333333,0.0,0.3333333333333333,0.3333333333333333,0.0,0.0,0.0,0.0,0.0,0.3333333333333333,0.6666666666666666,0.6666666666666666,0.3333333333333333,0.0,0.0,0.0,1.0,0.6666666666666666,0.6666666666666666,1.0,1.0,1.0,0.3333333333333333,0.6666666666666666,1.0,1.0,0.3333333333333333,1.0,0.3333333333333333,0.6666666666666666,0.0,0.0,0.3333333333333333,0.3333333333333333,1.0,0.0,0.6666666666666666,1.0,1.0,0.3333333333333333,0.3333333333333333,0.6666666666666666,0.3333333333333333,0.6666666666666666,0.6666666666666666,0.6666666666666666,0.6666666666666666,0.6666666666666666,7,4,0,0,7,10,13,10,0.1212121212121212,0.5499999999999999,0.16666666666666666,0.1111111111111111,0.1111111111111111,0.16666666666666666,0.6666666666666666,0.08333333333333333,0.7111111111111111,0.16666666666666666,0.5666666666666667,0.6666666666666666,0.1212121212121212,0.5499999999999999,0.12962962962962962,0.4325396825396825,0.22038567493112948,0.2996941896024465,1,1,1,1,1,1,1,1,1,1
2019,Mauritius,MU,Africa,EFUR2,https://www.fatf-gafi.org/content/fatf-gafi/en/publications/Mutualevaluations/Fur2-mauritius-2019.html,2019-09-01,ESAAMLG,1,LE,ME,LE,ME,LE,ME,ME,LE,LE,LE,LE,C,C,C,C,C,C,C,NC,C,C,LC,C,C,C,C,C,C,C,C,C,C,C,C,PC,LC,PC,C,LC,C,C,C,PC,PC,LC,C,LC,LC,LC,LC,LC,0.0,0.3333333333333333,0.0,0.3333333333333333,0.0,0.3333333333333333,0.3333333333333333,0.0,0.0,0.0,0.0,1.0,1.0,1.0,1.0,1.0,1.0,1.0,0.0,1.0,1.0,0.6666666666666666,1.0,1.0,1.0,1.0,1.0,1.0,1.0,1.0,1.0,1.0,1.0,1.0,0.3333333333333333,0.6666666666666666,0.3333333333333333,1.0,0.6666666666666666,1.0,1.0,1.0,0.3333333333333333,0.3333333333333333,0.6666666666666666,1.0,0.6666666666666666,0.6666666666666666,0.6666666666666666,0.6666666666666666,0.6666666666666666,7,4,0,0,1,4,9,26,0.1212121212121212,0.8333333333333334,0.16666666666666666,0.1111111111111111,0.1111111111111111,1.0,1.0,0.75,0.9777777777777777,0.5,0.7333333333333333,0.6666666666666666,0.1212121212121212,0.8333333333333334,0.12962962962962962,0.803968253968254,0.14545454545454545,0.16123724909509707,1,1,0,0,1,1,0,1,1,2
2020,Mauritius,MU,Africa,EFUR3,https://www.fatf-gafi.org/content/fatf-gafi/en/publications/Mutualevaluations/Fur-mauritius-2021.html,2020-12-01,ESAAMLG,1,LE,ME,LE,ME,LE,ME,ME,LE,LE,LE,LE,C,C,C,C,C,C,C,NC,C,C,LC,C,C,C,PC,C,C,C,C,C,C,C,C,PC,LC,LC,C,LC,C,C,C,LC,PC,LC,C,LC,LC,LC,LC,LC,0.0,0.3333333333333333,0.0,0.3333333333333333,0.0,0.3333333333333333,0.3333333333333333,0.0,0.0,0.0,0.0,1.0,1.0,1.0,1.0,1.0,1.0,1.0,0.0,1.0,1.0,0.6666666666666666,1.0,1.0,1.0,0.3333333333333333,1.0,1.0,1.0,1.0,1.0,1.0,1.0,1.0,0.3333333333333333,0.6666666666666666,0.6666666666666666,1.0,0.6666666666666666,1.0,1.0,1.0,0.6666666666666666,0.3333333333333333,0.6666666666666666,1.0,0.6666666666666666,0.6666666666666666,0.6666666666666666,0.6666666666666666,0.6666666666666666,7,4,0,0,1,3,11,25,0.1212121212121212,0.8333333333333334,0.16666666666666666,0.1111111111111111,0.1111111111111111,1.0,1.0,0.75,0.9333333333333333,0.5,0.7999999999999999,0.6666666666666666,0.1212121212121212,0.8333333333333334,0.12962962962962962,0.8071428571428572,0.14545454545454545,0.16060308095706324,1,1,0,0,1,1,0,1,1,3
2022,Mauritius,MU,Africa,EFUR5,https://www.fatf-gafi.org/content/fatf-gafi/en/publications/Mutualevaluations/FUR-Mauritius-2023.html,2022-09-01,ESAAMLG,1,LE,ME,LE,ME,LE,ME,ME,LE,LE,LE,LE,C,C,C,C,C,C,C,NC,C,C,LC,C,C,C,LC,C,C,C,C,C,C,C,C,PC,LC,LC,C,LC,C,C,C,LC,PC,LC,C,LC,LC,LC,LC,LC,0.0,0.3333333333333333,0.0,0.3333333333333333,0.0,0.3333333333333333,0.3333333333333333,0.0,0.0,0.0,0.0,1.0,1.0,1.0,1.0,1.0,1.0,1.0,0.0,1.0,1.0,0.6666666666666666,1.0,1.0,1.0,0.6666666666666666,1.0,1.0,1.0,1.0,1.0,1.0,1.0,1.0,0.3333333333333333,0.6666666666666666,0.6666666666666666,1.0,0.6666666666666666,1.0,1.0,1.0,0.6666666666666666,0.3333333333333333,0.6666666666666666,1.0,0.6666666666666666,0.6666666666666666,0.6666666666666666,0.6666666666666666,0.6666666666666666,7,4,0,0,1,2,12,25,0.1212121212121212,0.8416666666666667,0.16666666666666666,0.1111111111111111,0.1111111111111111,1.0,1.0,0.75,0.9555555555555556,0.5,0.7999999999999999,0.6666666666666666,0.1212121212121212,0.8416666666666667,0.12962962962962962,0.8103174603174603,0.144014401440144,0.15997388181521383,1,1,0,0,1,1,0,1,1,5
2018,Mexico,MX,North America,MER,https://www.fatf-gafi.org/en/publications/Mutualevaluations/Mer-mexico-2018.html,2018-01-01,FATF/IMF/GAFILAT,1,SE,SE,ME,LE,ME,ME,LE,LE,ME,SE,SE,LC,LC,C,LC,LC,C,C,PC,C,PC,LC,PC,LC,LC,PC,PC,PC,PC,LC,PC,LC,PC,NC,PC,LC,LC,LC,PC,C,LC,LC,PC,PC,LC,LC,LC,PC,PC,LC,LC,0.6666666666666666,0.6666666666666666,0.3333333333333333,0.0,0.3333333333333333,0.3333333333333333,0.0,0.0,0.3333333333333333,0.6666666666666666,0.6666666666666666,0.6666666666666666,0.6666666666666666,1.0,0.6666666666666666,0.6666666666666666,1.0,1.0,0.3333333333333333,1.0,0.3333333333333333,0.6666666666666666,0.3333333333333333,0.6666666666666666,0.6666666666666666,0.3333333333333333,0.3333333333333333,0.3333333333333333,0.3333333333333333,0.6666666666666666,0.3333333333333333,0.6666666666666666,0.3333333333333333,0.0,0.3333333333333333,0.6666666666666666,0.6666666666666666,0.6666666666666666,0.3333333333333333,1.0,0.6666666666666666,0.6666666666666666,0.3333333333333333,0.3333333333333333,0.6666666666666666,0.6666666666666666,0.6666666666666666,0.3333333333333333,0.3333333333333333,0.6666666666666666,0.6666666666666666,3,4,4,0,1,15,19,5,0.3636363636363636,0.5666666666666667,0.6666666666666666,0.2222222222222222,0.3333333333333333,0.6666666666666666,0.8333333333333333,0.75,0.4666666666666666,0.5,0.6,0.5333333333333333,0.3636363636363636,0.5666666666666667,0.4074074074074074,0.6214285714285714,0.641711229946524,0.6555981268624946,0,0,1,1,1,0,1,1,1,0
2021,Mexico,MX,North America,EFUR3,https://www.fatf-gafi.org/en/publications/Mutualevaluations/Fur-mexico-2021.html,2021-06-01,FATF,1,SE,SE,ME,LE,ME,ME,LE,LE,ME,SE,SE,LC,LC,C,LC,LC,C,C,LC,C,LC,LC,C,LC,LC,LC,C,C,PC,LC,PC,LC,PC,NC,PC,LC,LC,LC,PC,C,LC,LC,PC,PC,LC,LC,LC,PC,PC,LC,LC,0.6666666666666666,0.6666666666666666,0.3333333333333333,0.0,0.3333333333333333,0.3333333333333333,0.0,0.0,0.3333333333333333,0.6666666666666666,0.6666666666666666,0.6666666666666666,0.6666666666666666,1.0,0.6666666666666666,0.6666666666666666,1.0,1.0,0.6666666666666666,1.0,0.6666666666666666,0.6666666666666666,1.0,0.6666666666666666,0.6666666666666666,0.6666666666666666,1.0,1.0,0.3333333333333333,0.6666666666666666,0.3333333333333333,0.6666666666666666,0.3333333333333333,0.0,0.3333333333333333,0.6666666666666666,0.6666666666666666,0.6666666666666666,0.3333333333333333,1.0,0.6666666666666666,0.6666666666666666,0.3333333333333333,0.3333333333333333,0.6666666666666666,0.6666666666666666,0.6666666666666666,0.3333333333333333,0.3333333333333333,0.6666666666666666,0.6666666666666666,3,4,4,0,1,9,22,8,0.3636363636363636,0.6416666666666666,0.6666666666666666,0.2222222222222222,0.3333333333333333,0.6666666666666666,0.8333333333333333,0.8333333333333333,0.6444444444444444,0.5,0.6,0.5333333333333333,0.3636363636363636,0.6416666666666666,0.4074074074074074,0.6587301587301587,0.5667060212514757,0.6184738955823292,1,1,1,1,1,0,1,1,1,3
2022,Mexico,MX,North America,EFUR4,https://www.fatf-gafi.org/en/publications/Mutualevaluations/Fur-mexico-2022.html,2022-05-01,FATF,1,SE,SE,ME,LE,ME,ME,LE,LE,ME,SE,SE,LC,LC,C,LC,LC,C,C,LC,C,LC,LC,C,LC,LC,LC,C,C,PC,LC,PC,LC,PC,NC,PC,LC,LC,LC,PC,C,LC,LC,PC,PC,LC,LC,LC,C,C,LC,LC,0.6666666666666666,0.6666666666666666,0.3333333333333333,0.0,0.3333333333333333,0.3333333333333333,0.0,0.0,0.3333333333333333,0.6666666666666666,0.6666666666666666,0.6666666666666666,0.6666666666666666,1.0,0.6666666666666666,0.6666666666666666,1.0,1.0,0.6666666666666666,1.0,0.6666666666666666,0.6666666666666666,1.0,0.6666666666666666,0.6666666666666666,0.6666666666666666,1.0,1.0,0.3333333333333333,0.6666666666666666,0.3333333333333333,0.6666666666666666,0.3333333333333333,0.0,0.3333333333333333,0.6666666666666666,0.6666666666666666,0.6666666666666666,0.3333333333333333,1.0,0.6666666666666666,0.6666666666666666,0.3333333333333333,0.3333333333333333,0.6666666666666666,0.6666666666666666,0.6666666666666666,1.0,1.0,0.6666666666666666,0.6666666666666666,3,4,4,0,1,7,22,10,0.3636363636363636,0.6749999999999999,0.6666666666666666,0.2222222222222222,0.3333333333333333,0.6666666666666666,0.8333333333333333,0.8333333333333333,0.6444444444444444,0.5,0.6,0.7999999999999999,0.3636363636363636,0.6749999999999999,0.4074074074074074,0.6968253968253968,0.5387205387205387,0.5846621108580107,1,1,1,1,1,0,1,1,1,4
2023,Mexico,MX,North America,EFUR5,https://www.fatf-gafi.org/en/publications/Mutualevaluations/fur-mexico-2023.html,2023-05-01,GAFILAT,1,SE,SE,ME,LE,ME,ME,LE,LE,ME,SE,SE,LC,LC,C,LC,LC,C,C,LC,C,LC,LC,C,LC,LC,LC,C,C,LC,LC,PC,LC,PC,NC,LC,LC,LC,LC,PC,C,LC,LC,PC,PC,LC,LC,LC,C,C,LC,LC,0.6666666666666666,0.6666666666666666,0.3333333333333333,0.0,0.3333333333333333,0.3333333333333333,0.0,0.0,0.3333333333333333,0.6666666666666666,0.6666666666666666,0.6666666666666666,0.6666666666666666,1.0,0.6666666666666666,0.6666666666666666,1.0,1.0,0.6666666666666666,1.0,0.6666666666666666,0.6666666666666666,1.0,0.6666666666666666,0.6666666666666666,0.6666666666666666,1.0,1.0,0.6666666666666666,0.6666666666666666,0.3333333333333333,0.6666666666666666,0.3333333333333333,0.0,0.6666666666666666,0.6666666666666666,0.6666666666666666,0.6666666666666666,0.3333333333333333,1.0,0.6666666666666666,0.6666666666666666,0.3333333333333333,0.3333333333333333,0.6666666666666666,0.6666666666666666,0.6666666666666666,1.0,1.0,0.6666666666666666,0.6666666666666666,3,4,4,0,1,5,24,10,0.3636363636363636,0.6916666666666667,0.6666666666666666,0.2222222222222222,0.3333333333333333,0.6666666666666666,0.8333333333333333,0.8333333333333333,0.6666666666666666,0.6666666666666666,0.6,0.7999999999999999,0.3636363636363636,0.6916666666666667,0.4074074074074074,0.7238095238095238,0.5257393209200437,0.5628654970760234,1,1,0,1,1,0,1,1,1,5
2019,Moldova,MD,Europe,MER,https://www.fatf-gafi.org/en/publications/Mutualevaluations/Mer-moldova-2019.html,2019-07-01,MONEYVAL,1,SE,SE,ME,ME,ME,ME,ME,ME,SE,ME,LE,LC,LC,LC,C,LC,PC,PC,PC,LC,PC,LC,PC,LC,C,LC,LC,LC,LC,PC,C,C,PC,PC,PC,PC,C,LC,LC,C,C,LC,LC,LC,C,C,LC,LC,PC,LC,LC,0.6666666666666666,0.6666666666666666,0.3333333333333333,0.3333333333333333,0.3333333333333333,0.3333333333333333,0.3333333333333333,0.3333333333333333,0.6666666666666666,0.3333333333333333,0.0,0.6666666666666666,0.6666666666666666,0.6666666666666666,1.0,0.6666666666666666,0.3333333333333333,0.3333333333333333,0.3333333333333333,0.6666666666666666,0.3333333333333333,0.6666666666666666,0.3333333333333333,0.6666666666666666,1.0,0.6666666666666666,0.6666666666666666,0.6666666666666666,0.6666666666666666,0.3333333333333333,1.0,1.0,0.3333333333333333,0.3333333333333333,0.3333333333333333,0.3333333333333333,1.0,0.6666666666666666,0.6666666666666666,1.0,1.0,0.6666666666666666,0.6666666666666666,0.6666666666666666,1.0,1.0,0.6666666666666666,0.6666666666666666,0.3333333333333333,0.6666666666666666,0.6666666666666666,1,7,3,0,0,11,20,9,0.3939393939393939,0.65,0.6666666666666666,0.3333333333333333,0.3333333333333333,0.6666666666666666,0.8333333333333333,0.41666666666666663,0.6222222222222222,0.3333333333333333,0.8333333333333333,0.6,0.3939393939393939,0.65,0.4444444444444444,0.615079365079365,0.606060606060606,0.7225806451612904,0,0,1,1,1,0,1,1,1,0
2022,Moldova,MD,Europe,EFUR1,https://www.fatf-gafi.org/en/publications/Mutualevaluations/FUR-Moldova-2022.html,2022-05-01,MONEYVAL,1,SE,SE,ME,ME,ME,ME,ME,ME,SE,ME,LE,LC,LC,LC,C,LC,PC,PC,PC,LC,LC,LC,LC,LC,C,NC,LC,LC,LC,LC,C,C,PC,LC,PC,PC,C,LC,LC,C,C,LC,LC,LC,C,C,LC,LC,PC,LC,LC,0.6666666666666666,0.6666666666666666,0.3333333333333333,0.3333333333333333,0.3333333333333333,0.3333333333333333,0.3333333333333333,0.3333333333333333,0.6666666666666666,0.3333333333333333,0.0,0.6666666666666666,0.6666666666666666,0.6666666666666666,1.0,0.6666666666666666,0.3333333333333333,0.3333333333333333,0.3333333333333333,0.6666666666666666,0.6666666666666666,0.6666666666666666,0.6666666666666666,0.6666666666666666,1.0,0.0,0.6666666666666666,0.6666666666666666,0.6666666666666666,0.6666666666666666,1.0,1.0,0.3333333333333333,0.6666666666666666,0.3333333333333333,0.3333333333333333,1.0,0.6666666666666666,0.6666666666666666,1.0,1.0,0.6666666666666666,0.6666666666666666,0.6666666666666666,1.0,1.0,0.6666666666666666,0.6666666666666666,0.3333333333333333,0.6666666666666666,0.6666666666666666,1,7,3,0,1,7,23,9,0.3939393939393939,0.6666666666666666,0.6666666666666666,0.3333333333333333,0.3333333333333333,0.6666666666666666,0.8333333333333333,0.41666666666666663,0.6666666666666666,0.3333333333333333,0.8333333333333333,0.6,0.3939393939393939,0.6666666666666666,0.4444444444444444,0.6214285714285714,0.5909090909090909,0.7151979565772668,1,1,1,0,1,0,1,1,1,1
2024,Moldova,MD,Europe,EFUR2,https://www.fatf-gafi.org/content/fatf-gafi/en/publications/Mutualevaluations/Moldova-FUR-2024.html,2024-05-01,MONEYVAL,1,SE,SE,ME,ME,ME,ME,ME,ME,SE,ME,LE,LC,LC,LC,C,LC,LC,LC,PC,LC,LC,LC,LC,LC,C,PC,LC,LC,LC,LC,C,C,PC,LC,PC,PC,C,LC,LC,C,C,LC,LC,LC,C,C,LC,LC,PC,LC,LC,0.6666666666666666,0.6666666666666666,0.3333333333333333,0.3333333333333333,0.3333333333333333,0.3333333333333333,0.3333333333333333,0.3333333333333333,0.6666666666666666,0.3333333333333333,0.0,0.6666666666666666,0.6666666666666666,0.6666666666666666,1.0,0.6666666666666666,0.6666666666666666,0.6666666666666666,0.3333333333333333,0.6666666666666666,0.6666666666666666,0.6666666666666666,0.6666666666666666,0.6666666666666666,1.0,0.3333333333333333,0.6666666666666666,0.6666666666666666,0.6666666666666666,0.6666666666666666,1.0,1.0,0.3333333333333333,0.6666666666666666,0.3333333333333333,0.3333333333333333,1.0,0.6666666666666666,0.6666666666666666,1.0,1.0,0.6666666666666666,0.6666666666666666,0.6666666666666666,1.0,1.0,0.6666666666666666,0.6666666666666666,0.3333333333333333,0.6666666666666666,0.6666666666666666,1,7,3,0,0,6,25,9,0.3939393939393939,0.6916666666666667,0.6666666666666666,0.3333333333333333,0.3333333333333333,0.6666666666666666,0.8333333333333333,0.5833333333333333,0.6888888888888889,0.3333333333333333,0.8333333333333333,0.6,0.3939393939393939,0.6916666666666667,0.4444444444444444,0.6484126984126983,0.5695509309967142,0.6854345165238679,1,1,0,0,1,0,0,1,1,2
2022,Monaco,MC,Europe,MER,https://www.fatf-gafi.org/en/publications/Mutualevaluations/MER-Monaco-2022.html,2022-12-01,MONEYVAL,1,ME,ME,LE,ME,ME,ME,LE,LE,ME,ME,ME,LC,LC,LC,PC,LC,PC,PC,PC,LC,LC,LC,PC,LC,C,PC,LC,LC,LC,LC,C,C,LC,PC,PC,PC,PC,PC,PC,LC,C,PC,LC,LC,PC,PC,LC,PC,LC,LC,LC,0.3333333333333333,0.3333333333333333,0.0,0.3333333333333333,0.3333333333333333,0.3333333333333333,0.0,0.0,0.3333333333333333,0.3333333333333333,0.3333333333333333,0.6666666666666666,0.6666666666666666,0.6666666666666666,0.3333333333333333,0.6666666666666666,0.3333333333333333,0.3333333333333333,0.3333333333333333,0.6666666666666666,0.6666666666666666,0.6666666666666666,0.3333333333333333,0.6666666666666666,1.0,0.3333333333333333,0.6666666666666666,0.6666666666666666,0.6666666666666666,0.6666666666666666,1.0,1.0,0.6666666666666666,0.3333333333333333,0.3333333333333333,0.3333333333333333,0.3333333333333333,0.3333333333333333,0.3333333333333333,0.6666666666666666,1.0,0.3333333333333333,0.6666666666666666,0.6666666666666666,0.3333333333333333,0.3333333333333333,0.6666666666666666,0.3333333333333333,0.6666666666666666,0.6666666666666666,0.6666666666666666,3,8,0,0,0,16,20,4,0.2424242424242424,0.5666666666666667,0.3333333333333333,0.2222222222222222,0.2222222222222222,0.6666666666666666,0.5,0.41666666666666663,0.6666666666666666,0.3333333333333333,0.5,0.6,0.2424242424242424,0.5666666666666667,0.25925925925925924,0.5261904761904762,0.42780748663101603,0.4927099044746103,0,0,1,0,1,0,1,1,1,0
2024,Monaco,MC,Europe,EFUR1,https://www.fatf-gafi.org/content/fatf-gafi/en/publications/Mutualevaluations/Monaco-FUR-MONEYVAL-2024.html,2024-11-01,MONEYVAL,1,ME,ME,LE,ME,ME,ME,LE,LE,ME,ME,ME,LC,LC,LC,LC,LC,C,C,LC,LC,LC,LC,C,LC,C,PC,LC,LC,LC,LC,C,C,LC,LC,LC,LC,LC,LC,LC,LC,C,LC,LC,LC,LC,LC,LC,LC,LC,LC,LC,0.3333333333333333,0.3333333333333333,0.0,0.3333333333333333,0.3333333333333333,0.3333333333333333,0.0,0.0,0.3333333333333333,0.3333333333333333,0.3333333333333333,0.6666666666666666,0.6666666666666666,0.6666666666666666,0.6666666666666666,0.6666666666666666,1.0,1.0,0.6666666666666666,0.6666666666666666,0.6666666666666666,0.6666666666666666,1.0,0.6666666666666666,1.0,0.3333333333333333,0.6666666666666666,0.6666666666666666,0.6666666666666666,0.6666666666666666,1.0,1.0,0.6666666666666666,0.6666666666666666,0.6666666666666666,0.6666666666666666,0.6666666666666666,0.6666666666666666,0.6666666666666666,0.6666666666666666,1.0,0.6666666666666666,0.6666666666666666,0.6666666666666666,0.6666666666666666,0.6666666666666666,0.6666666666666666,0.6666666666666666,0.6666666666666666,0.6666666666666666,0.6666666666666666,3,8,0,0,0,1,32,7,0.2424242424242424,0.7166666666666667,0.3333333333333333,0.2222222222222222,0.2222222222222222,0.6666666666666666,0.6666666666666666,0.8333333333333333,0.7333333333333333,0.6666666666666666,0.7,0.6666666666666666,0.2424242424242424,0.7166666666666667,0.25925925925925924,0.7047619047619047,0.33826638477801263,0.3678678678678679,1,1,0,0,1,0,0,1,1,1
2017,Mongolia,MN,Asia,MER,https://www.fatf-gafi.org/en/publications/Mutualevaluations/Mer-mongolia-2017.html,2017-09-01,APG,1,LE,ME,LE,LE,LE,LE,LE,ME,LE,LE,LE,PC,PC,LC,LC,LC,PC,NC,PC,LC,LC,C,LC,LC,PC,LC,LC,NC,LC,PC,LC,PC,NC,NC,PC,PC,PC,LC,NC,PC,C,C,PC,PC,PC,PC,C,C,LC,LC,LC,0.0,0.3333333333333333,0.0,0.0,0.0,0.0,0.0,0.3333333333333333,0.0,0.0,0.0,0.3333333333333333,0.3333333333333333,0.6666666666666666,0.6666666666666666,0.6666666666666666,0.3333333333333333,0.0,0.3333333333333333,0.6666666666666666,0.6666666666666666,1.0,0.6666666666666666,0.6666666666666666,0.3333333333333333,0.6666666666666666,0.6666666666666666,0.0,0.6666666666666666,0.3333333333333333,0.6666666666666666,0.3333333333333333,0.0,0.0,0.3333333333333333,0.3333333333333333,0.3333333333333333,0.6666666666666666,0.0,0.3333333333333333,1.0,1.0,0.3333333333333333,0.3333333333333333,0.3333333333333333,0.3333333333333333,1.0,1.0,0.6666666666666666,0.6666666666666666,0.6666666666666666,9,2,0,0,5,15,15,5,0.0606060606060606,0.5,0.16666666666666666,0.0,0.05555555555555555,0.3333333333333333,0.6666666666666666,0.3333333333333333,0.4888888888888889,0.3333333333333333,0.4666666666666667,0.7999999999999999,0.0606060606060606,0.5,0.07407407407407407,0.4888888888888889,0.1212121212121212,0.15151515151515152,0,0,1,0,1,1,1,1,1,0
2019,Mongolia,MN,Asia,EFUR2,https://www.fatf-gafi.org/en/publications/Mutualevaluations/Fur-mongolia-2019.html,2019-10-01,APG,1,LE,ME,LE,LE,LE,LE,LE,ME,LE,LE,LE,PC,LC,LC,LC,LC,LC,LC,PC,LC,LC,C,LC,LC,PC,LC,LC,LC,LC,LC,LC,C,LC,LC,LC,LC,LC,LC,PC,C,C,C,LC,LC,LC,PC,C,C,LC,LC,LC,0.0,0.3333333333333333,0.0,0.0,0.0,0.0,0.0,0.3333333333333333,0.0,0.0,0.0,0.3333333333333333,0.6666666666666666,0.6666666666666666,0.6666666666666666,0.6666666666666666,0.6666666666666666,0.6666666666666666,0.3333333333333333,0.6666666666666666,0.6666666666666666,1.0,0.6666666666666666,0.6666666666666666,0.3333333333333333,0.6666666666666666,0.6666666666666666,0.6666666666666666,0.6666666666666666,0.6666666666666666,0.6666666666666666,1.0,0.6666666666666666,0.6666666666666666,0.6666666666666666,0.6666666666666666,0.6666666666666666,0.6666666666666666,0.3333333333333333,1.0,1.0,1.0,0.6666666666666666,0.6666666666666666,0.6666666666666666,0.3333333333333333,1.0,1.0,0.6666666666666666,0.6666666666666666,0.6666666666666666,9,2,0,0,0,5,28,7,0.0606060606060606,0.6833333333333333,0.16666666666666666,0.0,0.05555555555555555,0.5,0.6666666666666666,0.5833333333333333,0.6888888888888889,0.6666666666666666,0.7,0.7999999999999999,0.0606060606060606,0.6833333333333333,0.07407407407407407,0.6579365079365079,0.08869179600886917,0.11258544431041415,1,1,0,0,1,1,0,1,1,2
2020,Mongolia,MN,Asia,EFUR3,https://www.fatf-gafi.org/en/publications/Mutualevaluations/Fur-mongolia-2020.html,2020-08-01,APG,1,LE,ME,LE,LE,LE,LE,LE,ME,LE,LE,LE,PC,LC,LC,LC,LC,LC,LC,PC,LC,LC,C,LC,LC,C,PC,LC,LC,LC,LC,LC,C,LC,LC,LC,LC,LC,LC,LC,C,C,C,LC,LC,LC,LC,C,C,LC,LC,LC,0.0,0.3333333333333333,0.0,0.0,0.0,0.0,0.0,0.3333333333333333,0.0,0.0,0.0,0.3333333333333333,0.6666666666666666,0.6666666666666666,0.6666666666666666,0.6666666666666666,0.6666666666666666,0.6666666666666666,0.3333333333333333,0.6666666666666666,0.6666666666666666,1.0,0.6666666666666666,0.6666666666666666,1.0,0.3333333333333333,0.6666666666666666,0.6666666666666666,0.6666666666666666,0.6666666666666666,0.6666666666666666,1.0,0.6666666666666666,0.6666666666666666,0.6666666666666666,0.6666666666666666,0.6666666666666666,0.6666666666666666,0.6666666666666666,1.0,1.0,1.0,0.6666666666666666,0.6666666666666666,0.6666666666666666,0.6666666666666666,1.0,1.0,0.6666666666666666,0.6666666666666666,0.6666666666666666,9,2,0,0,0,3,29,8,0.0606060606060606,0.7083333333333333,0.16666666666666666,0.0,0.05555555555555555,0.5,0.6666666666666666,0.5833333333333333,0.711111111111111,0.6666666666666666,0.7666666666666666,0.7999999999999999,0.0606060606060606,0.7083333333333333,0.07407407407407407,0.6706349206349206,0.0855614973262032,0.11045364891518739,1,1,0,0,1,1,0,1,1,3
2021,Mongolia,MN,Asia,EFUR4,https://www.fatf-gafi.org/en/publications/Mutualevaluations/Fur-mongolia-2021.html,2021-07-01,APG,1,LE,ME,LE,LE,LE,LE,LE,ME,LE,LE,LE,LC,LC,LC,LC,LC,LC,LC,PC,LC,LC,C,LC,LC,C,PC,LC,LC,LC,LC,LC,C,LC,LC,LC,LC,LC,LC,LC,C,C,C,LC,LC,LC,LC,C,C,LC,LC,LC,0.0,0.3333333333333333,0.0,0.0,0.0,0.0,0.0,0.3333333333333333,0.0,0.0,0.0,0.6666666666666666,0.6666666666666666,0.6666666666666666,0.6666666666666666,0.6666666666666666,0.6666666666666666,0.6666666666666666,0.3333333333333333,0.6666666666666666,0.6666666666666666,1.0,0.6666666666666666,0.6666666666666666,1.0,0.3333333333333333,0.6666666666666666,0.6666666666666666,0.6666666666666666,0.6666666666666666,0.6666666666666666,1.0,0.6666666666666666,0.6666666666666666,0.6666666666666666,0.6666666666666666,0.6666666666666666,0.6666666666666666,0.6666666666666666,1.0,1.0,1.0,0.6666666666666666,0.6666666666666666,0.6666666666666666,0.6666666666666666,1.0,1.0,0.6666666666666666,0.6666666666666666,0.6666666666666666,9,2,0,0,0,2,30,8,0.0606060606060606,0.7166666666666667,0.16666666666666666,0.0,0.05555555555555555,0.6666666666666666,0.6666666666666666,0.5833333333333333,0.711111111111111,0.6666666666666666,0.7666666666666666,0.7999999999999999,0.0606060606060606,0.7166666666666667,0.07407407407407407,0.6944444444444444,0.08456659619450316,0.10666666666666666,1,1,0,0,1,1,0,1,1,4
2022,Mongolia,MN,Asia,EFUR5,https://www.fatf-gafi.org/en/publications/Mutualevaluations/Fur-mongolia-2022.html,2022-07-01,APG,1,LE,ME,LE,LE,LE,LE,LE,ME,LE,LE,LE,LC,LC,LC,LC,LC,LC,LC,PC,LC,LC,C,LC,LC,C,LC,LC,LC,LC,LC,LC,C,LC,LC,LC,LC,LC,LC,LC,C,C,C,LC,LC,LC,LC,C,C,LC,LC,LC,0.0,0.3333333333333333,0.0,0.0,0.0,0.0,0.0,0.3333333333333333,0.0,0.0,0.0,0.6666666666666666,0.6666666666666666,0.6666666666666666,0.6666666666666666,0.6666666666666666,0.6666666666666666,0.6666666666666666,0.3333333333333333,0.6666666666666666,0.6666666666666666,1.0,0.6666666666666666,0.6666666666666666,1.0,0.6666666666666666,0.6666666666666666,0.6666666666666666,0.6666666666666666,0.6666666666666666,0.6666666666666666,1.0,0.6666666666666666,0.6666666666666666,0.6666666666666666,0.6666666666666666,0.6666666666666666,0.6666666666666666,0.6666666666666666,1.0,1.0,1.0,0.6666666666666666,0.6666666666666666,0.6666666666666666,0.6666666666666666,1.0,1.0,0.6666666666666666,0.6666666666666666,0.6666666666666666,9,2,0,0,0,1,31,8,0.0606060606060606,0.725,0.16666666666666666,0.0,0.05555555555555555,0.6666666666666666,0.6666666666666666,0.5833333333333333,0.7333333333333333,0.6666666666666666,0.7666666666666666,0.7999999999999999,0.0606060606060606,0.725,0.07407407407407407,0.6976190476190476,0.08359456635318704,0.1061812665908229,1,1,0,0,1,1,0,1,1,5
2023,Mongolia,MN,Asia,EFUR6,https://www.fatf-gafi.org/content/fatf-gafi/en/publications/Mutualevaluations/fur-mongolia-2023.html,2023-10-01,APG,1,LE,ME,LE,LE,LE,LE,LE,ME,LE,LE,LE,LC,LC,LC,LC,LC,LC,LC,C,LC,LC,C,LC,LC,C,LC,LC,LC,LC,LC,LC,C,LC,LC,LC,LC,LC,LC,LC,C,C,C,LC,LC,LC,LC,C,C,LC,LC,LC,0.0,0.3333333333333333,0.0,0.0,0.0,0.0,0.0,0.3333333333333333,0.0,0.0,0.0,0.6666666666666666,0.6666666666666666,0.6666666666666666,0.6666666666666666,0.6666666666666666,0.6666666666666666,0.6666666666666666,1.0,0.6666666666666666,0.6666666666666666,1.0,0.6666666666666666,0.6666666666666666,1.0,0.6666666666666666,0.6666666666666666,0.6666666666666666,0.6666666666666666,0.6666666666666666,0.6666666666666666,1.0,0.6666666666666666,0.6666666666666666,0.6666666666666666,0.6666666666666666,0.6666666666666666,0.6666666666666666,0.6666666666666666,1.0,1.0,1.0,0.6666666666666666,0.6666666666666666,0.6666666666666666,0.6666666666666666,1.0,1.0,0.6666666666666666,0.6666666666666666,0.6666666666666666,9,2,0,0,0,0,31,9,0.0606060606060606,0.7416666666666666,0.16666666666666666,0.0,0.05555555555555555,0.6666666666666666,0.6666666666666666,0.75,0.7333333333333333,0.6666666666666666,0.7666666666666666,0.7999999999999999,0.0606060606060606,0.7416666666666666,0.07407407407407407,0.7214285714285714,0.08171603677221655,0.10267693436010267,1,1,0,0,1,1,0,1,1,6
2023,Montenegro,ME,Europe,MER,https://www.fatf-gafi.org/content/fatf-gafi/en/publications/Mutualevaluations/Montenegro-MER-2023.html,2023-12-01,MONEYVAL,1,SE,SE,ME,ME,ME,ME,ME,ME,ME,ME,ME,LC,LC,LC,LC,LC,PC,PC,NC,LC,PC,LC,LC,PC,LC,PC,PC,PC,PC,PC,LC,LC,PC,PC,PC,PC,PC,LC,PC,C,C,LC,PC,PC,LC,PC,LC,LC,LC,LC,LC,0.6666666666666666,0.6666666666666666,0.3333333333333333,0.3333333333333333,0.3333333333333333,0.3333333333333333,0.3333333333333333,0.3333333333333333,0.3333333333333333,0.3333333333333333,0.3333333333333333,0.6666666666666666,0.6666666666666666,0.6666666666666666,0.6666666666666666,0.6666666666666666,0.3333333333333333,0.3333333333333333,0.0,0.6666666666666666,0.3333333333333333,0.6666666666666666,0.6666666666666666,0.3333333333333333,0.6666666666666666,0.3333333333333333,0.3333333333333333,0.3333333333333333,0.3333333333333333,0.3333333333333333,0.6666666666666666,0.6666666666666666,0.3333333333333333,0.3333333333333333,0.3333333333333333,0.3333333333333333,0.3333333333333333,0.6666666666666666,0.3333333333333333,1.0,1.0,0.6666666666666666,0.3333333333333333,0.3333333333333333,0.6666666666666666,0.3333333333333333,0.6666666666666666,0.6666666666666666,0.6666666666666666,0.6666666666666666,0.6666666666666666,0,9,2,0,1,18,19,2,0.3939393939393939,0.5166666666666666,0.6666666666666666,0.3333333333333333,0.3333333333333333,0.6666666666666666,0.6666666666666666,0.3333333333333333,0.4666666666666666,0.3333333333333333,0.5666666666666667,0.6666666666666666,0.3939393939393939,0.5166666666666666,0.4444444444444444,0.5285714285714286,0.7624633431085045,0.8408408408408408,0,0,1,1,1,0,1,1,1,0
2025,Montserrat,MS,North America,MER,https://www.fatf-gafi.org/content/fatf-gafi/en/publications/Mutualevaluations/MER-Montserrat-2025.html,2025-01-01,CFATF,1,ME,SE,ME,LE,LE,ME,ME,SE,ME,ME,ME,LC,LC,C,C,LC,LC,LC,PC,C,C,C,C,C,C,PC,LC,C,LC,LC,C,C,LC,LC,PC,PC,LC,C,LC,PC,C,LC,C,C,LC,LC,PC,C,C,C,LC,0.3333333333333333,0.6666666666666666,0.3333333333333333,0.0,0.0,0.3333333333333333,0.3333333333333333,0.6666666666666666,0.3333333333333333,0.3333333333333333,0.3333333333333333,0.6666666666666666,0.6666666666666666,1.0,1.0,0.6666666666666666,0.6666666666666666,0.6666666666666666,0.3333333333333333,1.0,1.0,1.0,1.0,1.0,1.0,0.3333333333333333,0.6666666666666666,1.0,0.6666666666666666,0.6666666666666666,1.0,1.0,0.6666666666666666,0.6666666666666666,0.3333333333333333,0.3333333333333333,0.6666666666666666,1.0,0.6666666666666666,0.3333333333333333,1.0,0.6666666666666666,1.0,1.0,0.6666666666666666,0.6666666666666666,0.3333333333333333,1.0,1.0,1.0,0.6666666666666666,2,7,2,0,0,6,16,18,0.3333333333333333,0.7666666666666666,0.5,0.1111111111111111,0.38888888888888884,0.6666666666666666,1.0,0.5833333333333333,0.8444444444444444,0.3333333333333333,0.7666666666666666,0.8,0.3333333333333333,0.7666666666666666,0.3333333333333333,0.7134920634920635,0.43478260869565216,0.46718576195773076,0,0,0,0,1,0,0,1,1,0
2019,Morocco,MA,Africa,MER,https://www.fatf-gafi.org/en/publications/Mutualevaluations/Mer-morocco-2019.html,2019-04-01,MENAFATF,1,ME,ME,ME,ME,LE,ME,LE,ME,SE,ME,LE,PC,PC,LC,PC,LC,PC,NC,NC,C,PC,LC,PC,PC,LC,PC,LC,PC,PC,PC,PC,C,PC,PC,PC,NC,PC,LC,PC,LC,PC,PC,NC,PC,PC,PC,LC,LC,PC,LC,PC,0.3333333333333333,0.3333333333333333,0.3333333333333333,0.3333333333333333,0.0,0.3333333333333333,0.0,0.3333333333333333,0.6666666666666666,0.3333333333333333,0.0,0.3333333333333333,0.3333333333333333,0.6666666666666666,0.3333333333333333,0.6666666666666666,0.3333333333333333,0.0,0.0,1.0,0.3333333333333333,0.6666666666666666,0.3333333333333333,0.3333333333333333,0.6666666666666666,0.3333333333333333,0.6666666666666666,0.3333333333333333,0.3333333333333333,0.3333333333333333,0.3333333333333333,1.0,0.3333333333333333,0.3333333333333333,0.3333333333333333,0.0,0.3333333333333333,0.6666666666666666,0.3333333333333333,0.6666666666666666,0.3333333333333333,0.3333333333333333,0.0,0.3333333333333333,0.3333333333333333,0.3333333333333333,0.6666666666666666,0.6666666666666666,0.3333333333333333,0.6666666666666666,0.3333333333333333,3,7,1,0,4,24,10,2,0.2727272727272727,0.41666666666666663,0.3333333333333333,0.2222222222222222,0.2777777777777778,0.3333333333333333,0.5,0.25,0.4888888888888889,0.16666666666666666,0.36666666666666664,0.5333333333333333,0.2727272727272727,0.41666666666666663,0.2777777777777778,0.376984126984127,0.6545454545454545,0.736842105263158,0,0,1,1,1,0,1,1,1,0
2020,Morocco,MA,Africa,EFUR1,https://www.fatf-gafi.org/en/publications/Mutualevaluations/Fur-morocco-2020.html,2020-11-01,MENAFATF,1,ME,ME,ME,ME,LE,ME,LE,ME,SE,ME,LE,LC,LC,LC,PC,LC,PC,NC,LC,C,LC,LC,LC,C,LC,PC,LC,C,LC,LC,LC,C,PC,PC,PC,NC,LC,LC,PC,LC,PC,PC,NC,LC,LC,PC,LC,LC,PC,LC,PC,0.3333333333333333,0.3333333333333333,0.3333333333333333,0.3333333333333333,0.0,0.3333333333333333,0.0,0.3333333333333333,0.6666666666666666,0.3333333333333333,0.0,0.6666666666666666,0.6666666666666666,0.6666666666666666,0.3333333333333333,0.6666666666666666,0.3333333333333333,0.0,0.6666666666666666,1.0,0.6666666666666666,0.6666666666666666,0.6666666666666666,1.0,0.6666666666666666,0.3333333333333333,0.6666666666666666,1.0,0.6666666666666666,0.6666666666666666,0.6666666666666666,1.0,0.3333333333333333,0.3333333333333333,0.3333333333333333,0.0,0.6666666666666666,0.6666666666666666,0.3333333333333333,0.6666666666666666,0.3333333333333333,0.3333333333333333,0.0,0.6666666666666666,0.6666666666666666,0.3333333333333333,0.6666666666666666,0.6666666666666666,0.3333333333333333,0.6666666666666666,0.3333333333333333,3,7,1,0,3,12,21,4,0.2727272727272727,0.5499999999999999,0.3333333333333333,0.2222222222222222,0.2777777777777778,0.6666666666666666,0.5,0.41666666666666663,0.6888888888888889,0.16666666666666666,0.4666666666666666,0.5333333333333333,0.2727272727272727,0.5499999999999999,0.2777777777777778,0.49126984126984125,0.49586776859504134,0.5654281098546042,1,1,1,0,1,0,1,1,1,1
2022,Morocco,MA,Africa,EFUR3,https://www.fatf-gafi.org/en/publications/Mutualevaluations/FUR-Morocco-2022.html,2022-05-01,MENAFATF,1,ME,ME,ME,ME,LE,ME,LE,ME,SE,ME,LE,LC,LC,LC,LC,LC,LC,LC,LC,C,LC,LC,LC,C,LC,NC,LC,C,LC,LC,LC,C,LC,LC,PC,PC,LC,LC,LC,LC,LC,PC,PC,LC,LC,C,LC,LC,PC,LC,LC,0.3333333333333333,0.3333333333333333,0.3333333333333333,0.3333333333333333,0.0,0.3333333333333333,0.0,0.3333333333333333,0.6666666666666666,0.3333333333333333,0.0,0.6666666666666666,0.6666666666666666,0.6666666666666666,0.6666666666666666,0.6666666666666666,0.6666666666666666,0.6666666666666666,0.6666666666666666,1.0,0.6666666666666666,0.6666666666666666,0.6666666666666666,1.0,0.6666666666666666,0.0,0.6666666666666666,1.0,0.6666666666666666,0.6666666666666666,0.6666666666666666,1.0,0.6666666666666666,0.6666666666666666,0.3333333333333333,0.3333333333333333,0.6666666666666666,0.6666666666666666,0.6666666666666666,0.6666666666666666,0.6666666666666666,0.3333333333333333,0.3333333333333333,0.6666666666666666,0.6666666666666666,1.0,0.6666666666666666,0.6666666666666666,0.3333333333333333,0.6666666666666666,0.6666666666666666,3,7,1,0,1,5,29,5,0.2727272727272727,0.65,0.3333333333333333,0.2222222222222222,0.2777777777777778,0.6666666666666666,0.6666666666666666,0.6666666666666666,0.7111111111111111,0.3333333333333333,0.6333333333333333,0.6,0.2727272727272727,0.65,0.2777777777777778,0.611111111111111,0.41958041958041953,0.4545454545454546,1,1,0,0,1,0,0,1,1,3
2024,Morocco,MA,Africa,EFUR5,https://www.fatf-gafi.org/content/fatf-gafi/en/publications/Mutualevaluations/fur-morocco-2024.html,2024-05-01,MENAFATF,1,ME,ME,ME,ME,LE,ME,LE,ME,SE,ME,LE,LC,LC,LC,LC,LC,LC,LC,LC,C,LC,LC,LC,C,LC,PC,LC,C,LC,LC,LC,C,LC,LC,LC,LC,LC,LC,LC,LC,LC,LC,LC,LC,LC,C,LC,LC,LC,LC,LC,0.3333333333333333,0.3333333333333333,0.3333333333333333,0.3333333333333333,0.0,0.3333333333333333,0.0,0.3333333333333333,0.6666666666666666,0.3333333333333333,0.0,0.6666666666666666,0.6666666666666666,0.6666666666666666,0.6666666666666666,0.6666666666666666,0.6666666666666666,0.6666666666666666,0.6666666666666666,1.0,0.6666666666666666,0.6666666666666666,0.6666666666666666,1.0,0.6666666666666666,0.3333333333333333,0.6666666666666666,1.0,0.6666666666666666,0.6666666666666666,0.6666666666666666,1.0,0.6666666666666666,0.6666666666666666,0.6666666666666666,0.6666666666666666,0.6666666666666666,0.6666666666666666,0.6666666666666666,0.6666666666666666,0.6666666666666666,0.6666666666666666,0.6666666666666666,0.6666666666666666,0.6666666666666666,1.0,0.6666666666666666,0.6666666666666666,0.6666666666666666,0.6666666666666666,0.6666666666666666,3,7,1,0,0,1,34,5,0.2727272727272727,0.7,0.3333333333333333,0.2222222222222222,0.2777777777777778,0.6666666666666666,0.6666666666666666,0.6666666666666666,0.7333333333333333,0.6666666666666666,0.7,0.6666666666666666,0.2727272727272727,0.7,0.2777777777777778,0.6809523809523809,0.38961038961038963,0.407925407925408,1,1,0,0,1,0,0,1,1,5
2021,Mozambique,MZ,Africa,MER,https://www.fatf-gafi.org/en/publications/Mutualevaluations/Mer-mozambique-2021.html,2021-06-01,ESAAMLG,1,LE,LE,LE,LE,LE,LE,LE,LE,LE,LE,LE,PC,PC,PC,PC,PC,NC,NC,NC,C,PC,LC,LC,LC,NC,NC,PC,C,LC,NC,PC,C,PC,PC,NC,NC,NC,PC,PC,LC,PC,PC,PC,PC,PC,PC,PC,PC,PC,LC,LC,0.0,0.0,0.0,0.0,0.0,0.0,0.0,0.0,0.0,0.0,0.0,0.3333333333333333,0.3333333333333333,0.3333333333333333,0.3333333333333333,0.3333333333333333,0.0,0.0,0.0,1.0,0.3333333333333333,0.6666666666666666,0.6666666666666666,0.6666666666666666,0.0,0.0,0.3333333333333333,1.0,0.6666666666666666,0.0,0.3333333333333333,1.0,0.3333333333333333,0.3333333333333333,0.0,0.0,0.0,0.3333333333333333,0.3333333333333333,0.6666666666666666,0.3333333333333333,0.3333333333333333,0.3333333333333333,0.3333333333333333,0.3333333333333333,0.3333333333333333,0.3333333333333333,0.3333333333333333,0.3333333333333333,0.6666666666666666,0.6666666666666666,11,0,0,0,9,21,7,3,0.0,0.36666666666666664,0.0,0.0,0.0,0.3333333333333333,0.3333333333333333,0.08333333333333333,0.4888888888888889,0.0,0.3333333333333333,0.4666666666666666,0.0,0.36666666666666664,0.0,0.29126984126984123,0.0,0.0,0,0,1,1,1,1,1,1,1,0
2023,Mozambique,MZ,Africa,EFUR2,https://www.fatf-gafi.org/content/fatf-gafi/en/publications/Mutualevaluations/mozambique-fur-2023.html,2023-07-01,ESAAMLG,1,LE,LE,LE,LE,LE,LE,LE,LE,LE,LE,LE,LC,PC,PC,C,PC,PC,PC,NC,C,PC,LC,LC,LC,PC,PC,PC,C,LC,PC,C,C,PC,PC,NC,NC,PC,PC,PC,LC,PC,PC,PC,PC,PC,PC,PC,PC,PC,LC,LC,0.0,0.0,0.0,0.0,0.0,0.0,0.0,0.0,0.0,0.0,0.0,0.6666666666666666,0.3333333333333333,0.3333333333333333,1.0,0.3333333333333333,0.3333333333333333,0.3333333333333333,0.0,1.0,0.3333333333333333,0.6666666666666666,0.6666666666666666,0.6666666666666666,0.3333333333333333,0.3333333333333333,0.3333333333333333,1.0,0.6666666666666666,0.3333333333333333,1.0,1.0,0.3333333333333333,0.3333333333333333,0.0,0.0,0.3333333333333333,0.3333333333333333,0.3333333333333333,0.6666666666666666,0.3333333333333333,0.3333333333333333,0.3333333333333333,0.3333333333333333,0.3333333333333333,0.3333333333333333,0.3333333333333333,0.3333333333333333,0.3333333333333333,0.6666666666666666,0.6666666666666666,11,0,0,0,3,24,8,5,0.0,0.4583333333333333,0.0,0.0,0.0,0.5,0.6666666666666666,0.25,0.6,0.0,0.36666666666666664,0.4666666666666666,0.0,0.4583333333333333,0.0,0.40714285714285714,0.0,0.0,1,1,1,1,1,1,1,1,1,2
2018,Myanmar,MM,Asia,MER,https://www.fatf-gafi.org/en/publications/Mutualevaluations/Mer-myanmar-2018.html,2018-09-01,APG,1,LE,LE,LE,LE,LE,ME,LE,LE,LE,LE,LE,PC,LC,C,LC,LC,LC,NC,PC,C,PC,C,PC,PC,NC,LC,LC,C,C,NC,C,LC,PC,PC,NC,NC,PC,C,NC,PC,LC,LC,PC,PC,PC,PC,PC,PC,PC,PC,LC,0.0,0.0,0.0,0.0,0.0,0.3333333333333333,0.0,0.0,0.0,0.0,0.0,0.3333333333333333,0.6666666666666666,1.0,0.6666666666666666,0.6666666666666666,0.6666666666666666,0.0,0.3333333333333333,1.0,0.3333333333333333,1.0,0.3333333333333333,0.3333333333333333,0.0,0.6666666666666666,0.6666666666666666,1.0,1.0,0.0,1.0,0.6666666666666666,0.3333333333333333,0.3333333333333333,0.0,0.0,0.3333333333333333,1.0,0.0,0.3333333333333333,0.6666666666666666,0.6666666666666666,0.3333333333333333,0.3333333333333333,0.3333333333333333,0.3333333333333333,0.3333333333333333,0.3333333333333333,0.3333333333333333,0.3333333333333333,0.6666666666666666,10,1,0,0,6,17,10,7,0.0303030303030303,0.48333333333333334,0.0,0.0,0.05555555555555555,0.5,0.8333333333333333,0.41666666666666663,0.5777777777777777,0.0,0.4333333333333333,0.39999999999999997,0.0303030303030303,0.48333333333333334,0.018518518518518517,0.45158730158730154,0.06269592476489028,0.041007615700058585,0,0,1,1,1,1,1,1,1,0
2019,Myanmar,MM,Asia,EFUR1,https://www.fatf-gafi.org/en/publications/Mutualevaluations/Fur-myanmar-2019.html,2019-08-01,APG,1,LE,LE,LE,LE,LE,ME,LE,LE,LE,LE,LE,LC,LC,C,LC,LC,LC,NC,PC,C,PC,C,PC,PC,NC,LC,LC,C,LC,PC,C,LC,PC,PC,NC,NC,PC,C,NC,PC,LC,LC,PC,PC,PC,PC,PC,PC,PC,PC,LC,0.0,0.0,0.0,0.0,0.0,0.3333333333333333,0.0,0.0,0.0,0.0,0.0,0.6666666666666666,0.6666666666666666,1.0,0.6666666666666666,0.6666666666666666,0.6666666666666666,0.0,0.3333333333333333,1.0,0.3333333333333333,1.0,0.3333333333333333,0.3333333333333333,0.0,0.6666666666666666,0.6666666666666666,1.0,0.6666666666666666,0.3333333333333333,1.0,0.6666666666666666,0.3333333333333333,0.3333333333333333,0.0,0.0,0.3333333333333333,1.0,0.0,0.3333333333333333,0.6666666666666666,0.6666666666666666,0.3333333333333333,0.3333333333333333,0.3333333333333333,0.3333333333333333,0.3333333333333333,0.3333333333333333,0.3333333333333333,0.3333333333333333,0.6666666666666666,10,1,0,0,5,17,12,6,0.0303030303030303,0.49166666666666664,0.0,0.0,0.05555555555555555,0.6666666666666666,0.8333333333333333,0.41666666666666663,0.5777777777777777,0.0,0.4333333333333333,0.39999999999999997,0.0303030303030303,0.49166666666666664,0.018518518518518517,0.4753968253968254,0.061633281972265024,0.038953811908736785,1,1,1,1,1,1,1,1,1,1
2020,Myanmar,MM,Asia,EFUR2,https://www.fatf-gafi.org/en/publications/Mutualevaluations/Fur-myanmar-2020.html,2020-08-01,APG,1,LE,LE,LE,LE,LE,ME,LE,LE,LE,LE,LE,LC,LC,C,LC,LC,LC,NC,PC,C,LC,C,LC,LC,PC,PC,LC,C,LC,PC,C,LC,PC,PC,PC,NC,PC,C,NC,PC,LC,LC,PC,PC,PC,PC,PC,PC,PC,PC,LC,0.0,0.0,0.0,0.0,0.0,0.3333333333333333,0.0,0.0,0.0,0.0,0.0,0.6666666666666666,0.6666666666666666,1.0,0.6666666666666666,0.6666666666666666,0.6666666666666666,0.0,0.3333333333333333,1.0,0.6666666666666666,1.0,0.6666666666666666,0.6666666666666666,0.3333333333333333,0.3333333333333333,0.6666666666666666,1.0,0.6666666666666666,0.3333333333333333,1.0,0.6666666666666666,0.3333333333333333,0.3333333333333333,0.3333333333333333,0.0,0.3333333333333333,1.0,0.0,0.3333333333333333,0.6666666666666666,0.6666666666666666,0.3333333333333333,0.3333333333333333,0.3333333333333333,0.3333333333333333,0.3333333333333333,0.3333333333333333,0.3333333333333333,0.3333333333333333,0.6666666666666666,10,1,0,0,3,17,14,6,0.0303030303030303,0.525,0.0,0.0,0.05555555555555555,0.6666666666666666,0.8333333333333333,0.41666666666666663,0.6444444444444444,0.16666666666666666,0.4333333333333333,0.39999999999999997,0.0303030303030303,0.525,0.018518518518518517,0.5087301587301587,0.05772005772005771,0.03640145605824233,1,1,1,0,1,1,1,1,1,2
2021,Myanmar,MM,Asia,EFUR3,https://www.fatf-gafi.org/en/publications/Mutualevaluations/Fur-myanmar-2021.html,2021-07-01,APG,1,LE,LE,LE,LE,LE,ME,LE,LE,LE,LE,LE,LC,LC,C,LC,LC,LC,NC,PC,C,LC,C,LC,LC,PC,PC,LC,C,LC,C,C,LC,LC,LC,PC,NC,PC,C,NC,PC,LC,LC,PC,PC,PC,PC,PC,PC,PC,PC,LC,0.0,0.0,0.0,0.0,0.0,0.3333333333333333,0.0,0.0,0.0,0.0,0.0,0.6666666666666666,0.6666666666666666,1.0,0.6666666666666666,0.6666666666666666,0.6666666666666666,0.0,0.3333333333333333,1.0,0.6666666666666666,1.0,0.6666666666666666,0.6666666666666666,0.3333333333333333,0.3333333333333333,0.6666666666666666,1.0,0.6666666666666666,1.0,1.0,0.6666666666666666,0.6666666666666666,0.6666666666666666,0.3333333333333333,0.0,0.3333333333333333,1.0,0.0,0.3333333333333333,0.6666666666666666,0.6666666666666666,0.3333333333333333,0.3333333333333333,0.3333333333333333,0.3333333333333333,0.3333333333333333,0.3333333333333333,0.3333333333333333,0.3333333333333333,0.6666666666666666,10,1,0,0,3,14,16,7,0.0303030303030303,0.5583333333333333,0.0,0.0,0.05555555555555555,0.6666666666666666,0.8333333333333333,0.41666666666666663,0.7333333333333333,0.16666666666666666,0.4333333333333333,0.39999999999999997,0.0303030303030303,0.5583333333333333,0.018518518518518517,0.5214285714285714,0.05427408412483039,0.03551496702181634,1,1,1,0,1,1,1,1,1,3
2022,Myanmar,MM,Asia,EFUR4,https://www.fatf-gafi.org/en/publications/Mutualevaluations/Fur-myanmar-2022.html,2022-08-01,APG,1,LE,LE,LE,LE,LE,ME,LE,LE,LE,LE,LE,LC,LC,C,LC,LC,LC,NC,PC,C,LC,C,LC,LC,PC,PC,LC,C,LC,C,C,LC,LC,LC,PC,NC,PC,C,PC,PC,LC,LC,PC,LC,PC,PC,PC,PC,PC,PC,LC,0.0,0.0,0.0,0.0,0.0,0.3333333333333333,0.0,0.0,0.0,0.0,0.0,0.6666666666666666,0.6666666666666666,1.0,0.6666666666666666,0.6666666666666666,0.6666666666666666,0.0,0.3333333333333333,1.0,0.6666666666666666,1.0,0.6666666666666666,0.6666666666666666,0.3333333333333333,0.3333333333333333,0.6666666666666666,1.0,0.6666666666666666,1.0,1.0,0.6666666666666666,0.6666666666666666,0.6666666666666666,0.3333333333333333,0.0,0.3333333333333333,1.0,0.3333333333333333,0.3333333333333333,0.6666666666666666,0.6666666666666666,0.3333333333333333,0.6666666666666666,0.3333333333333333,0.3333333333333333,0.3333333333333333,0.3333333333333333,0.3333333333333333,0.3333333333333333,0.6666666666666666,10,1,0,0,2,14,17,7,0.0303030303030303,0.575,0.0,0.0,0.05555555555555555,0.6666666666666666,0.8333333333333333,0.41666666666666663,0.7333333333333333,0.16666666666666666,0.5,0.39999999999999997,0.0303030303030303,0.575,0.018518518518518517,0.530952380952381,0.052700922266139656,0.034877927254608865,1,1,1,0,1,1,1,1,1,4
2023,Myanmar,MM,Asia,EFUR5,https://www.fatf-gafi.org/content/fatf-gafi/en/publications/Mutualevaluations/fur-myanmar-2023.html,2023-10-01,APG,1,LE,LE,LE,LE,LE,ME,LE,LE,LE,LE,LE,LC,LC,C,LC,LC,LC,NC,PC,C,LC,C,LC,LC,LC,PC,LC,C,LC,C,C,LC,LC,LC,PC,NC,PC,C,PC,PC,LC,LC,PC,LC,PC,PC,PC,PC,PC,PC,LC,0.0,0.0,0.0,0.0,0.0,0.3333333333333333,0.0,0.0,0.0,0.0,0.0,0.6666666666666666,0.6666666666666666,1.0,0.6666666666666666,0.6666666666666666,0.6666666666666666,0.0,0.3333333333333333,1.0,0.6666666666666666,1.0,0.6666666666666666,0.6666666666666666,0.6666666666666666,0.3333333333333333,0.6666666666666666,1.0,0.6666666666666666,1.0,1.0,0.6666666666666666,0.6666666666666666,0.6666666666666666,0.3333333333333333,0.0,0.3333333333333333,1.0,0.3333333333333333,0.3333333333333333,0.6666666666666666,0.6666666666666666,0.3333333333333333,0.6666666666666666,0.3333333333333333,0.3333333333333333,0.3333333333333333,0.3333333333333333,0.3333333333333333,0.3333333333333333,0.6666666666666666,10,1,0,0,2,13,18,7,0.0303030303030303,0.5833333333333333,0.0,0.0,0.05555555555555555,0.6666666666666666,0.8333333333333333,0.41666666666666663,0.7555555555555555,0.16666666666666666,0.5,0.39999999999999997,0.0303030303030303,0.5833333333333333,0.018518518518518517,0.5341269841269841,0.05194805194805195,0.03467062902426944,1,1,1,0,1,1,1,1,1,5
2024,Myanmar,MM,Asia,EFUR6,https://www.fatf-gafi.org/content/fatf-gafi/en/publications/Mutualevaluations/Myanmar-FUR-2024.html,2024-02-01,APG,1,LE,LE,LE,LE,LE,ME,LE,LE,LE,LE,LE,LC,LC,C,LC,LC,LC,NC,PC,C,LC,C,LC,LC,LC,PC,LC,C,LC,C,C,LC,LC,LC,PC,NC,LC,C,PC,PC,LC,LC,PC,LC,PC,PC,PC,PC,PC,PC,LC,0.0,0.0,0.0,0.0,0.0,0.3333333333333333,0.0,0.0,0.0,0.0,0.0,0.6666666666666666,0.6666666666666666,1.0,0.6666666666666666,0.6666666666666666,0.6666666666666666,0.0,0.3333333333333333,1.0,0.6666666666666666,1.0,0.6666666666666666,0.6666666666666666,0.6666666666666666,0.3333333333333333,0.6666666666666666,1.0,0.6666666666666666,1.0,1.0,0.6666666666666666,0.6666666666666666,0.6666666666666666,0.3333333333333333,0.0,0.6666666666666666,1.0,0.3333333333333333,0.3333333333333333,0.6666666666666666,0.6666666666666666,0.3333333333333333,0.6666666666666666,0.3333333333333333,0.3333333333333333,0.3333333333333333,0.3333333333333333,0.3333333333333333,0.3333333333333333,0.6666666666666666,10,1,0,0,2,12,19,7,0.0303030303030303,0.5916666666666667,0.0,0.0,0.05555555555555555,0.6666666666666666,0.8333333333333333,0.41666666666666663,0.7555555555555555,0.16666666666666666,0.5333333333333333,0.39999999999999997,0.0303030303030303,0.5916666666666667,0.018518518518518517,0.5388888888888889,0.05121638924455826,0.03436426116838488,1,1,1,0,1,1,1,1,1,6
2022,Namibia,NA,Africa,MER,https://www.fatf-gafi.org/en/publications/Mutualevaluations/mer-namibia-2023.html,2022-09-01,ESAAMLG,1,ME,ME,LE,ME,LE,ME,ME,ME,LE,LE,LE,LC,LC,LC,LC,PC,PC,PC,NC,C,LC,LC,NC,PC,LC,NC,LC,LC,PC,PC,PC,C,PC,PC,PC,PC,LC,C,LC,PC,C,PC,LC,PC,LC,LC,C,LC,LC,PC,PC,0.3333333333333333,0.3333333333333333,0.0,0.3333333333333333,0.0,0.3333333333333333,0.3333333333333333,0.3333333333333333,0.0,0.0,0.0,0.6666666666666666,0.6666666666666666,0.6666666666666666,0.6666666666666666,0.3333333333333333,0.3333333333333333,0.3333333333333333,0.0,1.0,0.6666666666666666,0.6666666666666666,0.0,0.3333333333333333,0.6666666666666666,0.0,0.6666666666666666,0.6666666666666666,0.3333333333333333,0.3333333333333333,0.3333333333333333,1.0,0.3333333333333333,0.3333333333333333,0.3333333333333333,0.3333333333333333,0.6666666666666666,1.0,0.6666666666666666,0.3333333333333333,1.0,0.3333333333333333,0.6666666666666666,0.3333333333333333,0.6666666666666666,0.6666666666666666,1.0,0.6666666666666666,0.6666666666666666,0.3333333333333333,0.3333333333333333,5,6,0,0,3,16,16,5,0.1818181818181818,0.525,0.3333333333333333,0.1111111111111111,0.16666666666666666,0.6666666666666666,0.6666666666666666,0.25,0.4888888888888889,0.3333333333333333,0.6333333333333333,0.6,0.1818181818181818,0.525,0.2037037037037037,0.5198412698412698,0.34632034632034625,0.39185750636132316,0,0,1,1,1,1,1,1,1,0
2024,Namibia,NA,Africa,EFUR2,https://www.fatf-gafi.org/content/fatf-gafi/en/publications/Mutualevaluations/fur-namibia-2024.html,2024-04-01,ESAAMLG,1,ME,ME,LE,ME,LE,ME,ME,ME,LE,LE,LE,LC,LC,LC,LC,C,LC,LC,LC,C,LC,LC,LC,LC,LC,LC,LC,LC,LC,LC,C,C,LC,PC,PC,LC,LC,C,LC,C,C,PC,LC,PC,LC,LC,C,LC,LC,LC,PC,0.3333333333333333,0.3333333333333333,0.0,0.3333333333333333,0.0,0.3333333333333333,0.3333333333333333,0.3333333333333333,0.0,0.0,0.0,0.6666666666666666,0.6666666666666666,0.6666666666666666,0.6666666666666666,1.0,0.6666666666666666,0.6666666666666666,0.6666666666666666,1.0,0.6666666666666666,0.6666666666666666,0.6666666666666666,0.6666666666666666,0.6666666666666666,0.6666666666666666,0.6666666666666666,0.6666666666666666,0.6666666666666666,0.6666666666666666,1.0,1.0,0.6666666666666666,0.3333333333333333,0.3333333333333333,0.6666666666666666,0.6666666666666666,1.0,0.6666666666666666,1.0,1.0,0.3333333333333333,0.6666666666666666,0.3333333333333333,0.6666666666666666,0.6666666666666666,1.0,0.6666666666666666,0.6666666666666666,0.6666666666666666,0.3333333333333333,5,6,0,0,0,5,27,8,0.1818181818181818,0.6916666666666667,0.3333333333333333,0.1111111111111111,0.16666666666666666,0.6666666666666666,0.6666666666666666,0.75,0.711111111111111,0.5,0.7,0.6666666666666666,0.1818181818181818,0.6916666666666667,0.2037037037037037,0.6658730158730158,0.26286966046002186,0.3059197457290425,1,1,0,0,1,1,0,1,1,2
2024,Nauru,NR,Oceania,MER,https://www.fatf-gafi.org/content/fatf-gafi/en/publications/Mutualevaluations/Nauru-MER-APG-2024.html,2024-11-01,APG,1,ME,ME,LE,ME,ME,ME,LE,LE,ME,ME,LE,PC,LC,LC,LC,C,LC,C,LC,C,C,C,C,C,C,LC,C,C,C,C,C,C,C,C,LC,LC,LC,C,LC,PC,LC,LC,LC,LC,C,C,LC,LC,PC,LC,LC,0.3333333333333333,0.3333333333333333,0.0,0.3333333333333333,0.3333333333333333,0.3333333333333333,0.0,0.0,0.3333333333333333,0.3333333333333333,0.0,0.3333333333333333,0.6666666666666666,0.6666666666666666,0.6666666666666666,1.0,0.6666666666666666,1.0,0.6666666666666666,1.0,1.0,1.0,1.0,1.0,1.0,0.6666666666666666,1.0,1.0,1.0,1.0,1.0,1.0,1.0,1.0,0.6666666666666666,0.6666666666666666,0.6666666666666666,1.0,0.6666666666666666,0.3333333333333333,0.6666666666666666,0.6666666666666666,0.6666666666666666,0.6666666666666666,1.0,1.0,0.6666666666666666,0.6666666666666666,0.3333333333333333,0.6666666666666666,0.6666666666666666,4,7,0,0,0,3,18,19,0.2121212121212121,0.7999999999999999,0.3333333333333333,0.2222222222222222,0.16666666666666666,0.5,0.6666666666666666,0.8333333333333333,0.9777777777777777,0.6666666666666666,0.7333333333333333,0.6,0.2121212121212121,0.7999999999999999,0.24074074074074073,0.711111111111111,0.26515151515151514,0.3385416666666667,0,0,0,0,1,1,0,1,1,0
2023,Nepal,NP,Asia,MER,https://www.fatf-gafi.org/content/fatf-gafi/en/publications/Mutualevaluations/Nepal-mer-2023.html,2023-09-01,APG,1,ME,ME,LE,LE,LE,ME,ME,LE,LE,LE,LE,PC,PC,LC,LC,LC,PC,NC,NC,LC,PC,C,LC,LC,LC,NC,LC,LC,LC,PC,C,C,PC,PC,PC,PC,PC,C,PC,C,LC,PC,LC,LC,PC,LC,LC,LC,PC,PC,PC,0.3333333333333333,0.3333333333333333,0.0,0.0,0.0,0.3333333333333333,0.3333333333333333,0.0,0.0,0.0,0.0,0.3333333333333333,0.3333333333333333,0.6666666666666666,0.6666666666666666,0.6666666666666666,0.3333333333333333,0.0,0.0,0.6666666666666666,0.3333333333333333,1.0,0.6666666666666666,0.6666666666666666,0.6666666666666666,0.0,0.6666666666666666,0.6666666666666666,0.6666666666666666,0.3333333333333333,1.0,1.0,0.3333333333333333,0.3333333333333333,0.3333333333333333,0.3333333333333333,0.3333333333333333,1.0,0.3333333333333333,1.0,0.6666666666666666,0.3333333333333333,0.6666666666666666,0.6666666666666666,0.3333333333333333,0.6666666666666666,0.6666666666666666,0.6666666666666666,0.3333333333333333,0.3333333333333333,0.3333333333333333,7,4,0,0,3,16,16,5,0.1212121212121212,0.525,0.3333333333333333,0.0,0.1111111111111111,0.3333333333333333,0.6666666666666666,0.25,0.6,0.3333333333333333,0.6,0.4666666666666666,0.1212121212121212,0.525,0.14814814814814814,0.46428571428571425,0.23088023088023085,0.3190883190883191,0,0,1,1,1,1,1,1,1,0
2024,Nepal,NP,Asia,EFUR1,https://www.fatf-gafi.org/content/fatf-gafi/en/publications/Mutualevaluations/Nepal-APG-FUR-2024.html,2024-06-01,APG,1,ME,ME,LE,LE,LE,ME,ME,LE,LE,LE,LE,PC,LC,LC,LC,LC,PC,PC,NC,LC,LC,C,LC,LC,LC,PC,LC,LC,LC,LC,C,C,LC,LC,PC,PC,PC,C,PC,C,LC,LC,LC,LC,PC,LC,LC,LC,LC,PC,PC,0.3333333333333333,0.3333333333333333,0.0,0.0,0.0,0.3333333333333333,0.3333333333333333,0.0,0.0,0.0,0.0,0.3333333333333333,0.6666666666666666,0.6666666666666666,0.6666666666666666,0.6666666666666666,0.3333333333333333,0.3333333333333333,0.0,0.6666666666666666,0.6666666666666666,1.0,0.6666666666666666,0.6666666666666666,0.6666666666666666,0.3333333333333333,0.6666666666666666,0.6666666666666666,0.6666666666666666,0.6666666666666666,1.0,1.0,0.6666666666666666,0.6666666666666666,0.3333333333333333,0.3333333333333333,0.3333333333333333,1.0,0.3333333333333333,1.0,0.6666666666666666,0.6666666666666666,0.6666666666666666,0.6666666666666666,0.3333333333333333,0.6666666666666666,0.6666666666666666,0.6666666666666666,0.6666666666666666,0.3333333333333333,0.3333333333333333,7,4,0,0,1,11,23,5,0.1212121212121212,0.6,0.3333333333333333,0.0,0.1111111111111111,0.5,0.6666666666666666,0.3333333333333333,0.711111111111111,0.3333333333333333,0.6333333333333333,0.5333333333333333,0.1212121212121212,0.6,0.14814814814814814,0.5301587301587302,0.20202020202020202,0.27944111776447106,1,1,1,0,1,1,1,1,1,1
2022,Netherlands,NL,Europe,MER,https://www.fatf-gafi.org/en/publications/Mutualevaluations/Mer-netherlands-2022.html,2022-08-01,FATF,0,SE,HE,ME,ME,ME,HE,SE,SE,SE,SE,ME,LC,C,LC,C,LC,LC,LC,LC,C,LC,C,LC,PC,C,PC,LC,LC,LC,LC,C,LC,LC,LC,LC,LC,LC,C,LC,C,C,LC,LC,LC,LC,LC,LC,C,LC,LC,LC,0.6666666666666666,1.0,0.3333333333333333,0.3333333333333333,0.3333333333333333,1.0,0.6666666666666666,0.6666666666666666,0.6666666666666666,0.6666666666666666,0.3333333333333333,0.6666666666666666,1.0,0.6666666666666666,1.0,0.6666666666666666,0.6666666666666666,0.6666666666666666,0.6666666666666666,1.0,0.6666666666666666,1.0,0.6666666666666666,0.3333333333333333,1.0,0.3333333333333333,0.6666666666666666,0.6666666666666666,0.6666666666666666,0.6666666666666666,1.0,0.6666666666666666,0.6666666666666666,0.6666666666666666,0.6666666666666666,0.6666666666666666,0.6666666666666666,1.0,0.6666666666666666,1.0,1.0,0.6666666666666666,0.6666666666666666,0.6666666666666666,0.6666666666666666,0.6666666666666666,0.6666666666666666,1.0,0.6666666666666666,0.6666666666666666,0.6666666666666666,0,4,5,2,0,2,28,10,0.6060606060606061,0.7333333333333333,0.8333333333333333,0.3333333333333333,0.6666666666666666,0.8333333333333333,0.8333333333333333,0.6666666666666666,0.7111111111111111,0.6666666666666666,0.7666666666666666,0.7333333333333333,0.6060606060606061,0.7333333333333333,0.611111111111111,0.7444444444444444,0.8264462809917357,0.8208955223880597,0,0,0,0,0,0,0,0,0,0
2021,New Zealand,NZ,Oceania,MER,https://www.fatf-gafi.org/en/publications/Mutualevaluations/Mer-new-zealand-2021.html,2021-04-01,FATF/APG,1,SE,HE,ME,ME,ME,SE,SE,HE,SE,ME,ME,LC,C,C,C,LC,LC,PC,LC,C,LC,LC,PC,LC,PC,LC,PC,LC,PC,PC,C,C,PC,PC,PC,PC,PC,LC,PC,C,C,LC,LC,LC,LC,LC,LC,LC,LC,LC,LC,0.6666666666666666,1.0,0.3333333333333333,0.3333333333333333,0.3333333333333333,0.6666666666666666,0.6666666666666666,1.0,0.6666666666666666,0.3333333333333333,0.3333333333333333,0.6666666666666666,1.0,1.0,1.0,0.6666666666666666,0.6666666666666666,0.3333333333333333,0.6666666666666666,1.0,0.6666666666666666,0.6666666666666666,0.3333333333333333,0.6666666666666666,0.3333333333333333,0.6666666666666666,0.3333333333333333,0.6666666666666666,0.3333333333333333,0.3333333333333333,1.0,1.0,0.3333333333333333,0.3333333333333333,0.3333333333333333,0.3333333333333333,0.3333333333333333,0.6666666666666666,0.3333333333333333,1.0,1.0,0.6666666666666666,0.6666666666666666,0.6666666666666666,0.6666666666666666,0.6666666666666666,0.6666666666666666,0.6666666666666666,0.6666666666666666,0.6666666666666666,0.6666666666666666,0,5,4,2,0,12,20,8,0.5757575757575757,0.6333333333333333,0.8333333333333333,0.3333333333333333,0.611111111111111,0.8333333333333333,1.0,0.5833333333333333,0.5777777777777777,0.3333333333333333,0.6666666666666666,0.6666666666666666,0.5757575757575757,0.6333333333333333,0.5925925925925926,0.6658730158730158,0.9090909090909091,0.8899483512117601,0,0,1,0,0,0,1,0,1,0
2022,New Zealand,NZ,Oceania,EFUR1,https://www.fatf-gafi.org/en/publications/Mutualevaluations/Fur-new-zealand-2022.html,2022-05-01,FATF,1,SE,HE,ME,ME,ME,SE,SE,HE,SE,ME,ME,LC,C,C,C,LC,LC,PC,LC,C,LC,LC,PC,LC,PC,LC,PC,LC,PC,PC,C,C,PC,PC,PC,LC,PC,LC,PC,C,C,LC,LC,LC,LC,LC,LC,LC,LC,LC,LC,0.6666666666666666,1.0,0.3333333333333333,0.3333333333333333,0.3333333333333333,0.6666666666666666,0.6666666666666666,1.0,0.6666666666666666,0.3333333333333333,0.3333333333333333,0.6666666666666666,1.0,1.0,1.0,0.6666666666666666,0.6666666666666666,0.3333333333333333,0.6666666666666666,1.0,0.6666666666666666,0.6666666666666666,0.3333333333333333,0.6666666666666666,0.3333333333333333,0.6666666666666666,0.3333333333333333,0.6666666666666666,0.3333333333333333,0.3333333333333333,1.0,1.0,0.3333333333333333,0.3333333333333333,0.3333333333333333,0.6666666666666666,0.3333333333333333,0.6666666666666666,0.3333333333333333,1.0,1.0,0.6666666666666666,0.6666666666666666,0.6666666666666666,0.6666666666666666,0.6666666666666666,0.6666666666666666,0.6666666666666666,0.6666666666666666,0.6666666666666666,0.6666666666666666,0,5,4,2,0,11,21,8,0.5757575757575757,0.6416666666666666,0.8333333333333333,0.3333333333333333,0.611111111111111,0.8333333333333333,1.0,0.5833333333333333,0.5777777777777777,0.5,0.6666666666666666,0.6666666666666666,0.5757575757575757,0.6416666666666666,0.5925925925925926,0.6896825396825397,0.89728453364817,0.8592251630226313,1,1,1,0,0,0,1,0,1,1
2024,New Zealand,NZ,Oceania,EFUR3,https://www.fatf-gafi.org/content/fatf-gafi/en/publications/Mutualevaluations/New-Zealand-FUR-2024.html,2024-07-01,FATF,1,SE,HE,ME,ME,ME,SE,SE,HE,SE,ME,ME,LC,C,C,C,LC,LC,PC,LC,C,LC,LC,PC,LC,LC,LC,LC,LC,PC,C,C,C,LC,LC,PC,LC,PC,LC,PC,C,C,LC,LC,LC,LC,LC,LC,LC,LC,LC,LC,0.6666666666666666,1.0,0.3333333333333333,0.3333333333333333,0.3333333333333333,0.6666666666666666,0.6666666666666666,1.0,0.6666666666666666,0.3333333333333333,0.3333333333333333,0.6666666666666666,1.0,1.0,1.0,0.6666666666666666,0.6666666666666666,0.3333333333333333,0.6666666666666666,1.0,0.6666666666666666,0.6666666666666666,0.3333333333333333,0.6666666666666666,0.6666666666666666,0.6666666666666666,0.6666666666666666,0.6666666666666666,0.3333333333333333,1.0,1.0,1.0,0.6666666666666666,0.6666666666666666,0.3333333333333333,0.6666666666666666,0.3333333333333333,0.6666666666666666,0.3333333333333333,1.0,1.0,0.6666666666666666,0.6666666666666666,0.6666666666666666,0.6666666666666666,0.6666666666666666,0.6666666666666666,0.6666666666666666,0.6666666666666666,0.6666666666666666,0.6666666666666666,0,5,4,2,0,6,25,9,0.5757575757575757,0.6916666666666667,0.8333333333333333,0.3333333333333333,0.611111111111111,0.8333333333333333,1.0,0.5833333333333333,0.7111111111111111,0.5,0.6666666666666666,0.6666666666666666,0.5757575757575757,0.6916666666666667,0.5925925925925926,0.7087301587301587,0.832420591456736,0.8361328854050019,1,1,0,0,0,0,0,0,0,3
2017,Nicaragua,NI,North America,MER,https://www.fatf-gafi.org/en/publications/Mutualevaluations/Mer-nicaragua-2017.html,2017-10-01,GAFILAT,1,ME,ME,LE,ME,LE,ME,ME,SE,ME,ME,LE,PC,LC,LC,LC,PC,LC,NC,PC,LC,PC,PC,PC,C,LC,NC,LC,LC,LC,LC,PC,PC,NC,NC,NC,NC,PC,LC,NC,C,C,LC,LC,LC,LC,LC,LC,LC,LC,LC,LC,0.3333333333333333,0.3333333333333333,0.0,0.3333333333333333,0.0,0.3333333333333333,0.3333333333333333,0.6666666666666666,0.3333333333333333,0.3333333333333333,0.0,0.3333333333333333,0.6666666666666666,0.6666666666666666,0.6666666666666666,0.3333333333333333,0.6666666666666666,0.0,0.3333333333333333,0.6666666666666666,0.3333333333333333,0.3333333333333333,0.3333333333333333,1.0,0.6666666666666666,0.0,0.6666666666666666,0.6666666666666666,0.6666666666666666,0.6666666666666666,0.3333333333333333,0.3333333333333333,0.0,0.0,0.0,0.0,0.3333333333333333,0.6666666666666666,0.0,1.0,1.0,0.6666666666666666,0.6666666666666666,0.6666666666666666,0.6666666666666666,0.6666666666666666,0.6666666666666666,0.6666666666666666,0.6666666666666666,0.6666666666666666,0.6666666666666666,3,7,1,0,7,9,21,3,0.2727272727272727,0.5,0.3333333333333333,0.1111111111111111,0.3333333333333333,0.5,0.6666666666666666,0.3333333333333333,0.4444444444444444,0.0,0.6333333333333333,0.6666666666666666,0.2727272727272727,0.5,0.25925925925925924,0.46349206349206346,0.5454545454545454,0.5593607305936074,0,0,1,1,1,0,1,1,1,0
2019,Nicaragua,NI,North America,EFUR2,https://www.fatf-gafi.org/en/publications/Mutualevaluations/Fur-nicaragua-2019.html,2019-01-01,GAFILAT,1,ME,ME,LE,ME,LE,ME,ME,SE,ME,ME,LE,PC,LC,LC,LC,LC,LC,NC,PC,LC,PC,C,PC,C,PC,PC,LC,LC,LC,LC,LC,LC,PC,PC,PC,NC,LC,LC,PC,C,C,LC,LC,LC,LC,PC,LC,LC,LC,LC,LC,0.3333333333333333,0.3333333333333333,0.0,0.3333333333333333,0.0,0.3333333333333333,0.3333333333333333,0.6666666666666666,0.3333333333333333,0.3333333333333333,0.0,0.3333333333333333,0.6666666666666666,0.6666666666666666,0.6666666666666666,0.6666666666666666,0.6666666666666666,0.0,0.3333333333333333,0.6666666666666666,0.3333333333333333,1.0,0.3333333333333333,1.0,0.3333333333333333,0.3333333333333333,0.6666666666666666,0.6666666666666666,0.6666666666666666,0.6666666666666666,0.6666666666666666,0.6666666666666666,0.3333333333333333,0.3333333333333333,0.3333333333333333,0.0,0.6666666666666666,0.6666666666666666,0.3333333333333333,1.0,1.0,0.6666666666666666,0.6666666666666666,0.6666666666666666,0.6666666666666666,0.3333333333333333,0.6666666666666666,0.6666666666666666,0.6666666666666666,0.6666666666666666,0.6666666666666666,3,7,1,0,2,11,23,4,0.2727272727272727,0.575,0.3333333333333333,0.1111111111111111,0.3333333333333333,0.5,0.6666666666666666,0.41666666666666663,0.5777777777777777,0.16666666666666666,0.6666666666666666,0.6666666666666666,0.2727272727272727,0.575,0.25925925925925924,0.5230158730158729,0.4743083003952569,0.49570055639858374,1,1,1,1,1,0,1,1,1,2
2019,Nicaragua,NI,North America,EFUR3,https://www.fatf-gafi.org/en/publications/Mutualevaluations/Fur2-nicaragua-2019.html,2019-08-01,GAFILAT,1,ME,ME,LE,ME,LE,ME,ME,SE,ME,ME,LE,PC,LC,LC,LC,LC,LC,LC,PC,LC,C,C,C,C,PC,PC,LC,LC,LC,LC,LC,LC,PC,PC,PC,LC,LC,LC,PC,C,C,LC,LC,LC,LC,PC,LC,LC,LC,LC,LC,0.3333333333333333,0.3333333333333333,0.0,0.3333333333333333,0.0,0.3333333333333333,0.3333333333333333,0.6666666666666666,0.3333333333333333,0.3333333333333333,0.0,0.3333333333333333,0.6666666666666666,0.6666666666666666,0.6666666666666666,0.6666666666666666,0.6666666666666666,0.6666666666666666,0.3333333333333333,0.6666666666666666,1.0,1.0,1.0,1.0,0.3333333333333333,0.3333333333333333,0.6666666666666666,0.6666666666666666,0.6666666666666666,0.6666666666666666,0.6666666666666666,0.6666666666666666,0.3333333333333333,0.3333333333333333,0.3333333333333333,0.6666666666666666,0.6666666666666666,0.6666666666666666,0.3333333333333333,1.0,1.0,0.6666666666666666,0.6666666666666666,0.6666666666666666,0.6666666666666666,0.3333333333333333,0.6666666666666666,0.6666666666666666,0.6666666666666666,0.6666666666666666,0.6666666666666666,3,7,1,0,0,9,25,6,0.2727272727272727,0.6416666666666666,0.3333333333333333,0.1111111111111111,0.3333333333333333,0.5,0.6666666666666666,0.5833333333333333,0.6666666666666666,0.5,0.6666666666666666,0.6666666666666666,0.2727272727272727,0.6416666666666666,0.25925925925925924,0.6071428571428571,0.42502951593860683,0.42701525054466233,1,1,1,0,1,0,1,1,1,3
2020,Nicaragua,NI,North America,EFUR4,https://www.fatf-gafi.org/en/publications/Mutualevaluations/Fur3-nicaragua-2020.html,2020-01-01,GAFILAT,1,ME,ME,LE,ME,LE,ME,ME,SE,ME,ME,LE,PC,LC,LC,LC,LC,LC,LC,LC,LC,C,C,C,C,PC,PC,LC,LC,LC,LC,LC,LC,LC,LC,PC,LC,LC,LC,C,C,C,LC,LC,LC,LC,PC,LC,LC,LC,LC,LC,0.3333333333333333,0.3333333333333333,0.0,0.3333333333333333,0.0,0.3333333333333333,0.3333333333333333,0.6666666666666666,0.3333333333333333,0.3333333333333333,0.0,0.3333333333333333,0.6666666666666666,0.6666666666666666,0.6666666666666666,0.6666666666666666,0.6666666666666666,0.6666666666666666,0.6666666666666666,0.6666666666666666,1.0,1.0,1.0,1.0,0.3333333333333333,0.3333333333333333,0.6666666666666666,0.6666666666666666,0.6666666666666666,0.6666666666666666,0.6666666666666666,0.6666666666666666,0.6666666666666666,0.6666666666666666,0.3333333333333333,0.6666666666666666,0.6666666666666666,0.6666666666666666,1.0,1.0,1.0,0.6666666666666666,0.6666666666666666,0.6666666666666666,0.6666666666666666,0.3333333333333333,0.6666666666666666,0.6666666666666666,0.6666666666666666,0.6666666666666666,0.6666666666666666,3,7,1,0,0,5,28,7,0.2727272727272727,0.6833333333333333,0.3333333333333333,0.1111111111111111,0.3333333333333333,0.5,0.6666666666666666,0.6666666666666666,0.7111111111111111,0.5,0.7333333333333333,0.6666666666666666,0.2727272727272727,0.6833333333333333,0.25925925925925924,0.6349206349206349,0.39911308203991125,0.4083333333333333,1,1,0,0,1,0,0,1,1,4
2021,Nicaragua,NI,North America,EFUR5,https://www.fatf-gafi.org/en/publications/Mutualevaluations/Fur-nicaragua-2021.html,2021-01-01,GAFILAT,1,ME,ME,LE,ME,LE,ME,ME,SE,ME,ME,LE,PC,LC,LC,LC,LC,LC,LC,LC,LC,C,C,C,C,LC,NC,LC,LC,LC,LC,LC,LC,LC,LC,PC,LC,LC,LC,C,C,C,LC,LC,LC,LC,LC,LC,LC,LC,LC,LC,0.3333333333333333,0.3333333333333333,0.0,0.3333333333333333,0.0,0.3333333333333333,0.3333333333333333,0.6666666666666666,0.3333333333333333,0.3333333333333333,0.0,0.3333333333333333,0.6666666666666666,0.6666666666666666,0.6666666666666666,0.6666666666666666,0.6666666666666666,0.6666666666666666,0.6666666666666666,0.6666666666666666,1.0,1.0,1.0,1.0,0.6666666666666666,0.0,0.6666666666666666,0.6666666666666666,0.6666666666666666,0.6666666666666666,0.6666666666666666,0.6666666666666666,0.6666666666666666,0.6666666666666666,0.3333333333333333,0.6666666666666666,0.6666666666666666,0.6666666666666666,1.0,1.0,1.0,0.6666666666666666,0.6666666666666666,0.6666666666666666,0.6666666666666666,0.6666666666666666,0.6666666666666666,0.6666666666666666,0.6666666666666666,0.6666666666666666,0.6666666666666666,3,7,1,0,1,2,30,7,0.2727272727272727,0.6916666666666667,0.3333333333333333,0.1111111111111111,0.3333333333333333,0.5,0.6666666666666666,0.6666666666666666,0.7111111111111111,0.5,0.7666666666666666,0.6666666666666666,0.2727272727272727,0.6916666666666667,0.25925925925925924,0.6396825396825396,0.3943044906900328,0.4052936311000827,1,1,0,0,1,0,0,1,1,5
2021,Niger,NE,Africa,MER,https://www.fatf-gafi.org/en/publications/Mutualevaluations/Mer-niger-2021.html,2021-08-01,GIABA,1,ME,LE,LE,LE,LE,LE,LE,LE,LE,LE,LE,LC,C,C,LC,C,LC,LC,NC,C,PC,LC,PC,LC,PC,NC,PC,LC,LC,NC,PC,C,PC,PC,PC,PC,PC,C,PC,LC,C,C,LC,LC,C,LC,C,LC,LC,LC,LC,0.3333333333333333,0.0,0.0,0.0,0.0,0.0,0.0,0.0,0.0,0.0,0.0,0.6666666666666666,1.0,1.0,0.6666666666666666,1.0,0.6666666666666666,0.6666666666666666,0.0,1.0,0.3333333333333333,0.6666666666666666,0.3333333333333333,0.6666666666666666,0.3333333333333333,0.0,0.3333333333333333,0.6666666666666666,0.6666666666666666,0.0,0.3333333333333333,1.0,0.3333333333333333,0.3333333333333333,0.3333333333333333,0.3333333333333333,0.3333333333333333,1.0,0.3333333333333333,0.6666666666666666,1.0,1.0,0.6666666666666666,0.6666666666666666,1.0,0.6666666666666666,1.0,0.6666666666666666,0.6666666666666666,0.6666666666666666,0.6666666666666666,10,1,0,0,3,11,16,10,0.0303030303030303,0.6083333333333333,0.16666666666666666,0.0,0.0,0.8333333333333333,0.8333333333333333,0.5833333333333333,0.4666666666666667,0.3333333333333333,0.7333333333333333,0.7333333333333333,0.0303030303030303,0.6083333333333333,0.05555555555555555,0.6452380952380952,0.049813200498132,0.08610086100861009,0,0,1,1,1,1,1,1,1,0
2021,Nigeria,NG,Africa,MER,https://www.fatf-gafi.org/en/publications/Mutualevaluations/Mer-nigeria-2021.html,2021-08-01,GIABA,1,LE,LE,ME,LE,LE,ME,LE,LE,LE,LE,LE,PC,PC,PC,C,LC,PC,NC,NC,C,LC,PC,PC,C,C,PC,LC,LC,LC,PC,PC,LC,PC,PC,PC,PC,LC,LC,PC,C,C,C,PC,PC,PC,LC,LC,LC,LC,LC,LC,0.0,0.0,0.3333333333333333,0.0,0.0,0.3333333333333333,0.0,0.0,0.0,0.0,0.0,0.3333333333333333,0.3333333333333333,0.3333333333333333,1.0,0.6666666666666666,0.3333333333333333,0.0,0.0,1.0,0.6666666666666666,0.3333333333333333,0.3333333333333333,1.0,1.0,0.3333333333333333,0.6666666666666666,0.6666666666666666,0.6666666666666666,0.3333333333333333,0.3333333333333333,0.6666666666666666,0.3333333333333333,0.3333333333333333,0.3333333333333333,0.3333333333333333,0.6666666666666666,0.6666666666666666,0.3333333333333333,1.0,1.0,1.0,0.3333333333333333,0.3333333333333333,0.3333333333333333,0.6666666666666666,0.6666666666666666,0.6666666666666666,0.6666666666666666,0.6666666666666666,0.6666666666666666,9,2,0,0,2,17,14,7,0.0606060606060606,0.5499999999999999,0.0,0.1111111111111111,0.05555555555555555,0.3333333333333333,0.6666666666666666,0.25,0.5777777777777777,0.3333333333333333,0.6333333333333333,0.6666666666666666,0.0606060606060606,0.5499999999999999,0.05555555555555555,0.4944444444444444,0.11019283746556474,0.11235955056179775,0,0,1,1,1,1,1,1,1,0
2022,Nigeria,NG,Africa,EFUR1,https://www.fatf-gafi.org/en/publications/Mutualevaluations/FUR-Nigeria-2022.html,2022-11-01,GIABA,1,LE,LE,ME,LE,LE,ME,LE,LE,LE,LE,LE,PC,PC,C,C,LC,PC,LC,NC,C,LC,C,PC,C,C,PC,LC,LC,LC,LC,C,LC,PC,PC,PC,PC,LC,LC,PC,C,C,C,PC,PC,PC,LC,LC,LC,LC,LC,LC,0.0,0.0,0.3333333333333333,0.0,0.0,0.3333333333333333,0.0,0.0,0.0,0.0,0.0,0.3333333333333333,0.3333333333333333,1.0,1.0,0.6666666666666666,0.3333333333333333,0.6666666666666666,0.0,1.0,0.6666666666666666,1.0,0.3333333333333333,1.0,1.0,0.3333333333333333,0.6666666666666666,0.6666666666666666,0.6666666666666666,0.6666666666666666,1.0,0.6666666666666666,0.3333333333333333,0.3333333333333333,0.3333333333333333,0.3333333333333333,0.6666666666666666,0.6666666666666666,0.3333333333333333,1.0,1.0,1.0,0.3333333333333333,0.3333333333333333,0.3333333333333333,0.6666666666666666,0.6666666666666666,0.6666666666666666,0.6666666666666666,0.6666666666666666,0.6666666666666666,9,2,0,0,1,13,16,10,0.0606060606060606,0.625,0.0,0.1111111111111111,0.05555555555555555,0.3333333333333333,1.0,0.41666666666666663,0.6888888888888889,0.3333333333333333,0.6333333333333333,0.6666666666666666,0.0606060606060606,0.625,0.05555555555555555,0.5817460317460317,0.09696969696969696,0.09549795361527968,1,1,1,0,1,1,1,1,1,1
2023,Nigeria,NG,Africa,EFUR2,https://www.fatf-gafi.org/content/fatf-gafi/en/publications/Mutualevaluations/Nigeria-FUR-2024.html,2023-11-01,GIABA,1,LE,LE,ME,LE,LE,ME,LE,LE,LE,LE,LE,LC,LC,C,C,LC,LC,LC,C,C,LC,C,PC,C,C,PC,LC,LC,LC,LC,C,LC,PC,PC,PC,PC,LC,LC,PC,C,C,C,PC,C,C,LC,LC,LC,LC,LC,LC,0.0,0.0,0.3333333333333333,0.0,0.0,0.3333333333333333,0.0,0.0,0.0,0.0,0.0,0.6666666666666666,0.6666666666666666,1.0,1.0,0.6666666666666666,0.6666666666666666,0.6666666666666666,1.0,1.0,0.6666666666666666,1.0,0.3333333333333333,1.0,1.0,0.3333333333333333,0.6666666666666666,0.6666666666666666,0.6666666666666666,0.6666666666666666,1.0,0.6666666666666666,0.3333333333333333,0.3333333333333333,0.3333333333333333,0.3333333333333333,0.6666666666666666,0.6666666666666666,0.3333333333333333,1.0,1.0,1.0,0.3333333333333333,1.0,1.0,0.6666666666666666,0.6666666666666666,0.6666666666666666,0.6666666666666666,0.6666666666666666,0.6666666666666666,9,2,0,0,0,8,19,13,0.0606060606060606,0.7083333333333333,0.0,0.1111111111111111,0.05555555555555555,0.6666666666666666,1.0,0.75,0.6888888888888889,0.3333333333333333,0.7666666666666666,0.6666666666666666,0.0606060606060606,0.7083333333333333,0.05555555555555555,0.696031746031746,0.0855614973262032,0.07981755986316989,1,1,1,0,1,1,1,1,1,2
2024,Nigeria,NG,Africa,EFUR3,https://www.fatf-gafi.org/content/fatf-gafi/en/publications/Mutualevaluations/fur-nigeria-2024.html,2024-11-01,GIABA,1,LE,LE,ME,LE,LE,ME,LE,LE,LE,LE,LE,LC,LC,C,C,LC,LC,LC,C,C,LC,C,PC,C,C,PC,LC,LC,LC,LC,C,LC,PC,PC,LC,LC,LC,LC,LC,C,C,C,LC,C,C,LC,LC,LC,LC,LC,LC,0.0,0.0,0.3333333333333333,0.0,0.0,0.3333333333333333,0.0,0.0,0.0,0.0,0.0,0.6666666666666666,0.6666666666666666,1.0,1.0,0.6666666666666666,0.6666666666666666,0.6666666666666666,1.0,1.0,0.6666666666666666,1.0,0.3333333333333333,1.0,1.0,0.3333333333333333,0.6666666666666666,0.6666666666666666,0.6666666666666666,0.6666666666666666,1.0,0.6666666666666666,0.3333333333333333,0.3333333333333333,0.6666666666666666,0.6666666666666666,0.6666666666666666,0.6666666666666666,0.6666666666666666,1.0,1.0,1.0,0.6666666666666666,1.0,1.0,0.6666666666666666,0.6666666666666666,0.6666666666666666,0.6666666666666666,0.6666666666666666,0.6666666666666666,9,2,0,0,0,4,23,13,0.0606060606060606,0.7416666666666667,0.0,0.1111111111111111,0.05555555555555555,0.6666666666666666,1.0,0.75,0.6888888888888889,0.6666666666666666,0.8333333333333333,0.6666666666666666,0.0606060606060606,0.7416666666666667,0.05555555555555555,0.7531746031746032,0.08171603677221653,0.0737618545837724,1,1,0,0,1,1,0,1,1,3
2023,North Macedonia,MK,Europe,MER,https://www.fatf-gafi.org/en/publications/Mutualevaluations/mer-north-macedonia-2023.html,2023-05-01,MONEYVAL,1,SE,ME,ME,ME,ME,ME,ME,ME,ME,ME,ME,LC,LC,LC,PC,PC,PC,PC,LC,LC,LC,LC,LC,LC,LC,PC,PC,LC,PC,C,C,C,LC,LC,PC,PC,PC,LC,PC,LC,C,C,LC,C,LC,PC,LC,LC,LC,LC,LC,0.6666666666666666,0.3333333333333333,0.3333333333333333,0.3333333333333333,0.3333333333333333,0.3333333333333333,0.3333333333333333,0.3333333333333333,0.3333333333333333,0.3333333333333333,0.3333333333333333,0.6666666666666666,0.6666666666666666,0.6666666666666666,0.3333333333333333,0.3333333333333333,0.3333333333333333,0.3333333333333333,0.6666666666666666,0.6666666666666666,0.6666666666666666,0.6666666666666666,0.6666666666666666,0.6666666666666666,0.6666666666666666,0.3333333333333333,0.3333333333333333,0.6666666666666666,0.3333333333333333,1.0,1.0,1.0,0.6666666666666666,0.6666666666666666,0.3333333333333333,0.3333333333333333,0.3333333333333333,0.6666666666666666,0.3333333333333333,0.6666666666666666,1.0,1.0,0.6666666666666666,1.0,0.6666666666666666,0.3333333333333333,0.6666666666666666,0.6666666666666666,0.6666666666666666,0.6666666666666666,0.6666666666666666,0,10,1,0,0,12,22,6,0.3636363636363636,0.6166666666666667,0.5,0.3333333333333333,0.3333333333333333,0.6666666666666666,0.5,0.41666666666666663,0.6666666666666666,0.3333333333333333,0.6666666666666666,0.6666666666666666,0.3636363636363636,0.6166666666666667,0.3888888888888889,0.5595238095238095,0.5896805896805896,0.6950354609929078,0,0,1,1,1,0,1,1,1,0
2014,Norway,NO,Europe,MER,https://www.fatf-gafi.org/en/publications/Mutualevaluations/Mer-norway-2014.html,2014-12-01,FATF,1,ME,SE,ME,ME,ME,ME,ME,ME,SE,ME,ME,PC,PC,C,LC,LC,PC,PC,LC,LC,PC,LC,PC,PC,LC,PC,PC,PC,PC,LC,C,LC,PC,LC,PC,PC,PC,LC,PC,LC,C,LC,C,PC,LC,PC,C,LC,LC,LC,LC,0.3333333333333333,0.6666666666666666,0.3333333333333333,0.3333333333333333,0.3333333333333333,0.3333333333333333,0.3333333333333333,0.3333333333333333,0.6666666666666666,0.3333333333333333,0.3333333333333333,0.3333333333333333,0.3333333333333333,1.0,0.6666666666666666,0.6666666666666666,0.3333333333333333,0.3333333333333333,0.6666666666666666,0.6666666666666666,0.3333333333333333,0.6666666666666666,0.3333333333333333,0.3333333333333333,0.6666666666666666,0.3333333333333333,0.3333333333333333,0.3333333333333333,0.3333333333333333,0.6666666666666666,1.0,0.6666666666666666,0.3333333333333333,0.6666666666666666,0.3333333333333333,0.3333333333333333,0.3333333333333333,0.6666666666666666,0.3333333333333333,0.6666666666666666,1.0,0.6666666666666666,1.0,0.3333333333333333,0.6666666666666666,0.3333333333333333,1.0,0.6666666666666666,0.6666666666666666,0.6666666666666666,0.6666666666666666,0,9,2,0,0,18,17,5,0.3939393939393939,0.5583333333333333,0.5,0.3333333333333333,0.38888888888888884,0.3333333333333333,0.8333333333333333,0.5,0.5111111111111111,0.3333333333333333,0.6,0.7333333333333333,0.3939393939393939,0.5583333333333333,0.4074074074074074,0.5492063492063491,0.705563093622795,0.741811175337187,0,0,1,1,1,0,1,1,1,0
2018,Norway,NO,Europe,EFUR3,https://www.fatf-gafi.org/en/publications/Mutualevaluations/Fur-norway-2018.html,2018-03-01,FATF,1,ME,SE,ME,ME,ME,ME,ME,ME,SE,ME,ME,LC,LC,C,C,C,PC,C,LC,LC,PC,LC,PC,PC,LC,LC,PC,PC,PC,LC,C,LC,PC,LC,PC,PC,LC,LC,LC,LC,C,LC,C,PC,LC,PC,C,LC,LC,LC,LC,0.3333333333333333,0.6666666666666666,0.3333333333333333,0.3333333333333333,0.3333333333333333,0.3333333333333333,0.3333333333333333,0.3333333333333333,0.6666666666666666,0.3333333333333333,0.3333333333333333,0.6666666666666666,0.6666666666666666,1.0,1.0,1.0,0.3333333333333333,1.0,0.6666666666666666,0.6666666666666666,0.3333333333333333,0.6666666666666666,0.3333333333333333,0.3333333333333333,0.6666666666666666,0.6666666666666666,0.3333333333333333,0.3333333333333333,0.3333333333333333,0.6666666666666666,1.0,0.6666666666666666,0.3333333333333333,0.6666666666666666,0.3333333333333333,0.3333333333333333,0.6666666666666666,0.6666666666666666,0.6666666666666666,0.6666666666666666,1.0,0.6666666666666666,1.0,0.3333333333333333,0.6666666666666666,0.3333333333333333,1.0,0.6666666666666666,0.6666666666666666,0.6666666666666666,0.6666666666666666,0,9,2,0,0,12,20,8,0.3939393939393939,0.6333333333333333,0.5,0.3333333333333333,0.38888888888888884,0.6666666666666666,1.0,0.75,0.5333333333333333,0.3333333333333333,0.6666666666666666,0.7333333333333333,0.3939393939393939,0.6333333333333333,0.4074074074074074,0.669047619047619,0.6220095693779905,0.608936338473705,1,1,1,1,1,0,1,1,1,3
2019,Norway,NO,Europe,EFUR4,https://www.fatf-gafi.org/en/publications/Mutualevaluations/Fur-norway-2019.html,2019-03-01,FATF,1,ME,SE,ME,ME,ME,ME,ME,ME,SE,ME,ME,LC,LC,C,C,C,PC,C,LC,C,LC,C,C,PC,C,C,PC,LC,LC,LC,C,C,LC,LC,PC,C,C,C,C,LC,C,LC,C,PC,LC,C,C,LC,LC,LC,LC,0.3333333333333333,0.6666666666666666,0.3333333333333333,0.3333333333333333,0.3333333333333333,0.3333333333333333,0.3333333333333333,0.3333333333333333,0.6666666666666666,0.3333333333333333,0.3333333333333333,0.6666666666666666,0.6666666666666666,1.0,1.0,1.0,0.3333333333333333,1.0,0.6666666666666666,1.0,0.6666666666666666,1.0,1.0,0.3333333333333333,1.0,1.0,0.3333333333333333,0.6666666666666666,0.6666666666666666,0.6666666666666666,1.0,1.0,0.6666666666666666,0.6666666666666666,0.3333333333333333,1.0,1.0,1.0,1.0,0.6666666666666666,1.0,0.6666666666666666,1.0,0.3333333333333333,0.6666666666666666,1.0,1.0,0.6666666666666666,0.6666666666666666,0.6666666666666666,0.6666666666666666,0,9,2,0,0,5,16,19,0.3939393939393939,0.7833333333333333,0.5,0.3333333333333333,0.38888888888888884,0.6666666666666666,1.0,0.75,0.7777777777777778,0.6666666666666666,0.8333333333333334,0.7333333333333333,0.3939393939393939,0.7833333333333333,0.4074074074074074,0.7753968253968254,0.5029013539651838,0.5254179460934834,1,1,0,0,1,0,0,1,1,4
2019,Norway,NO,Europe,FUAR,https://www.fatf-gafi.org/en/publications/Mutualevaluations/Fuar-norway-2019.html,2019-12-01,FATF,1,SE,SE,ME,ME,ME,SE,ME,ME,SE,ME,SE,LC,LC,C,C,C,PC,C,LC,C,LC,C,C,PC,C,C,PC,LC,LC,LC,C,C,LC,LC,PC,C,C,C,C,LC,C,LC,C,PC,LC,C,C,LC,LC,LC,LC,0.6666666666666666,0.6666666666666666,0.3333333333333333,0.3333333333333333,0.3333333333333333,0.6666666666666666,0.3333333333333333,0.3333333333333333,0.6666666666666666,0.3333333333333333,0.6666666666666666,0.6666666666666666,0.6666666666666666,1.0,1.0,1.0,0.3333333333333333,1.0,0.6666666666666666,1.0,0.6666666666666666,1.0,1.0,0.3333333333333333,1.0,1.0,0.3333333333333333,0.6666666666666666,0.6666666666666666,0.6666666666666666,1.0,1.0,0.6666666666666666,0.6666666666666666,0.3333333333333333,1.0,1.0,1.0,1.0,0.6666666666666666,1.0,0.6666666666666666,1.0,0.3333333333333333,0.6666666666666666,1.0,1.0,0.6666666666666666,0.6666666666666666,0.6666666666666666,0.6666666666666666,0,6,5,0,0,5,16,19,0.4848484848484848,0.7833333333333333,0.6666666666666666,0.3333333333333333,0.5,0.6666666666666666,1.0,0.75,0.7777777777777778,0.6666666666666666,0.8333333333333334,0.7333333333333333,0.4848484848484848,0.7833333333333333,0.5,0.7753968253968254,0.6189555125725338,0.6448311156601843,1,0,0,0,0,0,0,0,0,5
2023,Norway,NO,Europe,RFUR5,https://www.fatf-gafi.org/en/publications/Mutualevaluations/FUR-Norway-2023.html,2023-02-01,FATF,1,SE,SE,ME,ME,ME,SE,ME,ME,SE,ME,SE,LC,LC,C,C,C,LC,C,LC,C,LC,C,C,PC,C,LC,C,LC,LC,LC,C,C,LC,LC,PC,C,C,C,C,LC,C,LC,C,PC,LC,C,C,LC,LC,LC,LC,0.6666666666666666,0.6666666666666666,0.3333333333333333,0.3333333333333333,0.3333333333333333,0.6666666666666666,0.3333333333333333,0.3333333333333333,0.6666666666666666,0.3333333333333333,0.6666666666666666,0.6666666666666666,0.6666666666666666,1.0,1.0,1.0,0.6666666666666666,1.0,0.6666666666666666,1.0,0.6666666666666666,1.0,1.0,0.3333333333333333,1.0,0.6666666666666666,1.0,0.6666666666666666,0.6666666666666666,0.6666666666666666,1.0,1.0,0.6666666666666666,0.6666666666666666,0.3333333333333333,1.0,1.0,1.0,1.0,0.6666666666666666,1.0,0.6666666666666666,1.0,0.3333333333333333,0.6666666666666666,1.0,1.0,0.6666666666666666,0.6666666666666666,0.6666666666666666,0.6666666666666666,0,6,5,0,0,3,18,19,0.4848484848484848,0.7999999999999999,0.6666666666666666,0.3333333333333333,0.5,0.6666666666666666,1.0,0.8333333333333333,0.7999999999999999,0.6666666666666666,0.8333333333333334,0.7333333333333333,0.4848484848484848,0.7999999999999999,0.5,0.7904761904761904,0.6060606060606061,0.6325301204819277,1,0,0,0,0,0,0,0,0,5
2024,Oman,OM,Asia,MER,https://www.fatf-gafi.org/content/fatf-gafi/en/publications/Mutualevaluations/MER-Oman-2024.html,2024-12-01,FATF/MENAFATF,1,ME,SE,ME,ME,ME,SE,ME,ME,SE,ME,SE,LC,LC,LC,C,C,LC,LC,PC,C,C,C,C,C,C,LC,C,C,LC,C,LC,C,C,C,LC,LC,LC,C,C,C,C,LC,C,C,C,C,LC,LC,C,LC,LC,0.3333333333333333,0.6666666666666666,0.3333333333333333,0.3333333333333333,0.3333333333333333,0.6666666666666666,0.3333333333333333,0.3333333333333333,0.6666666666666666,0.3333333333333333,0.6666666666666666,0.6666666666666666,0.6666666666666666,0.6666666666666666,1.0,1.0,0.6666666666666666,0.6666666666666666,0.3333333333333333,1.0,1.0,1.0,1.0,1.0,1.0,0.6666666666666666,1.0,1.0,0.6666666666666666,1.0,0.6666666666666666,1.0,1.0,1.0,0.6666666666666666,0.6666666666666666,0.6666666666666666,1.0,1.0,1.0,1.0,0.6666666666666666,1.0,1.0,1.0,1.0,0.6666666666666666,0.6666666666666666,1.0,0.6666666666666666,0.6666666666666666,0,7,4,0,0,1,16,23,0.45454545454545453,0.85,0.5,0.3333333333333333,0.5,0.6666666666666666,0.8333333333333333,0.6666666666666666,0.9333333333333333,0.6666666666666666,0.9333333333333333,0.7333333333333333,0.45454545454545453,0.85,0.4444444444444444,0.7761904761904762,0.5347593582887701,0.5725971370143149,0,0,0,0,1,0,0,1,1,0
2019,Pakistan,PK,Asia,MER,https://www.fatf-gafi.org/en/publications/Mutualevaluations/Mer-pakistan-2019.html,2019-10-01,APG,1,LE,ME,LE,LE,LE,LE,LE,LE,LE,LE,LE,PC,LC,LC,LC,LC,PC,PC,PC,C,PC,LC,PC,LC,PC,PC,LC,PC,PC,PC,PC,PC,NC,PC,PC,NC,PC,PC,NC,PC,PC,PC,PC,PC,PC,PC,LC,PC,NC,LC,PC,0.0,0.3333333333333333,0.0,0.0,0.0,0.0,0.0,0.0,0.0,0.0,0.0,0.3333333333333333,0.6666666666666666,0.6666666666666666,0.6666666666666666,0.6666666666666666,0.3333333333333333,0.3333333333333333,0.3333333333333333,1.0,0.3333333333333333,0.6666666666666666,0.3333333333333333,0.6666666666666666,0.3333333333333333,0.3333333333333333,0.6666666666666666,0.3333333333333333,0.3333333333333333,0.3333333333333333,0.3333333333333333,0.3333333333333333,0.0,0.3333333333333333,0.3333333333333333,0.0,0.3333333333333333,0.3333333333333333,0.0,0.3333333333333333,0.3333333333333333,0.3333333333333333,0.3333333333333333,0.3333333333333333,0.3333333333333333,0.3333333333333333,0.6666666666666666,0.3333333333333333,0.0,0.6666666666666666,0.3333333333333333,10,1,0,0,4,26,9,1,0.0303030303030303,0.39166666666666666,0.16666666666666666,0.0,0.0,0.5,0.6666666666666666,0.41666666666666663,0.4222222222222222,0.16666666666666666,0.3,0.39999999999999997,0.0303030303030303,0.39166666666666666,0.05555555555555555,0.4103174603174603,0.07736943907156672,0.13539651837524178,0,0,1,1,1,1,1,1,1,0
2020,Pakistan,PK,Asia,EFUR1,https://www.fatf-gafi.org/en/publications/Mutualevaluations/Fur-pakistan-2020.html,2020-09-01,APG,1,LE,ME,LE,LE,LE,LE,LE,LE,LE,LE,LE,PC,LC,LC,LC,LC,PC,PC,PC,C,PC,LC,PC,LC,PC,PC,LC,PC,PC,PC,PC,PC,NC,PC,PC,NC,PC,PC,NC,C,PC,PC,PC,PC,PC,PC,LC,PC,NC,LC,PC,0.0,0.3333333333333333,0.0,0.0,0.0,0.0,0.0,0.0,0.0,0.0,0.0,0.3333333333333333,0.6666666666666666,0.6666666666666666,0.6666666666666666,0.6666666666666666,0.3333333333333333,0.3333333333333333,0.3333333333333333,1.0,0.3333333333333333,0.6666666666666666,0.3333333333333333,0.6666666666666666,0.3333333333333333,0.3333333333333333,0.6666666666666666,0.3333333333333333,0.3333333333333333,0.3333333333333333,0.3333333333333333,0.3333333333333333,0.0,0.3333333333333333,0.3333333333333333,0.0,0.3333333333333333,0.3333333333333333,0.0,1.0,0.3333333333333333,0.3333333333333333,0.3333333333333333,0.3333333333333333,0.3333333333333333,0.3333333333333333,0.6666666666666666,0.3333333333333333,0.0,0.6666666666666666,0.3333333333333333,10,1,0,0,4,25,9,2,0.0303030303030303,0.4083333333333333,0.16666666666666666,0.0,0.0,0.5,0.6666666666666666,0.41666666666666663,0.4222222222222222,0.16666666666666666,0.36666666666666664,0.39999999999999997,0.0303030303030303,0.4083333333333333,0.05555555555555555,0.4198412698412698,0.07421150278293134,0.13232514177693763,1,1,1,1,1,1,1,1,1,1
2021,Pakistan,PK,Asia,EFUR2,https://www.fatf-gafi.org/en/publications/Mutualevaluations/Fur-pakistan-2021.html,2021-05-01,APG,1,LE,ME,LE,LE,LE,LE,LE,LE,LE,LE,LE,LC,LC,LC,LC,LC,LC,LC,LC,C,PC,LC,LC,LC,C,PC,LC,LC,PC,C,C,C,LC,LC,LC,LC,PC,C,PC,C,LC,LC,LC,PC,PC,LC,LC,NC,NC,LC,LC,0.0,0.3333333333333333,0.0,0.0,0.0,0.0,0.0,0.0,0.0,0.0,0.0,0.6666666666666666,0.6666666666666666,0.6666666666666666,0.6666666666666666,0.6666666666666666,0.6666666666666666,0.6666666666666666,0.6666666666666666,1.0,0.3333333333333333,0.6666666666666666,0.6666666666666666,0.6666666666666666,1.0,0.3333333333333333,0.6666666666666666,0.6666666666666666,0.3333333333333333,1.0,1.0,1.0,0.6666666666666666,0.6666666666666666,0.6666666666666666,0.6666666666666666,0.3333333333333333,1.0,0.3333333333333333,1.0,0.6666666666666666,0.6666666666666666,0.6666666666666666,0.3333333333333333,0.3333333333333333,0.6666666666666666,0.6666666666666666,0.0,0.0,0.6666666666666666,0.6666666666666666,10,1,0,0,2,7,24,7,0.0303030303030303,0.6333333333333333,0.16666666666666666,0.0,0.0,0.6666666666666666,0.6666666666666666,0.6666666666666666,0.7111111111111111,0.6666666666666666,0.6,0.39999999999999997,0.0303030303030303,0.6333333333333333,0.05555555555555555,0.6253968253968254,0.04784688995215311,0.08883248730964466,1,1,1,1,1,1,1,1,1,2
2021,Pakistan,PK,Asia,EFUR3,https://www.fatf-gafi.org/en/publications/Mutualevaluations/Fur3-pakistan-2021.html,2021-07-01,APG,1,LE,ME,LE,LE,LE,LE,LE,LE,LE,LE,LE,LC,LC,LC,LC,LC,LC,LC,LC,C,C,LC,LC,LC,C,PC,LC,LC,LC,C,C,C,LC,LC,LC,LC,LC,C,PC,C,LC,LC,LC,PC,LC,LC,LC,NC,NC,LC,LC,0.0,0.3333333333333333,0.0,0.0,0.0,0.0,0.0,0.0,0.0,0.0,0.0,0.6666666666666666,0.6666666666666666,0.6666666666666666,0.6666666666666666,0.6666666666666666,0.6666666666666666,0.6666666666666666,0.6666666666666666,1.0,1.0,0.6666666666666666,0.6666666666666666,0.6666666666666666,1.0,0.3333333333333333,0.6666666666666666,0.6666666666666666,0.6666666666666666,1.0,1.0,1.0,0.6666666666666666,0.6666666666666666,0.6666666666666666,0.6666666666666666,0.6666666666666666,1.0,0.3333333333333333,1.0,0.6666666666666666,0.6666666666666666,0.6666666666666666,0.3333333333333333,0.6666666666666666,0.6666666666666666,0.6666666666666666,0.0,0.0,0.6666666666666666,0.6666666666666666,10,1,0,0,2,3,27,8,0.0303030303030303,0.6749999999999999,0.16666666666666666,0.0,0.0,0.6666666666666666,0.6666666666666666,0.6666666666666666,0.7777777777777778,0.6666666666666666,0.6666666666666666,0.39999999999999997,0.0303030303030303,0.6749999999999999,0.05555555555555555,0.6444444444444444,0.044893378226711564,0.08620689655172414,1,1,0,0,1,1,0,1,1,3
2022,Pakistan,PK,Asia,EFUR4,https://www.fatf-gafi.org/en/publications/Mutualevaluations/Fur-pakistan-2022.html,2022-07-01,APG,1,LE,ME,LE,LE,LE,LE,LE,LE,LE,LE,LE,LC,LC,LC,LC,LC,LC,LC,LC,C,C,LC,LC,LC,C,PC,LC,LC,LC,C,C,C,LC,LC,LC,LC,LC,C,LC,C,LC,LC,LC,C,LC,LC,LC,LC,PC,LC,LC,0.0,0.3333333333333333,0.0,0.0,0.0,0.0,0.0,0.0,0.0,0.0,0.0,0.6666666666666666,0.6666666666666666,0.6666666666666666,0.6666666666666666,0.6666666666666666,0.6666666666666666,0.6666666666666666,0.6666666666666666,1.0,1.0,0.6666666666666666,0.6666666666666666,0.6666666666666666,1.0,0.3333333333333333,0.6666666666666666,0.6666666666666666,0.6666666666666666,1.0,1.0,1.0,0.6666666666666666,0.6666666666666666,0.6666666666666666,0.6666666666666666,0.6666666666666666,1.0,0.6666666666666666,1.0,0.6666666666666666,0.6666666666666666,0.6666666666666666,1.0,0.6666666666666666,0.6666666666666666,0.6666666666666666,0.6666666666666666,0.3333333333333333,0.6666666666666666,0.6666666666666666,10,1,0,0,0,2,29,9,0.0303030303030303,0.725,0.16666666666666666,0.0,0.0,0.6666666666666666,0.6666666666666666,0.6666666666666666,0.7777777777777778,0.6666666666666666,0.7666666666666666,0.6,0.0303030303030303,0.725,0.05555555555555555,0.6873015873015873,0.04179728317659352,0.08083140877598152,1,1,0,0,1,1,0,1,1,4
2018,Palau,PW,Oceania,MER,https://www.fatf-gafi.org/en/publications/Mutualevaluations/Mer-palau-2018.html,2018-09-01,APG,1,ME,SE,ME,ME,LE,ME,ME,ME,LE,ME,LE,PC,LC,LC,LC,LC,LC,NC,NC,C,PC,C,PC,PC,NC,PC,PC,PC,C,PC,LC,C,NC,PC,NC,PC,PC,C,NC,LC,LC,LC,LC,LC,PC,PC,NC,LC,LC,LC,LC,0.3333333333333333,0.6666666666666666,0.3333333333333333,0.3333333333333333,0.0,0.3333333333333333,0.3333333333333333,0.3333333333333333,0.0,0.3333333333333333,0.0,0.3333333333333333,0.6666666666666666,0.6666666666666666,0.6666666666666666,0.6666666666666666,0.6666666666666666,0.0,0.0,1.0,0.3333333333333333,1.0,0.3333333333333333,0.3333333333333333,0.0,0.3333333333333333,0.3333333333333333,0.3333333333333333,1.0,0.3333333333333333,0.6666666666666666,1.0,0.0,0.3333333333333333,0.0,0.3333333333333333,0.3333333333333333,1.0,0.0,0.6666666666666666,0.6666666666666666,0.6666666666666666,0.6666666666666666,0.6666666666666666,0.3333333333333333,0.3333333333333333,0.0,0.6666666666666666,0.6666666666666666,0.6666666666666666,0.6666666666666666,3,7,1,0,7,13,15,5,0.2727272727272727,0.48333333333333334,0.5,0.2222222222222222,0.2222222222222222,0.5,0.6666666666666666,0.3333333333333333,0.4888888888888889,0.16666666666666666,0.5333333333333333,0.5333333333333333,0.2727272727272727,0.48333333333333334,0.3148148148148148,0.4603174603174603,0.5642633228840125,0.6839080459770116,0,0,1,1,1,0,1,1,1,0
2023,Palau,PW,Oceania,EFUR5,https://www.fatf-gafi.org/content/fatf-gafi/en/publications/Mutualevaluations/Palau-FUR-2023.html,2023-06-01,APG,1,ME,SE,ME,ME,LE,ME,ME,ME,LE,ME,LE,PC,LC,LC,LC,LC,LC,NC,NC,C,PC,C,PC,PC,NC,NC,PC,PC,C,PC,LC,C,LC,LC,NC,PC,PC,C,PC,LC,LC,LC,LC,LC,PC,PC,LC,LC,LC,LC,LC,0.3333333333333333,0.6666666666666666,0.3333333333333333,0.3333333333333333,0.0,0.3333333333333333,0.3333333333333333,0.3333333333333333,0.0,0.3333333333333333,0.0,0.3333333333333333,0.6666666666666666,0.6666666666666666,0.6666666666666666,0.6666666666666666,0.6666666666666666,0.0,0.0,1.0,0.3333333333333333,1.0,0.3333333333333333,0.3333333333333333,0.0,0.0,0.3333333333333333,0.3333333333333333,1.0,0.3333333333333333,0.6666666666666666,1.0,0.6666666666666666,0.6666666666666666,0.0,0.3333333333333333,0.3333333333333333,1.0,0.3333333333333333,0.6666666666666666,0.6666666666666666,0.6666666666666666,0.6666666666666666,0.6666666666666666,0.3333333333333333,0.3333333333333333,0.6666666666666666,0.6666666666666666,0.6666666666666666,0.6666666666666666,0.6666666666666666,3,7,1,0,5,12,18,5,0.2727272727272727,0.525,0.5,0.2222222222222222,0.2222222222222222,0.5,0.6666666666666666,0.3333333333333333,0.5333333333333333,0.16666666666666666,0.5666666666666667,0.6666666666666666,0.2727272727272727,0.525,0.3148148148148148,0.49047619047619045,0.5194805194805194,0.6418554476806905,1,1,1,1,1,0,1,1,1,5
2018,Panama,PA,North America,MER,https://www.fatf-gafi.org/en/publications/Mutualevaluations/Mer-panama-2018.html,2018-01-01,GAFILAT,1,LE,ME,ME,ME,LE,LE,ME,ME,ME,SE,SE,LC,LC,PC,C,LC,LC,LC,LC,C,LC,LC,C,C,PC,C,LC,LC,C,PC,PC,C,LC,LC,NC,PC,LC,LC,LC,C,PC,LC,LC,PC,C,LC,C,LC,LC,LC,LC,0.0,0.3333333333333333,0.3333333333333333,0.3333333333333333,0.0,0.0,0.3333333333333333,0.3333333333333333,0.3333333333333333,0.6666666666666666,0.6666666666666666,0.6666666666666666,0.6666666666666666,0.3333333333333333,1.0,0.6666666666666666,0.6666666666666666,0.6666666666666666,0.6666666666666666,1.0,0.6666666666666666,0.6666666666666666,1.0,1.0,0.3333333333333333,1.0,0.6666666666666666,0.6666666666666666,1.0,0.3333333333333333,0.3333333333333333,1.0,0.6666666666666666,0.6666666666666666,0.0,0.3333333333333333,0.6666666666666666,0.6666666666666666,0.6666666666666666,1.0,0.3333333333333333,0.6666666666666666,0.6666666666666666,0.3333333333333333,1.0,0.6666666666666666,1.0,0.6666666666666666,0.6666666666666666,0.6666666666666666,0.6666666666666666,3,6,2,0,1,7,22,10,0.30303030303030304,0.6749999999999999,0.16666666666666666,0.2222222222222222,0.38888888888888884,0.6666666666666666,0.6666666666666666,0.6666666666666666,0.7333333333333333,0.16666666666666666,0.6666666666666666,0.7333333333333333,0.30303030303030304,0.6749999999999999,0.25925925925925924,0.6142857142857142,0.44893378226711567,0.4220499569336779,0,0,1,1,1,0,1,1,1,0
2019,Panama,PA,North America,EFUR1,https://www.fatf-gafi.org/en/publications/Mutualevaluations/Fur-panama-2019.html,2019-01-01,GAFILAT,1,LE,ME,ME,ME,LE,LE,ME,ME,ME,SE,SE,LC,LC,PC,C,LC,LC,LC,LC,C,LC,LC,C,C,C,C,LC,LC,C,LC,PC,C,LC,LC,NC,PC,LC,LC,LC,C,PC,LC,C,C,C,LC,C,LC,LC,LC,LC,0.0,0.3333333333333333,0.3333333333333333,0.3333333333333333,0.0,0.0,0.3333333333333333,0.3333333333333333,0.3333333333333333,0.6666666666666666,0.6666666666666666,0.6666666666666666,0.6666666666666666,0.3333333333333333,1.0,0.6666666666666666,0.6666666666666666,0.6666666666666666,0.6666666666666666,1.0,0.6666666666666666,0.6666666666666666,1.0,1.0,1.0,1.0,0.6666666666666666,0.6666666666666666,1.0,0.6666666666666666,0.3333333333333333,1.0,0.6666666666666666,0.6666666666666666,0.0,0.3333333333333333,0.6666666666666666,0.6666666666666666,0.6666666666666666,1.0,0.3333333333333333,0.6666666666666666,1.0,1.0,1.0,0.6666666666666666,1.0,0.6666666666666666,0.6666666666666666,0.6666666666666666,0.6666666666666666,3,6,2,0,1,4,22,13,0.30303030303030304,0.725,0.16666666666666666,0.2222222222222222,0.38888888888888884,0.6666666666666666,0.6666666666666666,0.6666666666666666,0.7999999999999999,0.16666666666666666,0.7666666666666666,0.7333333333333333,0.30303030303030304,0.725,0.25925925925925924,0.638095238095238,0.41797283176593525,0.40630182421227196,1,1,0,1,1,0,1,1,1,1
2019,Panama,PA,North America,EFUR2,https://www.fatf-gafi.org/en/publications/Mutualevaluations/Fur-panama-aug-2019.html,2019-08-01,GAFILAT,1,LE,ME,ME,ME,LE,LE,ME,ME,ME,SE,SE,LC,LC,LC,C,LC,LC,LC,LC,C,LC,LC,C,C,C,C,LC,LC,C,LC,C,C,LC,LC,PC,PC,LC,LC,LC,C,C,LC,C,C,C,LC,C,LC,LC,LC,LC,0.0,0.3333333333333333,0.3333333333333333,0.3333333333333333,0.0,0.0,0.3333333333333333,0.3333333333333333,0.3333333333333333,0.6666666666666666,0.6666666666666666,0.6666666666666666,0.6666666666666666,0.6666666666666666,1.0,0.6666666666666666,0.6666666666666666,0.6666666666666666,0.6666666666666666,1.0,0.6666666666666666,0.6666666666666666,1.0,1.0,1.0,1.0,0.6666666666666666,0.6666666666666666,1.0,0.6666666666666666,1.0,1.0,0.6666666666666666,0.6666666666666666,0.3333333333333333,0.3333333333333333,0.6666666666666666,0.6666666666666666,0.6666666666666666,1.0,1.0,0.6666666666666666,1.0,1.0,1.0,0.6666666666666666,1.0,0.6666666666666666,0.6666666666666666,0.6666666666666666,0.6666666666666666,3,6,2,0,0,2,23,15,0.30303030303030304,0.775,0.16666666666666666,0.2222222222222222,0.38888888888888884,0.6666666666666666,0.8333333333333333,0.6666666666666666,0.8444444444444444,0.3333333333333333,0.8333333333333333,0.7333333333333333,0.30303030303030304,0.775,0.25925925925925924,0.7015873015873015,0.39100684261974583,0.3695324283559578,1,1,0,0,1,0,0,1,1,2
2024,Papua New Guinea,PG,Oceania,MER,https://www.fatf-gafi.org/content/fatf-gafi/en/publications/Mutualevaluations/Papua-New-Guinea-MER-APG-2024.html,2024-09-01,APG,1,ME,ME,ME,ME,LE,ME,LE,LE,LE,ME,LE,PC,LC,PC,LC,PC,LC,PC,PC,C,LC,C,PC,LC,PC,NC,PC,LC,LC,NC,PC,C,PC,PC,PC,PC,LC,LC,PC,C,PC,PC,PC,PC,LC,LC,PC,LC,LC,PC,PC,0.3333333333333333,0.3333333333333333,0.3333333333333333,0.3333333333333333,0.0,0.3333333333333333,0.0,0.0,0.0,0.3333333333333333,0.0,0.3333333333333333,0.6666666666666666,0.3333333333333333,0.6666666666666666,0.3333333333333333,0.6666666666666666,0.3333333333333333,0.3333333333333333,1.0,0.6666666666666666,1.0,0.3333333333333333,0.6666666666666666,0.3333333333333333,0.0,0.3333333333333333,0.6666666666666666,0.6666666666666666,0.0,0.3333333333333333,1.0,0.3333333333333333,0.3333333333333333,0.3333333333333333,0.3333333333333333,0.6666666666666666,0.6666666666666666,0.3333333333333333,1.0,0.3333333333333333,0.3333333333333333,0.3333333333333333,0.3333333333333333,0.6666666666666666,0.6666666666666666,0.3333333333333333,0.6666666666666666,0.6666666666666666,0.3333333333333333,0.3333333333333333,5,6,0,0,2,21,13,4,0.1818181818181818,0.49166666666666664,0.3333333333333333,0.2222222222222222,0.1111111111111111,0.5,0.5,0.41666666666666663,0.5111111111111111,0.3333333333333333,0.5333333333333333,0.4666666666666666,0.1818181818181818,0.49166666666666664,0.2222222222222222,0.4658730158730158,0.3697996918335901,0.4770017035775128,0,0,1,1,1,1,1,1,1,0
2022,Paraguay,PY,South America,MER,https://www.fatf-gafi.org/en/publications/Mutualevaluations/Mer-paraguay-2022.html,2022-09-01,GAFILAT,1,ME,SE,ME,ME,ME,ME,LE,ME,ME,ME,ME,LC,C,PC,C,LC,LC,LC,LC,C,LC,C,C,C,C,LC,LC,NA,LC,C,LC,C,PC,LC,LC,C,LC,C,LC,C,C,LC,LC,C,C,C,LC,LC,LC,C,LC,0.3333333333333333,0.6666666666666666,0.3333333333333333,0.3333333333333333,0.3333333333333333,0.3333333333333333,0.0,0.3333333333333333,0.3333333333333333,0.3333333333333333,0.3333333333333333,0.6666666666666666,1.0,0.3333333333333333,1.0,0.6666666666666666,0.6666666666666666,0.6666666666666666,0.6666666666666666,1.0,0.6666666666666666,1.0,1.0,1.0,1.0,0.6666666666666666,0.6666666666666666,0.7948717948717948,0.6666666666666666,1.0,0.6666666666666666,1.0,0.3333333333333333,0.6666666666666666,0.6666666666666666,1.0,0.6666666666666666,1.0,0.6666666666666666,1.0,1.0,0.6666666666666666,0.6666666666666666,1.0,1.0,1.0,0.6666666666666666,0.6666666666666666,0.6666666666666666,1.0,0.6666666666666666,1,9,1,0,0,2,20,17,0.3333333333333333,0.7948717948717948,0.5,0.3333333333333333,0.2777777777777778,0.8333333333333333,0.6666666666666666,0.6666666666666666,0.8085470085470086,0.8333333333333333,0.8666666666666667,0.7333333333333333,0.3333333333333333,0.7948717948717948,0.37037037037037035,0.7726495726495726,0.41935483870967744,0.4793510324483776,0,0,0,1,1,0,1,1,1,0
2019,Peru,PE,South America,MER,https://www.fatf-gafi.org/en/publications/Mutualevaluations/Mer-peru-2019.html,2019-02-01,GAFILAT,1,ME,SE,ME,ME,LE,SE,LE,ME,ME,SE,SE,LC,C,C,C,C,LC,LC,PC,LC,LC,LC,LC,C,C,C,LC,PC,C,PC,C,C,LC,LC,PC,PC,LC,C,LC,C,LC,LC,LC,C,LC,PC,C,LC,C,C,LC,0.3333333333333333,0.6666666666666666,0.3333333333333333,0.3333333333333333,0.0,0.6666666666666666,0.0,0.3333333333333333,0.3333333333333333,0.6666666666666666,0.6666666666666666,0.6666666666666666,1.0,1.0,1.0,1.0,0.6666666666666666,0.6666666666666666,0.3333333333333333,0.6666666666666666,0.6666666666666666,0.6666666666666666,0.6666666666666666,1.0,1.0,1.0,0.6666666666666666,0.3333333333333333,1.0,0.3333333333333333,1.0,1.0,0.6666666666666666,0.6666666666666666,0.3333333333333333,0.3333333333333333,0.6666666666666666,1.0,0.6666666666666666,1.0,0.6666666666666666,0.6666666666666666,0.6666666666666666,1.0,0.6666666666666666,0.3333333333333333,1.0,0.6666666666666666,1.0,1.0,0.6666666666666666,2,5,4,0,0,6,18,16,0.3939393939393939,0.75,0.5,0.2222222222222222,0.4444444444444444,0.8333333333333333,1.0,0.6666666666666666,0.7555555555555555,0.3333333333333333,0.7333333333333333,0.8666666666666667,0.3939393939393939,0.75,0.3888888888888889,0.7412698412698413,0.5252525252525252,0.5246252676659529,0,0,0,0,1,0,0,1,1,0
2020,Peru,PE,South America,EFUR1,https://www.fatf-gafi.org/en/publications/Mutualevaluations/Fur-peru-2020.html,2020-01-01,GAFILAT,1,ME,SE,ME,ME,LE,SE,LE,ME,ME,SE,SE,LC,C,C,C,C,LC,LC,PC,LC,LC,LC,LC,C,C,C,LC,PC,C,PC,C,C,LC,LC,LC,PC,LC,C,LC,C,LC,LC,LC,C,LC,PC,C,LC,C,C,LC,0.3333333333333333,0.6666666666666666,0.3333333333333333,0.3333333333333333,0.0,0.6666666666666666,0.0,0.3333333333333333,0.3333333333333333,0.6666666666666666,0.6666666666666666,0.6666666666666666,1.0,1.0,1.0,1.0,0.6666666666666666,0.6666666666666666,0.3333333333333333,0.6666666666666666,0.6666666666666666,0.6666666666666666,0.6666666666666666,1.0,1.0,1.0,0.6666666666666666,0.3333333333333333,1.0,0.3333333333333333,1.0,1.0,0.6666666666666666,0.6666666666666666,0.6666666666666666,0.3333333333333333,0.6666666666666666,1.0,0.6666666666666666,1.0,0.6666666666666666,0.6666666666666666,0.6666666666666666,1.0,0.6666666666666666,0.3333333333333333,1.0,0.6666666666666666,1.0,1.0,0.6666666666666666,2,5,4,0,0,5,19,16,0.3939393939393939,0.7583333333333333,0.5,0.2222222222222222,0.4444444444444444,0.8333333333333333,1.0,0.6666666666666666,0.7555555555555555,0.5,0.7333333333333333,0.8666666666666667,0.3939393939393939,0.7583333333333333,0.3888888888888889,0.765079365079365,0.5194805194805194,0.5082987551867221,1,1,0,0,1,0,0,1,1,1
2019,Philippines,PH,Asia,MER,https://www.fatf-gafi.org/en/publications/Mutualevaluations/Mer-philippines-2019.html,2019-10-01,APG,1,SE,ME,ME,ME,LE,ME,LE,LE,LE,LE,LE,LC,C,LC,PC,LC,PC,NC,LC,LC,LC,C,LC,C,LC,C,LC,C,LC,LC,PC,C,PC,PC,PC,PC,LC,LC,PC,PC,C,LC,PC,LC,LC,LC,LC,LC,C,PC,LC,0.6666666666666666,0.3333333333333333,0.3333333333333333,0.3333333333333333,0.0,0.3333333333333333,0.0,0.0,0.0,0.0,0.0,0.6666666666666666,1.0,0.6666666666666666,0.3333333333333333,0.6666666666666666,0.3333333333333333,0.0,0.6666666666666666,0.6666666666666666,0.6666666666666666,1.0,0.6666666666666666,1.0,0.6666666666666666,1.0,0.6666666666666666,1.0,0.6666666666666666,0.6666666666666666,0.3333333333333333,1.0,0.3333333333333333,0.3333333333333333,0.3333333333333333,0.3333333333333333,0.6666666666666666,0.6666666666666666,0.3333333333333333,0.3333333333333333,1.0,0.6666666666666666,0.3333333333333333,0.6666666666666666,0.6666666666666666,0.6666666666666666,0.6666666666666666,0.6666666666666666,1.0,0.3333333333333333,0.6666666666666666,6,4,1,0,1,11,20,8,0.1818181818181818,0.625,0.5,0.2222222222222222,0.05555555555555555,0.8333333333333333,0.5,0.41666666666666663,0.7111111111111111,0.3333333333333333,0.6,0.6666666666666666,0.1818181818181818,0.625,0.25925925925925924,0.5801587301587301,0.2909090909090909,0.44687642498860014,0,0,1,1,1,1,1,1,1,0
2020,Philippines,PH,Asia,EFUR1,https://www.fatf-gafi.org/en/publications/Mutualevaluations/Fur-philippines-2020.html,2020-08-01,APG,1,SE,ME,ME,ME,LE,ME,LE,LE,LE,LE,LE,LC,C,LC,PC,LC,PC,NC,LC,LC,LC,C,LC,C,LC,PC,LC,C,LC,LC,LC,C,PC,PC,PC,PC,LC,LC,PC,C,C,LC,PC,LC,LC,LC,LC,LC,C,PC,LC,0.6666666666666666,0.3333333333333333,0.3333333333333333,0.3333333333333333,0.0,0.3333333333333333,0.0,0.0,0.0,0.0,0.0,0.6666666666666666,1.0,0.6666666666666666,0.3333333333333333,0.6666666666666666,0.3333333333333333,0.0,0.6666666666666666,0.6666666666666666,0.6666666666666666,1.0,0.6666666666666666,1.0,0.6666666666666666,0.3333333333333333,0.6666666666666666,1.0,0.6666666666666666,0.6666666666666666,0.6666666666666666,1.0,0.3333333333333333,0.3333333333333333,0.3333333333333333,0.3333333333333333,0.6666666666666666,0.6666666666666666,0.3333333333333333,1.0,1.0,0.6666666666666666,0.3333333333333333,0.6666666666666666,0.6666666666666666,0.6666666666666666,0.6666666666666666,0.6666666666666666,1.0,0.3333333333333333,0.6666666666666666,6,4,1,0,1,10,21,8,0.1818181818181818,0.6333333333333333,0.5,0.2222222222222222,0.05555555555555555,0.8333333333333333,0.5,0.41666666666666663,0.6888888888888889,0.3333333333333333,0.6666666666666666,0.6666666666666666,0.1818181818181818,0.6333333333333333,0.25925925925925924,0.5865079365079364,0.28708133971291866,0.44203879115922423,1,1,1,0,1,1,1,1,1,1
2021,Philippines,PH,Asia,EFUR2,https://www.fatf-gafi.org/en/publications/Mutualevaluations/Fur-philippines-2021.html,2021-08-01,APG,1,SE,ME,ME,ME,LE,ME,LE,LE,LE,LE,LE,LC,C,LC,LC,LC,LC,LC,LC,LC,LC,C,LC,C,LC,PC,LC,C,LC,LC,LC,C,LC,LC,LC,PC,LC,LC,PC,C,C,LC,PC,LC,LC,LC,LC,LC,C,PC,LC,0.6666666666666666,0.3333333333333333,0.3333333333333333,0.3333333333333333,0.0,0.3333333333333333,0.0,0.0,0.0,0.0,0.0,0.6666666666666666,1.0,0.6666666666666666,0.6666666666666666,0.6666666666666666,0.6666666666666666,0.6666666666666666,0.6666666666666666,0.6666666666666666,0.6666666666666666,1.0,0.6666666666666666,1.0,0.6666666666666666,0.3333333333333333,0.6666666666666666,1.0,0.6666666666666666,0.6666666666666666,0.6666666666666666,1.0,0.6666666666666666,0.6666666666666666,0.6666666666666666,0.3333333333333333,0.6666666666666666,0.6666666666666666,0.3333333333333333,1.0,1.0,0.6666666666666666,0.3333333333333333,0.6666666666666666,0.6666666666666666,0.6666666666666666,0.6666666666666666,0.6666666666666666,1.0,0.3333333333333333,0.6666666666666666,6,4,1,0,0,5,27,8,0.1818181818181818,0.6916666666666667,0.5,0.2222222222222222,0.05555555555555555,0.8333333333333333,0.6666666666666666,0.6666666666666666,0.7333333333333333,0.5,0.6666666666666666,0.6666666666666666,0.1818181818181818,0.6916666666666667,0.25925925925925924,0.6761904761904761,0.26286966046002186,0.3834115805946792,1,1,0,0,1,1,0,1,1,2
2022,Philippines,PH,Asia,EFUR3,https://www.fatf-gafi.org/en/publications/Mutualevaluations/Fur-philippines-2022.html,2022-07-01,APG,1,SE,ME,ME,ME,LE,ME,LE,LE,LE,LE,LE,LC,C,LC,LC,LC,LC,LC,LC,LC,LC,C,LC,C,LC,PC,LC,C,LC,LC,LC,C,LC,LC,LC,PC,LC,LC,LC,C,C,LC,LC,LC,LC,LC,LC,LC,C,PC,LC,0.6666666666666666,0.3333333333333333,0.3333333333333333,0.3333333333333333,0.0,0.3333333333333333,0.0,0.0,0.0,0.0,0.0,0.6666666666666666,1.0,0.6666666666666666,0.6666666666666666,0.6666666666666666,0.6666666666666666,0.6666666666666666,0.6666666666666666,0.6666666666666666,0.6666666666666666,1.0,0.6666666666666666,1.0,0.6666666666666666,0.3333333333333333,0.6666666666666666,1.0,0.6666666666666666,0.6666666666666666,0.6666666666666666,1.0,0.6666666666666666,0.6666666666666666,0.6666666666666666,0.3333333333333333,0.6666666666666666,0.6666666666666666,0.6666666666666666,1.0,1.0,0.6666666666666666,0.6666666666666666,0.6666666666666666,0.6666666666666666,0.6666666666666666,0.6666666666666666,0.6666666666666666,1.0,0.3333333333333333,0.6666666666666666,6,4,1,0,0,3,29,8,0.1818181818181818,0.7083333333333333,0.5,0.2222222222222222,0.05555555555555555,0.8333333333333333,0.6666666666666666,0.6666666666666666,0.7333333333333333,0.5,0.7333333333333333,0.6666666666666666,0.1818181818181818,0.7083333333333333,0.25925925925925924,0.6857142857142857,0.2566844919786096,0.3780864197530864,1,1,0,0,1,1,0,1,1,3
2021,Poland,PL,Europe,MER,https://www.fatf-gafi.org/en/publications/Mutualevaluations/Mer-poland-2022.html,2021-12-01,MONEYVAL,1,ME,SE,ME,SE,SE,ME,ME,LE,ME,ME,ME,PC,LC,LC,LC,PC,LC,PC,PC,C,LC,LC,LC,PC,LC,PC,LC,PC,PC,PC,PC,LC,PC,LC,LC,LC,PC,LC,PC,C,LC,LC,PC,PC,PC,PC,LC,LC,LC,LC,LC,0.3333333333333333,0.6666666666666666,0.3333333333333333,0.6666666666666666,0.6666666666666666,0.3333333333333333,0.3333333333333333,0.0,0.3333333333333333,0.3333333333333333,0.3333333333333333,0.3333333333333333,0.6666666666666666,0.6666666666666666,0.6666666666666666,0.3333333333333333,0.6666666666666666,0.3333333333333333,0.3333333333333333,1.0,0.6666666666666666,0.6666666666666666,0.6666666666666666,0.3333333333333333,0.6666666666666666,0.3333333333333333,0.6666666666666666,0.3333333333333333,0.3333333333333333,0.3333333333333333,0.3333333333333333,0.6666666666666666,0.3333333333333333,0.6666666666666666,0.6666666666666666,0.6666666666666666,0.3333333333333333,0.6666666666666666,0.3333333333333333,1.0,0.6666666666666666,0.6666666666666666,0.3333333333333333,0.3333333333333333,0.3333333333333333,0.3333333333333333,0.6666666666666666,0.6666666666666666,0.6666666666666666,0.6666666666666666,0.6666666666666666,1,7,3,0,0,17,21,2,0.3939393939393939,0.5416666666666666,0.5,0.5555555555555556,0.2777777777777778,0.5,0.6666666666666666,0.41666666666666663,0.5333333333333333,0.6666666666666666,0.5,0.6666666666666666,0.3939393939393939,0.5416666666666666,0.4444444444444445,0.5642857142857143,0.7272727272727273,0.7876230661040788,0,0,1,1,1,0,1,1,1,0
2023,Poland,PL,Europe,EFUR1,https://www.fatf-gafi.org/content/fatf-gafi/en/publications/Mutualevaluations/Poland-MONEYVAL-FUR-2024.html,2023-12-01,MONEYVAL,1,ME,SE,ME,SE,SE,ME,ME,LE,ME,ME,ME,PC,LC,LC,LC,PC,LC,PC,PC,C,LC,LC,LC,PC,LC,PC,LC,PC,PC,PC,PC,LC,PC,LC,LC,LC,PC,LC,PC,C,LC,LC,PC,PC,LC,PC,LC,LC,LC,LC,LC,0.3333333333333333,0.6666666666666666,0.3333333333333333,0.6666666666666666,0.6666666666666666,0.3333333333333333,0.3333333333333333,0.0,0.3333333333333333,0.3333333333333333,0.3333333333333333,0.3333333333333333,0.6666666666666666,0.6666666666666666,0.6666666666666666,0.3333333333333333,0.6666666666666666,0.3333333333333333,0.3333333333333333,1.0,0.6666666666666666,0.6666666666666666,0.6666666666666666,0.3333333333333333,0.6666666666666666,0.3333333333333333,0.6666666666666666,0.3333333333333333,0.3333333333333333,0.3333333333333333,0.3333333333333333,0.6666666666666666,0.3333333333333333,0.6666666666666666,0.6666666666666666,0.6666666666666666,0.3333333333333333,0.6666666666666666,0.3333333333333333,1.0,0.6666666666666666,0.6666666666666666,0.3333333333333333,0.3333333333333333,0.6666666666666666,0.3333333333333333,0.6666666666666666,0.6666666666666666,0.6666666666666666,0.6666666666666666,0.6666666666666666,1,7,3,0,0,16,22,2,0.3939393939393939,0.5499999999999999,0.5,0.5555555555555556,0.2777777777777778,0.5,0.6666666666666666,0.41666666666666663,0.5333333333333333,0.6666666666666666,0.5333333333333333,0.6666666666666666,0.3939393939393939,0.5499999999999999,0.4444444444444445,0.569047619047619,0.7162534435261708,0.7810320781032078,1,1,1,1,1,0,1,1,1,1
2024,Poland,PL,Europe,EFUR2,https://www.fatf-gafi.org/content/fatf-gafi/en/publications/Mutualevaluations/Poland-FUR-MONEYVAL-2024.html,2024-10-01,MONEYVAL,1,ME,SE,ME,SE,SE,ME,ME,LE,ME,ME,ME,LC,LC,LC,LC,PC,LC,PC,PC,C,LC,LC,LC,PC,LC,PC,LC,PC,PC,PC,PC,LC,PC,LC,LC,LC,PC,LC,PC,C,LC,LC,PC,C,LC,PC,LC,LC,LC,LC,LC,0.3333333333333333,0.6666666666666666,0.3333333333333333,0.6666666666666666,0.6666666666666666,0.3333333333333333,0.3333333333333333,0.0,0.3333333333333333,0.3333333333333333,0.3333333333333333,0.6666666666666666,0.6666666666666666,0.6666666666666666,0.6666666666666666,0.3333333333333333,0.6666666666666666,0.3333333333333333,0.3333333333333333,1.0,0.6666666666666666,0.6666666666666666,0.6666666666666666,0.3333333333333333,0.6666666666666666,0.3333333333333333,0.6666666666666666,0.3333333333333333,0.3333333333333333,0.3333333333333333,0.3333333333333333,0.6666666666666666,0.3333333333333333,0.6666666666666666,0.6666666666666666,0.6666666666666666,0.3333333333333333,0.6666666666666666,0.3333333333333333,1.0,0.6666666666666666,0.6666666666666666,0.3333333333333333,1.0,0.6666666666666666,0.3333333333333333,0.6666666666666666,0.6666666666666666,0.6666666666666666,0.6666666666666666,0.6666666666666666,1,7,3,0,0,14,23,3,0.3939393939393939,0.575,0.5,0.5555555555555556,0.2777777777777778,0.6666666666666666,0.6666666666666666,0.41666666666666663,0.5333333333333333,0.6666666666666666,0.6,0.6666666666666666,0.3939393939393939,0.575,0.4444444444444445,0.6023809523809524,0.6851119894598156,0.7378129117259553,1,1,1,1,1,0,1,1,1,2
2017,Portugal,PT,Europe,MER,https://www.fatf-gafi.org/en/publications/Mutualevaluations/Mer-portugal-2017.html,2017-12-01,FATF,0,SE,SE,ME,ME,ME,ME,SE,ME,SE,SE,SE,LC,LC,LC,C,LC,C,C,PC,LC,LC,C,LC,PC,C,LC,PC,LC,LC,LC,LC,C,PC,LC,PC,PC,LC,C,LC,LC,C,C,LC,LC,LC,LC,C,LC,C,C,LC,0.6666666666666666,0.6666666666666666,0.3333333333333333,0.3333333333333333,0.3333333333333333,0.3333333333333333,0.6666666666666666,0.3333333333333333,0.6666666666666666,0.6666666666666666,0.6666666666666666,0.6666666666666666,0.6666666666666666,0.6666666666666666,1.0,0.6666666666666666,1.0,1.0,0.3333333333333333,0.6666666666666666,0.6666666666666666,1.0,0.6666666666666666,0.3333333333333333,1.0,0.6666666666666666,0.3333333333333333,0.6666666666666666,0.6666666666666666,0.6666666666666666,0.6666666666666666,1.0,0.3333333333333333,0.6666666666666666,0.3333333333333333,0.3333333333333333,0.6666666666666666,1.0,0.6666666666666666,0.6666666666666666,1.0,1.0,0.6666666666666666,0.6666666666666666,0.6666666666666666,0.6666666666666666,1.0,0.6666666666666666,1.0,1.0,0.6666666666666666,0,5,6,0,0,6,22,12,0.5151515151515151,0.7166666666666667,0.6666666666666666,0.3333333333333333,0.5555555555555556,0.6666666666666666,0.8333333333333333,0.75,0.6666666666666666,0.3333333333333333,0.7666666666666666,0.8666666666666667,0.5151515151515151,0.7166666666666667,0.5185185185185185,0.6976190476190476,0.7188160676532769,0.7432688661357604,0,0,0,0,0,0,0,0,0,0
2023,Qatar,QA,Asia,MER,https://www.fatf-gafi.org/en/publications/Mutualevaluations/MER-Qatar-2023.html,2023-05-01,FATF/MENAFATF,1,SE,ME,SE,ME,ME,ME,ME,SE,LE,SE,ME,LC,C,C,C,C,LC,LC,LC,C,C,C,C,C,C,LC,LC,C,C,C,C,C,C,C,LC,LC,C,C,C,C,C,C,C,C,C,C,C,C,C,C,C,0.6666666666666666,0.3333333333333333,0.6666666666666666,0.3333333333333333,0.3333333333333333,0.3333333333333333,0.3333333333333333,0.6666666666666666,0.0,0.6666666666666666,0.3333333333333333,0.6666666666666666,1.0,1.0,1.0,1.0,0.6666666666666666,0.6666666666666666,0.6666666666666666,1.0,1.0,1.0,1.0,1.0,1.0,0.6666666666666666,0.6666666666666666,1.0,1.0,1.0,1.0,1.0,1.0,1.0,0.6666666666666666,0.6666666666666666,1.0,1.0,1.0,1.0,1.0,1.0,1.0,1.0,1.0,1.0,1.0,1.0,1.0,1.0,1.0,1,6,4,0,0,0,8,32,0.4242424242424242,0.9333333333333333,0.5,0.4444444444444444,0.38888888888888884,0.8333333333333333,1.0,0.75,0.9555555555555556,0.6666666666666666,1.0,1.0,0.4242424242424242,0.9333333333333333,0.4444444444444444,0.8865079365079365,0.4545454545454545,0.5013428827215757,0,0,0,0,1,0,0,1,1,0
2024,Marshall Islands,MH,Oceania,MER,https://www.fatf-gafi.org/content/fatf-gafi/en/publications/Mutualevaluations/Marshall-Islands-MER-APG-2024.html,2024-11-01,APG,1,ME,ME,ME,ME,LE,ME,LE,LE,ME,ME,ME,LC,LC,LC,LC,LC,C,C,PC,C,C,C,C,C,LC,PC,C,C,C,LC,LC,C,C,LC,PC,C,LC,LC,LC,LC,LC,LC,PC,NC,LC,C,LC,LC,LC,LC,LC,0.3333333333333333,0.3333333333333333,0.3333333333333333,0.3333333333333333,0.0,0.3333333333333333,0.0,0.0,0.3333333333333333,0.3333333333333333,0.3333333333333333,0.6666666666666666,0.6666666666666666,0.6666666666666666,0.6666666666666666,0.6666666666666666,1.0,1.0,0.3333333333333333,1.0,1.0,1.0,1.0,1.0,0.6666666666666666,0.3333333333333333,1.0,1.0,1.0,0.6666666666666666,0.6666666666666666,1.0,1.0,0.6666666666666666,0.3333333333333333,1.0,0.6666666666666666,0.6666666666666666,0.6666666666666666,0.6666666666666666,0.6666666666666666,0.6666666666666666,0.3333333333333333,0.0,0.6666666666666666,1.0,0.6666666666666666,0.6666666666666666,0.6666666666666666,0.6666666666666666,0.6666666666666666,3,8,0,0,1,4,21,14,0.2424242424242424,0.7333333333333333,0.3333333333333333,0.2222222222222222,0.2222222222222222,0.6666666666666666,0.6666666666666666,0.75,0.8666666666666667,0.6666666666666666,0.6,0.6666666666666666,0.2424242424242424,0.7333333333333333,0.25925925925925924,0.6976190476190476,0.3305785123966942,0.3716344330678802,0,0,0,0,1,0,0,1,1,0
2023,Romania,RO,Europe,MER,https://www.fatf-gafi.org/en/publications/Mutualevaluations/MER-Romania-2023.html,2023-05-01,MONEYVAL,1,ME,SE,ME,ME,ME,ME,ME,ME,ME,ME,ME,LC,PC,C,C,C,PC,PC,PC,PC,LC,LC,PC,PC,PC,PC,LC,LC,LC,LC,LC,LC,PC,LC,PC,LC,LC,LC,PC,LC,C,C,PC,PC,LC,PC,C,LC,C,LC,LC,0.3333333333333333,0.6666666666666666,0.3333333333333333,0.3333333333333333,0.3333333333333333,0.3333333333333333,0.3333333333333333,0.3333333333333333,0.3333333333333333,0.3333333333333333,0.3333333333333333,0.6666666666666666,0.3333333333333333,1.0,1.0,1.0,0.3333333333333333,0.3333333333333333,0.3333333333333333,0.3333333333333333,0.6666666666666666,0.6666666666666666,0.3333333333333333,0.3333333333333333,0.3333333333333333,0.3333333333333333,0.6666666666666666,0.6666666666666666,0.6666666666666666,0.6666666666666666,0.6666666666666666,0.6666666666666666,0.3333333333333333,0.6666666666666666,0.3333333333333333,0.6666666666666666,0.6666666666666666,0.6666666666666666,0.3333333333333333,0.6666666666666666,1.0,1.0,0.3333333333333333,0.3333333333333333,0.6666666666666666,0.3333333333333333,1.0,0.6666666666666666,1.0,0.6666666666666666,0.6666666666666666,0,10,1,0,0,15,18,7,0.3636363636363636,0.6,0.5,0.3333333333333333,0.3333333333333333,0.5,1.0,0.5,0.5333333333333333,0.5,0.6,0.7999999999999999,0.3636363636363636,0.6,0.3888888888888889,0.6333333333333333,0.606060606060606,0.6140350877192983,0,0,1,0,1,0,1,1,1,0
2019,Russia,RU,Europe,MER,https://www.fatf-gafi.org/en/publications/Mutualevaluations/Mer-russian-federation-2019.html,2019-12-01,FATF/EAG/MONEYVAL,0,SE,SE,ME,ME,SE,HE,ME,SE,HE,ME,ME,LC,C,LC,LC,LC,PC,PC,LC,C,LC,LC,PC,LC,LC,C,PC,LC,LC,LC,C,LC,LC,LC,LC,PC,LC,LC,LC,C,LC,C,LC,C,LC,LC,LC,LC,LC,LC,LC,0.6666666666666666,0.6666666666666666,0.3333333333333333,0.3333333333333333,0.6666666666666666,1.0,0.3333333333333333,0.6666666666666666,1.0,0.3333333333333333,0.3333333333333333,0.6666666666666666,1.0,0.6666666666666666,0.6666666666666666,0.6666666666666666,0.3333333333333333,0.3333333333333333,0.6666666666666666,1.0,0.6666666666666666,0.6666666666666666,0.3333333333333333,0.6666666666666666,0.6666666666666666,1.0,0.3333333333333333,0.6666666666666666,0.6666666666666666,0.6666666666666666,1.0,0.6666666666666666,0.6666666666666666,0.6666666666666666,0.6666666666666666,0.3333333333333333,0.6666666666666666,0.6666666666666666,0.6666666666666666,1.0,0.6666666666666666,1.0,0.6666666666666666,1.0,0.6666666666666666,0.6666666666666666,0.6666666666666666,0.6666666666666666,0.6666666666666666,0.6666666666666666,0.6666666666666666,0,5,4,2,0,5,28,7,0.5757575757575757,0.6833333333333333,0.6666666666666666,0.4444444444444444,0.611111111111111,0.8333333333333333,0.6666666666666666,0.5,0.6888888888888889,0.5,0.7666666666666666,0.6666666666666666,0.5757575757575757,0.6833333333333333,0.5740740740740741,0.6603174603174603,0.8425720620842571,0.8693910256410257,0,0,0,0,0,0,0,0,0,0
2023,Russia,RU,Europe,RFUR1,https://www.fatf-gafi.org/content/fatf-gafi/en/publications/Mutualevaluations/Russia-FUR-2024.html,2023-12-01,EAG,0,SE,SE,ME,ME,SE,HE,ME,SE,HE,ME,ME,LC,C,LC,LC,LC,LC,LC,LC,C,LC,LC,PC,LC,LC,PC,PC,LC,LC,LC,C,LC,LC,LC,LC,LC,LC,LC,LC,C,LC,C,LC,C,LC,LC,LC,LC,LC,LC,LC,0.6666666666666666,0.6666666666666666,0.3333333333333333,0.3333333333333333,0.6666666666666666,1.0,0.3333333333333333,0.6666666666666666,1.0,0.3333333333333333,0.3333333333333333,0.6666666666666666,1.0,0.6666666666666666,0.6666666666666666,0.6666666666666666,0.6666666666666666,0.6666666666666666,0.6666666666666666,1.0,0.6666666666666666,0.6666666666666666,0.3333333333333333,0.6666666666666666,0.6666666666666666,0.3333333333333333,0.3333333333333333,0.6666666666666666,0.6666666666666666,0.6666666666666666,1.0,0.6666666666666666,0.6666666666666666,0.6666666666666666,0.6666666666666666,0.6666666666666666,0.6666666666666666,0.6666666666666666,0.6666666666666666,1.0,0.6666666666666666,1.0,0.6666666666666666,1.0,0.6666666666666666,0.6666666666666666,0.6666666666666666,0.6666666666666666,0.6666666666666666,0.6666666666666666,0.6666666666666666,0,5,4,2,0,3,31,6,0.5757575757575757,0.6916666666666667,0.6666666666666666,0.4444444444444444,0.611111111111111,0.8333333333333333,0.6666666666666666,0.6666666666666666,0.6444444444444444,0.6666666666666666,0.7666666666666666,0.6666666666666666,0.5757575757575757,0.6916666666666667,0.5740740740740741,0.7015873015873015,0.832420591456736,0.8182503770739066,1,0,0,0,0,0,0,0,0,1
2024,Rwanda,RW,Africa,MER,https://www.fatf-gafi.org/content/fatf-gafi/en/publications/Mutualevaluations/MER-Rwanda-2024.html,2024-07-01,ESAAMLG,1,LE,LE,LE,LE,LE,ME,LE,LE,LE,LE,LE,LC,PC,LC,LC,PC,PC,PC,NC,C,LC,LC,PC,LC,PC,PC,LC,LC,LC,LC,C,C,PC,LC,PC,PC,PC,LC,PC,LC,C,PC,C,PC,PC,PC,PC,PC,LC,PC,PC,0.0,0.0,0.0,0.0,0.0,0.3333333333333333,0.0,0.0,0.0,0.0,0.0,0.6666666666666666,0.3333333333333333,0.6666666666666666,0.6666666666666666,0.3333333333333333,0.3333333333333333,0.3333333333333333,0.0,1.0,0.6666666666666666,0.6666666666666666,0.3333333333333333,0.6666666666666666,0.3333333333333333,0.3333333333333333,0.6666666666666666,0.6666666666666666,0.6666666666666666,0.6666666666666666,1.0,1.0,0.3333333333333333,0.6666666666666666,0.3333333333333333,0.3333333333333333,0.3333333333333333,0.6666666666666666,0.3333333333333333,0.6666666666666666,1.0,0.3333333333333333,1.0,0.3333333333333333,0.3333333333333333,0.3333333333333333,0.3333333333333333,0.3333333333333333,0.6666666666666666,0.3333333333333333,0.3333333333333333,10,1,0,0,1,20,14,5,0.0303030303030303,0.525,0.0,0.0,0.05555555555555555,0.5,0.6666666666666666,0.25,0.6444444444444444,0.3333333333333333,0.5333333333333333,0.39999999999999997,0.0303030303030303,0.525,0.018518518518518517,0.4753968253968254,0.05772005772005771,0.038953811908736785,0,0,1,1,1,1,1,1,1,0
2022,Saint Kitts and Nevis,KN,North America,MER,https://www.fatf-gafi.org/en/publications/Mutualevaluations/Mer-st-kitts-nevis-2022.html,2022-01-01,CFATF,1,LE,ME,LE,LE,ME,LE,LE,LE,ME,LE,LE,LC,PC,LC,PC,LC,PC,PC,PC,C,PC,LC,C,C,LC,PC,LC,LC,LC,LC,C,C,LC,LC,PC,PC,PC,C,PC,LC,C,C,LC,C,C,PC,PC,LC,C,PC,LC,0.0,0.3333333333333333,0.0,0.0,0.3333333333333333,0.0,0.0,0.0,0.3333333333333333,0.0,0.0,0.6666666666666666,0.3333333333333333,0.6666666666666666,0.3333333333333333,0.6666666666666666,0.3333333333333333,0.3333333333333333,0.3333333333333333,1.0,0.3333333333333333,0.6666666666666666,1.0,1.0,0.6666666666666666,0.3333333333333333,0.6666666666666666,0.6666666666666666,0.6666666666666666,0.6666666666666666,1.0,1.0,0.6666666666666666,0.6666666666666666,0.3333333333333333,0.3333333333333333,0.3333333333333333,1.0,0.3333333333333333,0.6666666666666666,1.0,1.0,0.6666666666666666,1.0,1.0,0.3333333333333333,0.3333333333333333,0.6666666666666666,1.0,0.3333333333333333,0.6666666666666666,8,3,0,0,0,14,15,11,0.0909090909090909,0.6416666666666666,0.16666666666666666,0.1111111111111111,0.05555555555555555,0.5,0.5,0.41666666666666663,0.7333333333333333,0.3333333333333333,0.7333333333333333,0.6,0.0909090909090909,0.6416666666666666,0.1111111111111111,0.5452380952380952,0.14167650531286893,0.20378457059679767,0,0,1,1,1,1,1,1,1,0
2021,Saint Lucia,LC,North America,MER,https://www.fatf-gafi.org/en/publications/Mutualevaluations/Mer-saint-lucia-2021.html,2021-01-01,CFATF,1,LE,ME,LE,LE,LE,LE,ME,ME,LE,LE,LE,PC,PC,PC,LC,PC,NC,NC,NC,LC,PC,LC,PC,LC,PC,PC,NC,PC,PC,NC,PC,C,PC,PC,PC,PC,NC,PC,PC,PC,LC,LC,LC,PC,PC,PC,LC,PC,PC,LC,PC,0.0,0.3333333333333333,0.0,0.0,0.0,0.0,0.3333333333333333,0.3333333333333333,0.0,0.0,0.0,0.3333333333333333,0.3333333333333333,0.3333333333333333,0.6666666666666666,0.3333333333333333,0.0,0.0,0.0,0.6666666666666666,0.3333333333333333,0.6666666666666666,0.3333333333333333,0.6666666666666666,0.3333333333333333,0.3333333333333333,0.0,0.3333333333333333,0.3333333333333333,0.0,0.3333333333333333,1.0,0.3333333333333333,0.3333333333333333,0.3333333333333333,0.3333333333333333,0.0,0.3333333333333333,0.3333333333333333,0.3333333333333333,0.6666666666666666,0.6666666666666666,0.6666666666666666,0.3333333333333333,0.3333333333333333,0.3333333333333333,0.6666666666666666,0.3333333333333333,0.3333333333333333,0.6666666666666666,0.3333333333333333,8,3,0,0,6,24,9,1,0.0909090909090909,0.375,0.16666666666666666,0.0,0.1111111111111111,0.3333333333333333,0.5,0.08333333333333333,0.39999999999999997,0.3333333333333333,0.39999999999999997,0.4666666666666666,0.0909090909090909,0.375,0.09259259259259259,0.3595238095238095,0.2424242424242424,0.257542310522443,0,0,1,1,1,1,1,1,1,0
2024,Saint Lucia,LC,North America,EFUR3,https://www.fatf-gafi.org/content/fatf-gafi/en/publications/Mutualevaluations/Saint-Lucia-fur-2024.html,2024-01-01,CFATF,1,LE,ME,LE,LE,LE,LE,ME,ME,LE,LE,LE,C,C,LC,LC,C,NC,NC,NC,LC,LC,LC,C,LC,LC,PC,C,C,C,C,C,C,LC,C,PC,PC,NC,C,PC,C,LC,LC,LC,PC,C,LC,LC,LC,PC,LC,LC,0.0,0.3333333333333333,0.0,0.0,0.0,0.0,0.3333333333333333,0.3333333333333333,0.0,0.0,0.0,1.0,1.0,0.6666666666666666,0.6666666666666666,1.0,0.0,0.0,0.0,0.6666666666666666,0.6666666666666666,0.6666666666666666,1.0,0.6666666666666666,0.6666666666666666,0.3333333333333333,1.0,1.0,1.0,1.0,1.0,1.0,0.6666666666666666,1.0,0.3333333333333333,0.3333333333333333,0.0,1.0,0.3333333333333333,1.0,0.6666666666666666,0.6666666666666666,0.6666666666666666,0.3333333333333333,1.0,0.6666666666666666,0.6666666666666666,0.6666666666666666,0.3333333333333333,0.6666666666666666,0.6666666666666666,8,3,0,0,4,6,16,14,0.0909090909090909,0.6666666666666666,0.16666666666666666,0.0,0.1111111111111111,1.0,0.6666666666666666,0.25,0.8222222222222222,0.3333333333333333,0.6333333333333333,0.6,0.0909090909090909,0.6666666666666666,0.09259259259259259,0.6150793650793651,0.13636363636363635,0.15053763440860213,1,1,1,0,1,1,1,1,1,3
2015,Samoa,WS,Oceania,MER,https://www.fatf-gafi.org/en/publications/Mutualevaluations/Mer-samoa-2015.html,2015-09-01,APG,1,ME,SE,LE,ME,ME,LE,LE,ME,ME,ME,LE,PC,PC,PC,LC,PC,PC,NC,PC,C,PC,C,PC,PC,C,PC,PC,PC,LC,NC,LC,C,PC,PC,PC,PC,PC,PC,PC,LC,C,LC,LC,LC,PC,PC,PC,LC,LC,LC,LC,0.3333333333333333,0.6666666666666666,0.0,0.3333333333333333,0.3333333333333333,0.0,0.0,0.3333333333333333,0.3333333333333333,0.3333333333333333,0.0,0.3333333333333333,0.3333333333333333,0.3333333333333333,0.6666666666666666,0.3333333333333333,0.3333333333333333,0.0,0.3333333333333333,1.0,0.3333333333333333,1.0,0.3333333333333333,0.3333333333333333,1.0,0.3333333333333333,0.3333333333333333,0.3333333333333333,0.6666666666666666,0.0,0.6666666666666666,1.0,0.3333333333333333,0.3333333333333333,0.3333333333333333,0.3333333333333333,0.3333333333333333,0.3333333333333333,0.3333333333333333,0.6666666666666666,1.0,0.6666666666666666,0.6666666666666666,0.6666666666666666,0.3333333333333333,0.3333333333333333,0.3333333333333333,0.6666666666666666,0.6666666666666666,0.6666666666666666,0.6666666666666666,4,6,1,0,2,22,11,5,0.2424242424242424,0.49166666666666664,0.5,0.2222222222222222,0.16666666666666666,0.3333333333333333,0.5,0.25,0.5333333333333333,0.3333333333333333,0.5333333333333333,0.6,0.2424242424242424,0.49166666666666664,0.2962962962962963,0.44047619047619047,0.4930662557781202,0.6726726726726726,0,0,1,1,1,1,1,1,1,0
2017,Samoa,WS,Oceania,EFUR2,https://www.fatf-gafi.org/en/publications/Mutualevaluations/Fur-samoa-2017.html,2017-10-01,APG,1,ME,SE,LE,ME,ME,LE,LE,ME,ME,ME,LE,PC,LC,PC,LC,PC,PC,NC,PC,C,PC,C,PC,PC,C,PC,PC,PC,LC,NC,LC,C,PC,PC,PC,PC,PC,PC,PC,LC,C,LC,LC,LC,PC,PC,PC,LC,LC,LC,LC,0.3333333333333333,0.6666666666666666,0.0,0.3333333333333333,0.3333333333333333,0.0,0.0,0.3333333333333333,0.3333333333333333,0.3333333333333333,0.0,0.3333333333333333,0.6666666666666666,0.3333333333333333,0.6666666666666666,0.3333333333333333,0.3333333333333333,0.0,0.3333333333333333,1.0,0.3333333333333333,1.0,0.3333333333333333,0.3333333333333333,1.0,0.3333333333333333,0.3333333333333333,0.3333333333333333,0.6666666666666666,0.0,0.6666666666666666,1.0,0.3333333333333333,0.3333333333333333,0.3333333333333333,0.3333333333333333,0.3333333333333333,0.3333333333333333,0.3333333333333333,0.6666666666666666,1.0,0.6666666666666666,0.6666666666666666,0.6666666666666666,0.3333333333333333,0.3333333333333333,0.3333333333333333,0.6666666666666666,0.6666666666666666,0.6666666666666666,0.6666666666666666,4,6,1,0,2,21,12,5,0.2424242424242424,0.5,0.5,0.2222222222222222,0.16666666666666666,0.5,0.5,0.25,0.5333333333333333,0.3333333333333333,0.5333333333333333,0.6,0.2424242424242424,0.5,0.2962962962962963,0.4642857142857143,0.4848484848484848,0.6381766381766382,1,1,1,1,1,1,1,1,1,2
2018,Samoa,WS,Oceania,EFUR3,https://www.fatf-gafi.org/en/publications/Mutualevaluations/Fur-samoa-2018.html,2018-09-01,APG,1,ME,SE,LE,ME,ME,LE,LE,ME,ME,ME,LE,PC,LC,LC,LC,LC,PC,NC,PC,C,LC,C,PC,PC,C,PC,PC,PC,LC,NC,LC,C,PC,PC,PC,PC,PC,PC,PC,LC,C,LC,LC,LC,PC,PC,PC,LC,LC,LC,LC,0.3333333333333333,0.6666666666666666,0.0,0.3333333333333333,0.3333333333333333,0.0,0.0,0.3333333333333333,0.3333333333333333,0.3333333333333333,0.0,0.3333333333333333,0.6666666666666666,0.6666666666666666,0.6666666666666666,0.6666666666666666,0.3333333333333333,0.0,0.3333333333333333,1.0,0.6666666666666666,1.0,0.3333333333333333,0.3333333333333333,1.0,0.3333333333333333,0.3333333333333333,0.3333333333333333,0.6666666666666666,0.0,0.6666666666666666,1.0,0.3333333333333333,0.3333333333333333,0.3333333333333333,0.3333333333333333,0.3333333333333333,0.3333333333333333,0.3333333333333333,0.6666666666666666,1.0,0.6666666666666666,0.6666666666666666,0.6666666666666666,0.3333333333333333,0.3333333333333333,0.3333333333333333,0.6666666666666666,0.6666666666666666,0.6666666666666666,0.6666666666666666,4,6,1,0,2,18,15,5,0.2424242424242424,0.525,0.5,0.2222222222222222,0.16666666666666666,0.5,0.6666666666666666,0.3333333333333333,0.5555555555555556,0.3333333333333333,0.5333333333333333,0.6,0.2424242424242424,0.525,0.2962962962962963,0.5031746031746032,0.4617604617604617,0.5888538380651945,1,1,1,0,1,1,1,1,1,3
2023,Samoa,WS,Oceania,EFUR8,https://www.fatf-gafi.org/content/fatf-gafi/en/publications/Mutualevaluations/Samoa-FUR-2023.html,2023-06-01,APG,1,ME,SE,LE,ME,ME,LE,LE,ME,ME,ME,LE,PC,LC,LC,LC,LC,PC,NC,PC,C,LC,C,PC,PC,C,PC,PC,PC,C,PC,LC,C,PC,PC,PC,PC,PC,PC,PC,LC,C,LC,LC,LC,PC,PC,LC,LC,LC,LC,LC,0.3333333333333333,0.6666666666666666,0.0,0.3333333333333333,0.3333333333333333,0.0,0.0,0.3333333333333333,0.3333333333333333,0.3333333333333333,0.0,0.3333333333333333,0.6666666666666666,0.6666666666666666,0.6666666666666666,0.6666666666666666,0.3333333333333333,0.0,0.3333333333333333,1.0,0.6666666666666666,1.0,0.3333333333333333,0.3333333333333333,1.0,0.3333333333333333,0.3333333333333333,0.3333333333333333,1.0,0.3333333333333333,0.6666666666666666,1.0,0.3333333333333333,0.3333333333333333,0.3333333333333333,0.3333333333333333,0.3333333333333333,0.3333333333333333,0.3333333333333333,0.6666666666666666,1.0,0.6666666666666666,0.6666666666666666,0.6666666666666666,0.3333333333333333,0.3333333333333333,0.6666666666666666,0.6666666666666666,0.6666666666666666,0.6666666666666666,0.6666666666666666,4,6,1,0,1,18,15,6,0.2424242424242424,0.5499999999999999,0.5,0.2222222222222222,0.16666666666666666,0.5,0.6666666666666666,0.3333333333333333,0.6,0.3333333333333333,0.5333333333333333,0.6666666666666666,0.2424242424242424,0.5499999999999999,0.2962962962962963,0.519047619047619,0.44077134986225897,0.5708460754332314,1,1,1,0,1,1,1,1,1,8
2021,San Marino,SM,Europe,MER,https://www.fatf-gafi.org/en/publications/Mutualevaluations/Mer-san-marino-2021.html,2021-04-01,MONEYVAL,1,SE,HE,ME,ME,ME,SE,ME,SE,SE,ME,ME,LC,C,LC,C,LC,LC,LC,LC,LC,LC,C,C,C,LC,PC,C,LC,LC,C,C,C,LC,LC,PC,LC,PC,LC,PC,C,C,C,C,C,C,PC,LC,C,C,C,LC,0.6666666666666666,1.0,0.3333333333333333,0.3333333333333333,0.3333333333333333,0.6666666666666666,0.3333333333333333,0.6666666666666666,0.6666666666666666,0.3333333333333333,0.3333333333333333,0.6666666666666666,1.0,0.6666666666666666,1.0,0.6666666666666666,0.6666666666666666,0.6666666666666666,0.6666666666666666,0.6666666666666666,0.6666666666666666,1.0,1.0,1.0,0.6666666666666666,0.3333333333333333,1.0,0.6666666666666666,0.6666666666666666,1.0,1.0,1.0,0.6666666666666666,0.6666666666666666,0.3333333333333333,0.6666666666666666,0.3333333333333333,0.6666666666666666,0.3333333333333333,1.0,1.0,1.0,1.0,1.0,1.0,0.3333333333333333,0.6666666666666666,1.0,1.0,1.0,0.6666666666666666,0,6,4,1,0,5,17,18,0.5151515151515151,0.775,0.8333333333333333,0.3333333333333333,0.5,0.8333333333333333,0.8333333333333333,0.6666666666666666,0.7999999999999999,0.5,0.7666666666666666,0.8666666666666667,0.5151515151515151,0.775,0.5555555555555556,0.7523809523809524,0.6647116324535679,0.7383966244725739,0,0,0,0,0,0,0,0,0,0
2024,San Marino,SM,Europe,EFUR1,https://www.fatf-gafi.org/content/fatf-gafi/en/publications/Mutualevaluations/San-Marino-FUR-2024.html,2024-05-01,MONEYVAL,1,SE,HE,ME,ME,ME,SE,ME,SE,SE,ME,ME,LC,C,LC,C,LC,LC,LC,LC,LC,LC,C,C,C,LC,PC,C,LC,LC,C,C,C,LC,LC,PC,LC,PC,LC,PC,C,C,C,C,C,C,LC,LC,C,C,C,LC,0.6666666666666666,1.0,0.3333333333333333,0.3333333333333333,0.3333333333333333,0.6666666666666666,0.3333333333333333,0.6666666666666666,0.6666666666666666,0.3333333333333333,0.3333333333333333,0.6666666666666666,1.0,0.6666666666666666,1.0,0.6666666666666666,0.6666666666666666,0.6666666666666666,0.6666666666666666,0.6666666666666666,0.6666666666666666,1.0,1.0,1.0,0.6666666666666666,0.3333333333333333,1.0,0.6666666666666666,0.6666666666666666,1.0,1.0,1.0,0.6666666666666666,0.6666666666666666,0.3333333333333333,0.6666666666666666,0.3333333333333333,0.6666666666666666,0.3333333333333333,1.0,1.0,1.0,1.0,1.0,1.0,0.6666666666666666,0.6666666666666666,1.0,1.0,1.0,0.6666666666666666,0,6,4,1,0,4,18,18,0.5151515151515151,0.7833333333333333,0.8333333333333333,0.3333333333333333,0.5,0.8333333333333333,0.8333333333333333,0.6666666666666666,0.7999999999999999,0.5,0.8,0.8666666666666667,0.5151515151515151,0.7833333333333333,0.5555555555555556,0.7571428571428571,0.6576402321083172,0.7337526205450734,1,1,0,0,0,0,0,0,0,1
2024,Sao Tome and Principe,ST,Africa,MER,https://www.fatf-gafi.org/content/fatf-gafi/en/publications/Mutualevaluations/Sao-Tome-and-Principe-MER-2024.html,2024-11-01,GIABA,1,LE,LE,LE,LE,LE,LE,LE,LE,LE,LE,LE,PC,PC,PC,C,LC,NC,NC,NC,LC,PC,LC,PC,LC,PC,NC,PC,PC,PC,NC,C,LC,PC,PC,PC,PC,PC,C,PC,LC,C,LC,PC,PC,PC,C,LC,PC,LC,LC,LC,0.0,0.0,0.0,0.0,0.0,0.0,0.0,0.0,0.0,0.0,0.0,0.3333333333333333,0.3333333333333333,0.3333333333333333,1.0,0.6666666666666666,0.0,0.0,0.0,0.6666666666666666,0.3333333333333333,0.6666666666666666,0.3333333333333333,0.6666666666666666,0.3333333333333333,0.0,0.3333333333333333,0.3333333333333333,0.3333333333333333,0.0,1.0,0.6666666666666666,0.3333333333333333,0.3333333333333333,0.3333333333333333,0.3333333333333333,0.3333333333333333,1.0,0.3333333333333333,0.6666666666666666,1.0,0.6666666666666666,0.3333333333333333,0.3333333333333333,0.3333333333333333,1.0,0.6666666666666666,0.3333333333333333,0.6666666666666666,0.6666666666666666,0.6666666666666666,11,0,0,0,5,19,11,5,0.0,0.4666666666666667,0.0,0.0,0.0,0.3333333333333333,0.6666666666666666,0.16666666666666666,0.4222222222222222,0.3333333333333333,0.6,0.6,0.0,0.4666666666666667,0.0,0.446031746031746,0.0,0.0,0,0,1,1,1,1,1,1,1,0
2018,Saudi Arabia,SA,Asia,MER,https://www.fatf-gafi.org/en/publications/Mutualevaluations/Mer-saudi-arabia-2018.html,2018-09-01,FATF/MENAFATF,1,SE,ME,SE,ME,ME,ME,LE,LE,SE,SE,LE,LC,LC,C,LC,C,PC,PC,LC,C,C,C,C,C,C,LC,LC,C,C,C,C,C,LC,C,LC,LC,C,C,C,LC,LC,LC,LC,PC,C,C,PC,LC,LC,LC,LC,0.6666666666666666,0.3333333333333333,0.6666666666666666,0.3333333333333333,0.3333333333333333,0.3333333333333333,0.0,0.0,0.6666666666666666,0.6666666666666666,0.0,0.6666666666666666,0.6666666666666666,1.0,0.6666666666666666,1.0,0.3333333333333333,0.3333333333333333,0.6666666666666666,1.0,1.0,1.0,1.0,1.0,1.0,0.6666666666666666,0.6666666666666666,1.0,1.0,1.0,1.0,1.0,0.6666666666666666,1.0,0.6666666666666666,0.6666666666666666,1.0,1.0,1.0,0.6666666666666666,0.6666666666666666,0.6666666666666666,0.6666666666666666,0.3333333333333333,1.0,1.0,0.3333333333333333,0.6666666666666666,0.6666666666666666,0.6666666666666666,0.6666666666666666,3,4,4,0,0,4,17,19,0.3636363636363636,0.7916666666666666,0.5,0.4444444444444444,0.2777777777777778,0.6666666666666666,0.8333333333333333,0.5833333333333333,0.9333333333333333,0.6666666666666666,0.7999999999999999,0.6,0.3636363636363636,0.7916666666666666,0.4074074074074074,0.7261904761904762,0.4593301435406698,0.5610200364298725,0,0,0,0,1,0,0,1,1,0
2020,Saudi Arabia,SA,Asia,EFUR1,https://www.fatf-gafi.org/en/publications/Mutualevaluations/Fur-ksa-2020.html,2020-01-01,FATF,1,SE,ME,SE,ME,ME,ME,LE,LE,SE,SE,LE,LC,LC,C,LC,C,LC,LC,LC,C,C,C,C,C,C,LC,LC,C,LC,C,C,LC,LC,C,LC,LC,C,C,C,LC,LC,LC,LC,PC,C,C,PC,LC,LC,LC,LC,0.6666666666666666,0.3333333333333333,0.6666666666666666,0.3333333333333333,0.3333333333333333,0.3333333333333333,0.0,0.0,0.6666666666666666,0.6666666666666666,0.0,0.6666666666666666,0.6666666666666666,1.0,0.6666666666666666,1.0,0.6666666666666666,0.6666666666666666,0.6666666666666666,1.0,1.0,1.0,1.0,1.0,1.0,0.6666666666666666,0.6666666666666666,1.0,0.6666666666666666,1.0,1.0,0.6666666666666666,0.6666666666666666,1.0,0.6666666666666666,0.6666666666666666,1.0,1.0,1.0,0.6666666666666666,0.6666666666666666,0.6666666666666666,0.6666666666666666,0.3333333333333333,1.0,1.0,0.3333333333333333,0.6666666666666666,0.6666666666666666,0.6666666666666666,0.6666666666666666,3,4,4,0,0,2,21,17,0.3636363636363636,0.7916666666666666,0.5,0.4444444444444444,0.2777777777777778,0.6666666666666666,0.8333333333333333,0.75,0.8888888888888888,0.6666666666666666,0.7999999999999999,0.6,0.3636363636363636,0.7916666666666666,0.4074074074074074,0.7436507936507936,0.4593301435406698,0.5478477410174315,1,1,0,0,1,0,0,1,1,1
2018,Senegal,SN,Africa,MER,https://www.fatf-gafi.org/en/publications/Mutualevaluations/Mer-senegal-2018.html,2018-05-01,GIABA,1,LE,LE,LE,LE,LE,ME,LE,LE,LE,LE,LE,PC,LC,LC,PC,PC,NC,NC,PC,C,PC,LC,NC,NC,LC,PC,PC,PC,PC,NC,C,C,PC,PC,PC,NC,PC,C,NC,LC,LC,PC,LC,PC,PC,PC,PC,C,PC,LC,LC,0.0,0.0,0.0,0.0,0.0,0.3333333333333333,0.0,0.0,0.0,0.0,0.0,0.3333333333333333,0.6666666666666666,0.6666666666666666,0.3333333333333333,0.3333333333333333,0.0,0.0,0.3333333333333333,1.0,0.3333333333333333,0.6666666666666666,0.0,0.0,0.6666666666666666,0.3333333333333333,0.3333333333333333,0.3333333333333333,0.3333333333333333,0.0,1.0,1.0,0.3333333333333333,0.3333333333333333,0.3333333333333333,0.0,0.3333333333333333,1.0,0.0,0.6666666666666666,0.6666666666666666,0.3333333333333333,0.6666666666666666,0.3333333333333333,0.3333333333333333,0.3333333333333333,0.3333333333333333,1.0,0.3333333333333333,0.6666666666666666,0.6666666666666666,10,1,0,0,7,19,9,5,0.0303030303030303,0.4333333333333333,0.0,0.0,0.05555555555555555,0.5,0.5,0.16666666666666666,0.4444444444444444,0.16666666666666666,0.4666666666666667,0.6,0.0303030303030303,0.4333333333333333,0.018518518518518517,0.40634920634920635,0.06993006993006994,0.045572916666666664,0,0,1,1,1,1,1,1,1,0
2021,Senegal,SN,Africa,EFUR1,https://www.fatf-gafi.org/en/publications/Mutualevaluations/Fur-senegal-2021.html,2021-04-01,GIABA,1,LE,LE,LE,LE,LE,ME,LE,LE,LE,LE,LE,PC,LC,LC,PC,PC,NC,NC,PC,C,PC,LC,PC,LC,LC,PC,PC,PC,PC,NC,C,C,PC,PC,PC,NC,PC,C,NC,LC,LC,PC,LC,PC,PC,LC,PC,C,PC,LC,LC,0.0,0.0,0.0,0.0,0.0,0.3333333333333333,0.0,0.0,0.0,0.0,0.0,0.3333333333333333,0.6666666666666666,0.6666666666666666,0.3333333333333333,0.3333333333333333,0.0,0.0,0.3333333333333333,1.0,0.3333333333333333,0.6666666666666666,0.3333333333333333,0.6666666666666666,0.6666666666666666,0.3333333333333333,0.3333333333333333,0.3333333333333333,0.3333333333333333,0.0,1.0,1.0,0.3333333333333333,0.3333333333333333,0.3333333333333333,0.0,0.3333333333333333,1.0,0.0,0.6666666666666666,0.6666666666666666,0.3333333333333333,0.6666666666666666,0.3333333333333333,0.3333333333333333,0.6666666666666666,0.3333333333333333,1.0,0.3333333333333333,0.6666666666666666,0.6666666666666666,10,1,0,0,5,19,11,5,0.0303030303030303,0.4666666666666667,0.0,0.0,0.05555555555555555,0.5,0.5,0.16666666666666666,0.5111111111111111,0.16666666666666666,0.5,0.6,0.0303030303030303,0.4666666666666667,0.018518518518518517,0.42063492063492064,0.06493506493506493,0.0440251572327044,1,1,1,1,1,1,1,1,1,1
2022,Senegal,SN,Africa,EFUR2,https://www.fatf-gafi.org/en/publications/Mutualevaluations/Fur-senegal-feb-2022.html,2022-02-01,GIABA,1,LE,LE,LE,LE,LE,ME,LE,LE,LE,LE,LE,PC,LC,LC,PC,C,NC,PC,PC,C,PC,LC,PC,LC,LC,PC,PC,LC,LC,NC,C,C,PC,PC,PC,PC,PC,C,PC,LC,LC,C,LC,PC,PC,LC,PC,C,PC,LC,LC,0.0,0.0,0.0,0.0,0.0,0.3333333333333333,0.0,0.0,0.0,0.0,0.0,0.3333333333333333,0.6666666666666666,0.6666666666666666,0.3333333333333333,1.0,0.0,0.3333333333333333,0.3333333333333333,1.0,0.3333333333333333,0.6666666666666666,0.3333333333333333,0.6666666666666666,0.6666666666666666,0.3333333333333333,0.3333333333333333,0.6666666666666666,0.6666666666666666,0.0,1.0,1.0,0.3333333333333333,0.3333333333333333,0.3333333333333333,0.3333333333333333,0.3333333333333333,1.0,0.3333333333333333,0.6666666666666666,0.6666666666666666,1.0,0.6666666666666666,0.3333333333333333,0.3333333333333333,0.6666666666666666,0.3333333333333333,1.0,0.3333333333333333,0.6666666666666666,0.6666666666666666,10,1,0,0,2,18,13,7,0.0303030303030303,0.5416666666666666,0.0,0.0,0.05555555555555555,0.5,0.5,0.41666666666666663,0.5555555555555556,0.3333333333333333,0.6,0.6,0.0303030303030303,0.5416666666666666,0.018518518518518517,0.5007936507936508,0.055944055944055944,0.036978341257263604,1,1,1,1,1,1,1,1,1,2
2022,Senegal,SN,Africa,EFUR3,https://www.fatf-gafi.org/en/publications/Mutualevaluations/Fur-senegal-2022.html,2022-06-01,GIABA,1,LE,LE,LE,LE,LE,ME,LE,LE,LE,LE,LE,LC,C,LC,C,C,PC,PC,PC,C,PC,LC,PC,LC,LC,PC,PC,LC,LC,NC,C,C,PC,PC,LC,PC,PC,C,PC,LC,LC,C,LC,PC,PC,LC,LC,C,LC,LC,LC,0.0,0.0,0.0,0.0,0.0,0.3333333333333333,0.0,0.0,0.0,0.0,0.0,0.6666666666666666,1.0,0.6666666666666666,1.0,1.0,0.3333333333333333,0.3333333333333333,0.3333333333333333,1.0,0.3333333333333333,0.6666666666666666,0.3333333333333333,0.6666666666666666,0.6666666666666666,0.3333333333333333,0.3333333333333333,0.6666666666666666,0.6666666666666666,0.0,1.0,1.0,0.3333333333333333,0.3333333333333333,0.6666666666666666,0.3333333333333333,0.3333333333333333,1.0,0.3333333333333333,0.6666666666666666,0.6666666666666666,1.0,0.6666666666666666,0.3333333333333333,0.3333333333333333,0.6666666666666666,0.6666666666666666,1.0,0.6666666666666666,0.6666666666666666,0.6666666666666666,10,1,0,0,1,14,16,9,0.0303030303030303,0.6083333333333333,0.0,0.0,0.05555555555555555,0.8333333333333333,0.8333333333333333,0.5,0.5555555555555556,0.5,0.6,0.7333333333333333,0.0303030303030303,0.6083333333333333,0.018518518518518517,0.6507936507936508,0.049813200498132,0.028455284552845527,1,1,1,1,1,1,1,1,1,3
2024,Senegal,SN,Africa,EFUR6,https://www.fatf-gafi.org/content/fatf-gafi/en/publications/Mutualevaluations/fur-senegal-2024.html,2024-11-01,GIABA,1,LE,LE,LE,LE,LE,ME,LE,LE,LE,LE,LE,LC,C,LC,C,C,LC,C,PC,C,LC,LC,LC,LC,LC,PC,LC,LC,LC,LC,C,C,LC,LC,LC,LC,PC,C,PC,LC,LC,C,LC,LC,C,LC,LC,C,LC,LC,LC,0.0,0.0,0.0,0.0,0.0,0.3333333333333333,0.0,0.0,0.0,0.0,0.0,0.6666666666666666,1.0,0.6666666666666666,1.0,1.0,0.6666666666666666,1.0,0.3333333333333333,1.0,0.6666666666666666,0.6666666666666666,0.6666666666666666,0.6666666666666666,0.6666666666666666,0.3333333333333333,0.6666666666666666,0.6666666666666666,0.6666666666666666,0.6666666666666666,1.0,1.0,0.6666666666666666,0.6666666666666666,0.6666666666666666,0.6666666666666666,0.3333333333333333,1.0,0.3333333333333333,0.6666666666666666,0.6666666666666666,1.0,0.6666666666666666,0.6666666666666666,1.0,0.6666666666666666,0.6666666666666666,1.0,0.6666666666666666,0.6666666666666666,0.6666666666666666,10,1,0,0,0,4,25,11,0.0303030303030303,0.725,0.0,0.0,0.05555555555555555,0.8333333333333333,0.8333333333333333,0.75,0.711111111111111,0.6666666666666666,0.7,0.7333333333333333,0.0303030303030303,0.725,0.018518518518518517,0.7468253968253967,0.04179728317659352,0.024796315975912153,1,1,0,0,1,1,0,1,1,6
2016,Serbia,RS,Europe,MER,https://www.fatf-gafi.org/en/publications/Mutualevaluations/Mer-serbia-2016.html,2016-04-01,MONEYVAL,1,ME,ME,ME,ME,ME,ME,LE,ME,ME,LE,LE,PC,LC,LC,LC,LC,PC,NC,PC,LC,PC,LC,PC,PC,LC,LC,PC,C,PC,PC,C,C,PC,PC,LC,PC,PC,LC,PC,LC,LC,LC,LC,LC,LC,PC,LC,LC,LC,LC,PC,0.3333333333333333,0.3333333333333333,0.3333333333333333,0.3333333333333333,0.3333333333333333,0.3333333333333333,0.0,0.3333333333333333,0.3333333333333333,0.0,0.0,0.3333333333333333,0.6666666666666666,0.6666666666666666,0.6666666666666666,0.6666666666666666,0.3333333333333333,0.0,0.3333333333333333,0.6666666666666666,0.3333333333333333,0.6666666666666666,0.3333333333333333,0.3333333333333333,0.6666666666666666,0.6666666666666666,0.3333333333333333,1.0,0.3333333333333333,0.3333333333333333,1.0,1.0,0.3333333333333333,0.3333333333333333,0.6666666666666666,0.3333333333333333,0.3333333333333333,0.6666666666666666,0.3333333333333333,0.6666666666666666,0.6666666666666666,0.6666666666666666,0.6666666666666666,0.6666666666666666,0.6666666666666666,0.3333333333333333,0.6666666666666666,0.6666666666666666,0.6666666666666666,0.6666666666666666,0.3333333333333333,3,8,0,0,1,16,20,3,0.2424242424242424,0.5416666666666666,0.3333333333333333,0.3333333333333333,0.16666666666666666,0.5,0.6666666666666666,0.3333333333333333,0.5555555555555556,0.5,0.5666666666666667,0.6,0.2424242424242424,0.5416666666666666,0.2777777777777778,0.5317460317460317,0.44755244755244755,0.5223880597014926,0,0,1,1,1,0,1,1,1,0
2018,Serbia,RS,Europe,EFUR2,https://www.fatf-gafi.org/en/publications/Mutualevaluations/Fur-serbia-2019.html,2018-12-01,MONEYVAL,1,ME,ME,ME,ME,ME,ME,LE,ME,ME,LE,LE,LC,LC,LC,LC,LC,PC,LC,PC,LC,LC,LC,C,LC,LC,LC,LC,C,PC,LC,C,C,PC,PC,LC,LC,LC,LC,PC,LC,LC,LC,LC,LC,LC,LC,LC,LC,LC,LC,PC,0.3333333333333333,0.3333333333333333,0.3333333333333333,0.3333333333333333,0.3333333333333333,0.3333333333333333,0.0,0.3333333333333333,0.3333333333333333,0.0,0.0,0.6666666666666666,0.6666666666666666,0.6666666666666666,0.6666666666666666,0.6666666666666666,0.3333333333333333,0.6666666666666666,0.3333333333333333,0.6666666666666666,0.6666666666666666,0.6666666666666666,1.0,0.6666666666666666,0.6666666666666666,0.6666666666666666,0.6666666666666666,1.0,0.3333333333333333,0.6666666666666666,1.0,1.0,0.3333333333333333,0.3333333333333333,0.6666666666666666,0.6666666666666666,0.6666666666666666,0.6666666666666666,0.3333333333333333,0.6666666666666666,0.6666666666666666,0.6666666666666666,0.6666666666666666,0.6666666666666666,0.6666666666666666,0.6666666666666666,0.6666666666666666,0.6666666666666666,0.6666666666666666,0.6666666666666666,0.3333333333333333,3,8,0,0,0,7,29,4,0.2424242424242424,0.6416666666666666,0.3333333333333333,0.3333333333333333,0.16666666666666666,0.6666666666666666,0.6666666666666666,0.5,0.6888888888888889,0.6666666666666666,0.6333333333333333,0.6,0.2424242424242424,0.6416666666666666,0.2777777777777778,0.6317460317460317,0.3778040141676505,0.4396984924623116,1,1,0,0,1,0,0,1,1,2
2019,Serbia,RS,Europe,EFUR3,https://www.fatf-gafi.org/en/publications/Mutualevaluations/Fur3-serbia-2019.html,2019-12-01,MONEYVAL,1,ME,ME,ME,ME,ME,ME,LE,ME,ME,LE,LE,LC,LC,LC,LC,LC,LC,LC,LC,LC,LC,LC,C,LC,LC,LC,LC,C,C,LC,C,C,PC,PC,LC,LC,LC,LC,PC,LC,LC,LC,LC,LC,LC,LC,LC,LC,LC,LC,PC,0.3333333333333333,0.3333333333333333,0.3333333333333333,0.3333333333333333,0.3333333333333333,0.3333333333333333,0.0,0.3333333333333333,0.3333333333333333,0.0,0.0,0.6666666666666666,0.6666666666666666,0.6666666666666666,0.6666666666666666,0.6666666666666666,0.6666666666666666,0.6666666666666666,0.6666666666666666,0.6666666666666666,0.6666666666666666,0.6666666666666666,1.0,0.6666666666666666,0.6666666666666666,0.6666666666666666,0.6666666666666666,1.0,1.0,0.6666666666666666,1.0,1.0,0.3333333333333333,0.3333333333333333,0.6666666666666666,0.6666666666666666,0.6666666666666666,0.6666666666666666,0.3333333333333333,0.6666666666666666,0.6666666666666666,0.6666666666666666,0.6666666666666666,0.6666666666666666,0.6666666666666666,0.6666666666666666,0.6666666666666666,0.6666666666666666,0.6666666666666666,0.6666666666666666,0.3333333333333333,3,8,0,0,0,4,31,5,0.2424242424242424,0.6749999999999999,0.3333333333333333,0.3333333333333333,0.16666666666666666,0.6666666666666666,0.6666666666666666,0.6666666666666666,0.7333333333333333,0.6666666666666666,0.6333333333333333,0.6,0.2424242424242424,0.6749999999999999,0.2777777777777778,0.6619047619047619,0.3591470258136925,0.41966426858513195,1,1,0,0,1,0,0,1,1,3
2021,Serbia,RS,Europe,EFUR4,https://www.fatf-gafi.org/en/publications/Mutualevaluations/Fur-serbia-2021.html,2021-11-01,MONEYVAL,1,ME,ME,ME,ME,ME,ME,LE,ME,ME,LE,LE,LC,LC,LC,LC,LC,LC,LC,LC,LC,LC,LC,C,LC,LC,PC,LC,C,C,LC,C,C,LC,LC,LC,LC,LC,LC,LC,LC,LC,LC,LC,LC,LC,LC,LC,LC,LC,LC,LC,0.3333333333333333,0.3333333333333333,0.3333333333333333,0.3333333333333333,0.3333333333333333,0.3333333333333333,0.0,0.3333333333333333,0.3333333333333333,0.0,0.0,0.6666666666666666,0.6666666666666666,0.6666666666666666,0.6666666666666666,0.6666666666666666,0.6666666666666666,0.6666666666666666,0.6666666666666666,0.6666666666666666,0.6666666666666666,0.6666666666666666,1.0,0.6666666666666666,0.6666666666666666,0.3333333333333333,0.6666666666666666,1.0,1.0,0.6666666666666666,1.0,1.0,0.6666666666666666,0.6666666666666666,0.6666666666666666,0.6666666666666666,0.6666666666666666,0.6666666666666666,0.6666666666666666,0.6666666666666666,0.6666666666666666,0.6666666666666666,0.6666666666666666,0.6666666666666666,0.6666666666666666,0.6666666666666666,0.6666666666666666,0.6666666666666666,0.6666666666666666,0.6666666666666666,0.6666666666666666,3,8,0,0,0,1,34,5,0.2424242424242424,0.7,0.3333333333333333,0.3333333333333333,0.16666666666666666,0.6666666666666666,0.6666666666666666,0.6666666666666666,0.7555555555555555,0.6666666666666666,0.6666666666666666,0.6666666666666666,0.2424242424242424,0.7,0.2777777777777778,0.6793650793650793,0.3463203463203463,0.40887850467289727,1,1,0,0,1,0,0,1,1,4
2023,Serbia,RS,Europe,EFUR5,https://www.fatf-gafi.org/content/fatf-gafi/en/publications/Mutualevaluations/Serbia-MONEYVAL-FUR-2024.html,2023-12-01,MONEYVAL,1,ME,ME,ME,ME,ME,ME,LE,ME,ME,LE,LE,LC,LC,LC,LC,LC,LC,LC,LC,LC,LC,LC,C,LC,LC,LC,LC,C,C,LC,C,C,LC,LC,LC,LC,LC,LC,LC,LC,LC,LC,LC,LC,LC,LC,LC,LC,LC,LC,LC,0.3333333333333333,0.3333333333333333,0.3333333333333333,0.3333333333333333,0.3333333333333333,0.3333333333333333,0.0,0.3333333333333333,0.3333333333333333,0.0,0.0,0.6666666666666666,0.6666666666666666,0.6666666666666666,0.6666666666666666,0.6666666666666666,0.6666666666666666,0.6666666666666666,0.6666666666666666,0.6666666666666666,0.6666666666666666,0.6666666666666666,1.0,0.6666666666666666,0.6666666666666666,0.6666666666666666,0.6666666666666666,1.0,1.0,0.6666666666666666,1.0,1.0,0.6666666666666666,0.6666666666666666,0.6666666666666666,0.6666666666666666,0.6666666666666666,0.6666666666666666,0.6666666666666666,0.6666666666666666,0.6666666666666666,0.6666666666666666,0.6666666666666666,0.6666666666666666,0.6666666666666666,0.6666666666666666,0.6666666666666666,0.6666666666666666,0.6666666666666666,0.6666666666666666,0.6666666666666666,3,8,0,0,0,0,35,5,0.2424242424242424,0.7083333333333333,0.3333333333333333,0.3333333333333333,0.16666666666666666,0.6666666666666666,0.6666666666666666,0.6666666666666666,0.7777777777777778,0.6666666666666666,0.6666666666666666,0.6666666666666666,0.2424242424242424,0.7083333333333333,0.2777777777777778,0.6825396825396826,0.3422459893048128,0.4069767441860465,1,1,0,0,1,0,0,1,1,5
2018,Seychelles,SC,Africa,MER,https://www.fatf-gafi.org/en/publications/Mutualevaluations/Mer-seychelles-2018.html,2018-09-01,ESAAMLG,1,LE,LE,LE,ME,LE,LE,LE,LE,LE,LE,LE,PC,PC,LC,PC,PC,PC,NC,NC,C,LC,C,LC,C,C,NC,PC,LC,C,PC,C,C,LC,LC,LC,PC,PC,LC,PC,PC,C,C,LC,PC,PC,PC,C,PC,NC,PC,LC,0.0,0.0,0.0,0.3333333333333333,0.0,0.0,0.0,0.0,0.0,0.0,0.0,0.3333333333333333,0.3333333333333333,0.6666666666666666,0.3333333333333333,0.3333333333333333,0.3333333333333333,0.0,0.0,1.0,0.6666666666666666,1.0,0.6666666666666666,1.0,1.0,0.0,0.3333333333333333,0.6666666666666666,1.0,0.3333333333333333,1.0,1.0,0.6666666666666666,0.6666666666666666,0.6666666666666666,0.3333333333333333,0.3333333333333333,0.6666666666666666,0.3333333333333333,0.3333333333333333,1.0,1.0,0.6666666666666666,0.3333333333333333,0.3333333333333333,0.3333333333333333,1.0,0.3333333333333333,0.0,0.3333333333333333,0.6666666666666666,10,1,0,0,4,16,10,10,0.0303030303030303,0.5499999999999999,0.0,0.1111111111111111,0.0,0.3333333333333333,0.5,0.16666666666666666,0.7333333333333333,0.5,0.5333333333333333,0.4666666666666667,0.0303030303030303,0.5499999999999999,0.037037037037037035,0.4619047619047619,0.05509641873278237,0.08018327605956473,0,0,1,1,1,1,1,1,1,0
2020,Seychelles,SC,Africa,EFUR2,https://www.fatf-gafi.org/en/publications/Mutualevaluations/Fur-seychelles-2021.html,2020-12-01,ESAAMLG,1,LE,LE,LE,ME,LE,LE,LE,LE,LE,LE,LE,C,PC,LC,PC,PC,PC,NC,NC,C,LC,C,LC,C,C,NC,PC,LC,C,PC,C,C,LC,LC,LC,PC,LC,LC,PC,LC,C,C,LC,PC,PC,PC,C,PC,NC,PC,LC,0.0,0.0,0.0,0.3333333333333333,0.0,0.0,0.0,0.0,0.0,0.0,0.0,1.0,0.3333333333333333,0.6666666666666666,0.3333333333333333,0.3333333333333333,0.3333333333333333,0.0,0.0,1.0,0.6666666666666666,1.0,0.6666666666666666,1.0,1.0,0.0,0.3333333333333333,0.6666666666666666,1.0,0.3333333333333333,1.0,1.0,0.6666666666666666,0.6666666666666666,0.6666666666666666,0.3333333333333333,0.6666666666666666,0.6666666666666666,0.3333333333333333,0.6666666666666666,1.0,1.0,0.6666666666666666,0.3333333333333333,0.3333333333333333,0.3333333333333333,1.0,0.3333333333333333,0.0,0.3333333333333333,0.6666666666666666,10,1,0,0,4,13,12,11,0.0303030303030303,0.5833333333333334,0.0,0.1111111111111111,0.0,0.6666666666666666,0.5,0.16666666666666666,0.7333333333333333,0.5,0.6,0.4666666666666667,0.0303030303030303,0.5833333333333334,0.037037037037037035,0.519047619047619,0.05194805194805194,0.07135575942915393,1,1,1,1,1,1,1,1,1,2
2021,Seychelles,SC,Africa,EFUR5,https://www.fatf-gafi.org/en/publications/Mutualevaluations/fur-seychelles-sept-2021.html,2021-09-01,ESAAMLG,1,LE,LE,LE,ME,LE,LE,LE,LE,LE,LE,LE,C,LC,LC,PC,PC,PC,PC,NC,C,LC,C,LC,C,C,NC,LC,LC,C,PC,C,C,LC,LC,LC,PC,LC,LC,PC,LC,C,C,LC,PC,PC,LC,C,LC,LC,LC,LC,0.0,0.0,0.0,0.3333333333333333,0.0,0.0,0.0,0.0,0.0,0.0,0.0,1.0,0.6666666666666666,0.6666666666666666,0.3333333333333333,0.3333333333333333,0.3333333333333333,0.3333333333333333,0.0,1.0,0.6666666666666666,1.0,0.6666666666666666,1.0,1.0,0.0,0.6666666666666666,0.6666666666666666,1.0,0.3333333333333333,1.0,1.0,0.6666666666666666,0.6666666666666666,0.6666666666666666,0.3333333333333333,0.6666666666666666,0.6666666666666666,0.3333333333333333,0.6666666666666666,1.0,1.0,0.6666666666666666,0.3333333333333333,0.3333333333333333,0.6666666666666666,1.0,0.6666666666666666,0.6666666666666666,0.6666666666666666,0.6666666666666666,10,1,0,0,2,9,18,11,0.0303030303030303,0.65,0.0,0.1111111111111111,0.0,0.8333333333333333,0.5,0.25,0.7555555555555555,0.5,0.6333333333333333,0.7333333333333333,0.0303030303030303,0.65,0.037037037037037035,0.6007936507936508,0.04662004662004662,0.06164685160722149,1,1,1,1,1,1,1,1,1,5
2023,Seychelles,SC,Africa,EFUR8,https://www.fatf-gafi.org/en/publications/Mutualevaluations/fur-seychelles-2023.html,2023-03-01,ESAAMLG,1,LE,LE,LE,ME,LE,LE,LE,LE,LE,LE,LE,C,LC,LC,PC,LC,PC,PC,NC,C,LC,C,LC,C,C,NC,LC,LC,C,C,C,C,LC,LC,LC,LC,LC,LC,LC,LC,C,C,LC,PC,LC,LC,C,LC,LC,LC,LC,0.0,0.0,0.0,0.3333333333333333,0.0,0.0,0.0,0.0,0.0,0.0,0.0,1.0,0.6666666666666666,0.6666666666666666,0.3333333333333333,0.6666666666666666,0.3333333333333333,0.3333333333333333,0.0,1.0,0.6666666666666666,1.0,0.6666666666666666,1.0,1.0,0.0,0.6666666666666666,0.6666666666666666,1.0,1.0,1.0,1.0,0.6666666666666666,0.6666666666666666,0.6666666666666666,0.6666666666666666,0.6666666666666666,0.6666666666666666,0.6666666666666666,0.6666666666666666,1.0,1.0,0.6666666666666666,0.3333333333333333,0.6666666666666666,0.6666666666666666,1.0,0.6666666666666666,0.6666666666666666,0.6666666666666666,0.6666666666666666,10,1,0,0,2,4,22,12,0.0303030303030303,0.7,0.0,0.1111111111111111,0.0,0.8333333333333333,0.5,0.3333333333333333,0.7999999999999999,0.6666666666666666,0.7,0.7333333333333333,0.0303030303030303,0.7,0.037037037037037035,0.6523809523809523,0.04329004329004329,0.05677210056772101,1,1,0,0,1,1,0,1,1,8
2024,Seychelles,SC,Africa,EFUR10,https://www.esaamlg.org/reports/Seychelles_FUR-April%202024.pdf,2024-04-01,ESAAMLG,1,LE,LE,LE,ME,LE,LE,LE,LE,LE,LE,LE,C,LC,LC,C,LC,PC,PC,PC,C,LC,C,LC,C,C,NC,LC,LC,C,C,C,C,LC,LC,LC,LC,LC,LC,LC,LC,C,C,LC,PC,LC,LC,C,LC,LC,LC,LC,0.0,0.0,0.0,0.3333333333333333,0.0,0.0,0.0,0.0,0.0,0.0,0.0,1.0,0.6666666666666666,0.6666666666666666,1.0,0.6666666666666666,0.3333333333333333,0.3333333333333333,0.3333333333333333,1.0,0.6666666666666666,1.0,0.6666666666666666,1.0,1.0,0.0,0.6666666666666666,0.6666666666666666,1.0,1.0,1.0,1.0,0.6666666666666666,0.6666666666666666,0.6666666666666666,0.6666666666666666,0.6666666666666666,0.6666666666666666,0.6666666666666666,0.6666666666666666,1.0,1.0,0.6666666666666666,0.3333333333333333,0.6666666666666666,0.6666666666666666,1.0,0.6666666666666666,0.6666666666666666,0.6666666666666666,0.6666666666666666,10,1,0,0,1,4,22,13,0.0303030303030303,0.725,0.0,0.1111111111111111,0.0,0.8333333333333333,0.8333333333333333,0.41666666666666663,0.7999999999999999,0.6666666666666666,0.7,0.7333333333333333,0.0303030303030303,0.725,0.037037037037037035,0.7119047619047618,0.04179728317659352,0.05202526941657377,1,1,0,0,1,1,0,1,1,10
2020,Sierra Leone,SL,Africa,MER,https://www.fatf-gafi.org/en/publications/Mutualevaluations/Mer-sierra-leone-2020.html,2020-12-01,GIABA,1,ME,LE,LE,LE,LE,LE,LE,LE,LE,LE,LE,LC,LC,LC,LC,LC,PC,NC,NC,C,PC,C,LC,LC,PC,PC,PC,PC,PC,PC,C,C,PC,PC,PC,PC,LC,LC,PC,LC,LC,LC,PC,LC,PC,LC,LC,PC,PC,PC,LC,0.3333333333333333,0.0,0.0,0.0,0.0,0.0,0.0,0.0,0.0,0.0,0.0,0.6666666666666666,0.6666666666666666,0.6666666666666666,0.6666666666666666,0.6666666666666666,0.3333333333333333,0.0,0.0,1.0,0.3333333333333333,1.0,0.6666666666666666,0.6666666666666666,0.3333333333333333,0.3333333333333333,0.3333333333333333,0.3333333333333333,0.3333333333333333,0.3333333333333333,1.0,1.0,0.3333333333333333,0.3333333333333333,0.3333333333333333,0.3333333333333333,0.6666666666666666,0.6666666666666666,0.3333333333333333,0.6666666666666666,0.6666666666666666,0.6666666666666666,0.3333333333333333,0.6666666666666666,0.3333333333333333,0.6666666666666666,0.6666666666666666,0.3333333333333333,0.3333333333333333,0.3333333333333333,0.6666666666666666,10,1,0,0,2,18,16,4,0.0303030303030303,0.5166666666666666,0.16666666666666666,0.0,0.0,0.6666666666666666,0.6666666666666666,0.25,0.5555555555555556,0.3333333333333333,0.5666666666666667,0.4666666666666666,0.0303030303030303,0.5166666666666666,0.05555555555555555,0.5007936507936508,0.05865102639296188,0.1109350237717908,0,0,1,1,1,1,1,1,1,0
2024,Sierra Leone,SL,Africa,EFUR4,https://www.fatf-gafi.org/content/fatf-gafi/en/publications/Mutualevaluations/fur-sierra-leone-2024.html,2024-11-01,GIABA,1,ME,LE,LE,LE,LE,LE,LE,LE,LE,LE,LE,LC,LC,LC,LC,LC,PC,NC,NC,C,LC,C,LC,LC,LC,LC,PC,LC,LC,PC,C,C,LC,PC,PC,PC,LC,LC,PC,LC,LC,LC,LC,LC,PC,LC,LC,PC,LC,PC,LC,0.3333333333333333,0.0,0.0,0.0,0.0,0.0,0.0,0.0,0.0,0.0,0.0,0.6666666666666666,0.6666666666666666,0.6666666666666666,0.6666666666666666,0.6666666666666666,0.3333333333333333,0.0,0.0,1.0,0.6666666666666666,1.0,0.6666666666666666,0.6666666666666666,0.6666666666666666,0.6666666666666666,0.3333333333333333,0.6666666666666666,0.6666666666666666,0.3333333333333333,1.0,1.0,0.6666666666666666,0.3333333333333333,0.3333333333333333,0.3333333333333333,0.6666666666666666,0.6666666666666666,0.3333333333333333,0.6666666666666666,0.6666666666666666,0.6666666666666666,0.6666666666666666,0.6666666666666666,0.3333333333333333,0.6666666666666666,0.6666666666666666,0.3333333333333333,0.6666666666666666,0.3333333333333333,0.6666666666666666,10,1,0,0,2,10,24,4,0.0303030303030303,0.5833333333333333,0.16666666666666666,0.0,0.0,0.6666666666666666,0.6666666666666666,0.25,0.6888888888888889,0.3333333333333333,0.6,0.5333333333333333,0.0303030303030303,0.5833333333333333,0.05555555555555555,0.5341269841269841,0.05194805194805195,0.10401188707280831,1,1,1,0,1,1,1,1,1,4
2016,Singapore,SG,Asia,MER,https://www.fatf-gafi.org/en/publications/Mutualevaluations/Mer-singapore-2016.html,2016-09-01,FATF/APG,1,SE,SE,ME,ME,ME,SE,ME,ME,LE,ME,SE,LC,C,LC,C,LC,LC,LC,LC,C,C,C,C,C,LC,C,C,C,C,LC,LC,C,PC,PC,PC,PC,LC,C,PC,C,C,C,C,LC,LC,PC,C,LC,LC,LC,LC,0.6666666666666666,0.6666666666666666,0.3333333333333333,0.3333333333333333,0.3333333333333333,0.6666666666666666,0.3333333333333333,0.3333333333333333,0.0,0.3333333333333333,0.6666666666666666,0.6666666666666666,1.0,0.6666666666666666,1.0,0.6666666666666666,0.6666666666666666,0.6666666666666666,0.6666666666666666,1.0,1.0,1.0,1.0,1.0,0.6666666666666666,1.0,1.0,1.0,1.0,0.6666666666666666,0.6666666666666666,1.0,0.3333333333333333,0.3333333333333333,0.3333333333333333,0.3333333333333333,0.6666666666666666,1.0,0.3333333333333333,1.0,1.0,1.0,1.0,0.6666666666666666,0.6666666666666666,0.3333333333333333,1.0,0.6666666666666666,0.6666666666666666,0.6666666666666666,0.6666666666666666,1,6,4,0,0,6,16,18,0.4242424242424242,0.7666666666666666,0.6666666666666666,0.3333333333333333,0.38888888888888884,0.8333333333333333,0.8333333333333333,0.6666666666666666,0.8444444444444444,0.3333333333333333,0.7666666666666666,0.7333333333333333,0.4242424242424242,0.7666666666666666,0.4629629629629629,0.7158730158730158,0.5533596837944664,0.6467110125646711,0,0,0,0,1,0,0,1,1,0
2019,Singapore,SG,Asia,EFUR3,https://www.fatf-gafi.org/en/publications/Mutualevaluations/Fur-singapore-2019.html,2019-11-01,FATF,1,SE,SE,ME,ME,ME,SE,ME,ME,LE,ME,SE,LC,C,C,C,LC,LC,LC,LC,C,C,C,C,C,LC,C,C,C,C,LC,LC,C,PC,LC,LC,C,LC,C,PC,C,C,C,C,LC,LC,PC,C,LC,LC,LC,LC,0.6666666666666666,0.6666666666666666,0.3333333333333333,0.3333333333333333,0.3333333333333333,0.6666666666666666,0.3333333333333333,0.3333333333333333,0.0,0.3333333333333333,0.6666666666666666,0.6666666666666666,1.0,1.0,1.0,0.6666666666666666,0.6666666666666666,0.6666666666666666,0.6666666666666666,1.0,1.0,1.0,1.0,1.0,0.6666666666666666,1.0,1.0,1.0,1.0,0.6666666666666666,0.6666666666666666,1.0,0.3333333333333333,0.6666666666666666,0.6666666666666666,1.0,0.6666666666666666,1.0,0.3333333333333333,1.0,1.0,1.0,1.0,0.6666666666666666,0.6666666666666666,0.3333333333333333,1.0,0.6666666666666666,0.6666666666666666,0.6666666666666666,0.6666666666666666,1,6,4,0,0,3,17,20,0.4242424242424242,0.8083333333333333,0.6666666666666666,0.3333333333333333,0.38888888888888884,0.8333333333333333,1.0,0.6666666666666666,0.8666666666666667,0.8333333333333333,0.7666666666666666,0.7333333333333333,0.4242424242424242,0.8083333333333333,0.4629629629629629,0.8142857142857143,0.5248359887535144,0.5685510071474983,1,1,0,0,1,0,0,1,1,3
2025,Sint Maarten,SX,North America,MER,https://www.fatf-gafi.org/content/fatf-gafi/en/publications/Mutualevaluations/sint-marteen-mer-2025.html,2025-07-01,CFATF,1,LE,LE,LE,ME,LE,LE,ME,LE,LE,LE,LE,PC,PC,C,C,C,PC,PC,PC,LC,PC,C,LC,C,PC,NC,PC,LC,PC,PC,C,C,LC,PC,PC,LC,LC,LC,PC,LC,C,C,LC,PC,PC,LC,PC,LC,PC,LC,LC,0.0,0.0,0.0,0.3333333333333333,0.0,0.0,0.3333333333333333,0.0,0.0,0.0,0.0,0.3333333333333333,0.3333333333333333,1.0,1.0,1.0,0.3333333333333333,0.3333333333333333,0.3333333333333333,0.6666666666666666,0.3333333333333333,1.0,0.6666666666666666,1.0,0.3333333333333333,0.0,0.3333333333333333,0.6666666666666666,0.3333333333333333,0.3333333333333333,1.0,1.0,0.6666666666666666,0.3333333333333333,0.3333333333333333,0.6666666666666666,0.6666666666666666,0.6666666666666666,0.3333333333333333,0.6666666666666666,1.0,1.0,0.6666666666666666,0.3333333333333333,0.3333333333333333,0.6666666666666666,0.3333333333333333,0.6666666666666666,0.3333333333333333,0.6666666666666666,0.6666666666666666,9,2,0,0,1,17,13,9,0.0606060606060606,0.5833333333333333,0.0,0.1111111111111111,0.05555555555555555,0.3333333333333333,1.0,0.5,0.5777777777777777,0.5,0.6333333333333333,0.5333333333333333,0.0606060606060606,0.5833333333333333,0.05555555555555555,0.5825396825396825,0.1038961038961039,0.09536784741144415,0,0,1,1,1,1,1,1,1,0
2020,Slovakia,SK,Europe,MER,https://www.fatf-gafi.org/en/publications/Mutualevaluations/Mer-slovak-republic-2020.html,2020-09-01,MONEYVAL,1,ME,SE,ME,ME,ME,ME,ME,LE,ME,ME,ME,PC,C,LC,LC,LC,LC,LC,PC,LC,PC,LC,PC,PC,LC,LC,LC,LC,PC,PC,PC,LC,LC,PC,LC,LC,PC,LC,PC,PC,PC,LC,PC,PC,LC,PC,LC,C,LC,LC,LC,0.3333333333333333,0.6666666666666666,0.3333333333333333,0.3333333333333333,0.3333333333333333,0.3333333333333333,0.3333333333333333,0.0,0.3333333333333333,0.3333333333333333,0.3333333333333333,0.3333333333333333,1.0,0.6666666666666666,0.6666666666666666,0.6666666666666666,0.6666666666666666,0.6666666666666666,0.3333333333333333,0.6666666666666666,0.3333333333333333,0.6666666666666666,0.3333333333333333,0.3333333333333333,0.6666666666666666,0.6666666666666666,0.6666666666666666,0.6666666666666666,0.3333333333333333,0.3333333333333333,0.3333333333333333,0.6666666666666666,0.6666666666666666,0.3333333333333333,0.6666666666666666,0.6666666666666666,0.3333333333333333,0.6666666666666666,0.3333333333333333,0.3333333333333333,0.3333333333333333,0.6666666666666666,0.3333333333333333,0.3333333333333333,0.6666666666666666,0.3333333333333333,0.6666666666666666,1.0,0.6666666666666666,0.6666666666666666,0.6666666666666666,1,9,1,0,0,16,22,2,0.3333333333333333,0.5499999999999999,0.5,0.3333333333333333,0.2777777777777778,0.6666666666666666,0.6666666666666666,0.5833333333333333,0.5111111111111111,0.6666666666666666,0.4333333333333333,0.7333333333333333,0.3333333333333333,0.5499999999999999,0.37037037037037035,0.6087301587301587,0.6060606060606061,0.6084311169056932,0,0,1,1,1,0,1,1,1,0
2022,Slovakia,SK,Europe,EFUR1,https://www.fatf-gafi.org/en/publications/Mutualevaluations/Fur-slovak-republic-2022.html,2022-11-01,MONEYVAL,1,ME,SE,ME,ME,ME,ME,ME,LE,ME,ME,ME,LC,C,LC,LC,LC,LC,LC,PC,LC,PC,LC,PC,PC,LC,PC,LC,LC,PC,PC,C,LC,LC,PC,LC,LC,PC,LC,PC,PC,C,LC,PC,C,LC,PC,LC,C,LC,LC,LC,0.3333333333333333,0.6666666666666666,0.3333333333333333,0.3333333333333333,0.3333333333333333,0.3333333333333333,0.3333333333333333,0.0,0.3333333333333333,0.3333333333333333,0.3333333333333333,0.6666666666666666,1.0,0.6666666666666666,0.6666666666666666,0.6666666666666666,0.6666666666666666,0.6666666666666666,0.3333333333333333,0.6666666666666666,0.3333333333333333,0.6666666666666666,0.3333333333333333,0.3333333333333333,0.6666666666666666,0.3333333333333333,0.6666666666666666,0.6666666666666666,0.3333333333333333,0.3333333333333333,1.0,0.6666666666666666,0.6666666666666666,0.3333333333333333,0.6666666666666666,0.6666666666666666,0.3333333333333333,0.6666666666666666,0.3333333333333333,0.3333333333333333,1.0,0.6666666666666666,0.3333333333333333,1.0,0.6666666666666666,0.3333333333333333,0.6666666666666666,1.0,0.6666666666666666,0.6666666666666666,0.6666666666666666,1,9,1,0,0,13,22,5,0.3333333333333333,0.6,0.5,0.3333333333333333,0.2777777777777778,0.8333333333333333,0.6666666666666666,0.5833333333333333,0.5333333333333333,0.6666666666666666,0.5666666666666667,0.7333333333333333,0.3333333333333333,0.6,0.37037037037037035,0.6547619047619048,0.5555555555555556,0.5656565656565656,1,1,1,1,1,0,1,1,1,1
2023,Slovakia,SK,Europe,EFUR2,https://www.fatf-gafi.org/content/fatf-gafi/en/publications/Mutualevaluations/Slovak-Republic-FUR-2024.html,2023-12-01,MONEYVAL,1,ME,SE,ME,ME,ME,ME,ME,LE,ME,ME,ME,LC,C,LC,LC,LC,LC,LC,PC,LC,PC,LC,PC,PC,LC,PC,LC,LC,PC,PC,C,LC,LC,PC,LC,LC,LC,LC,PC,PC,C,LC,PC,C,LC,PC,LC,C,LC,LC,LC,0.3333333333333333,0.6666666666666666,0.3333333333333333,0.3333333333333333,0.3333333333333333,0.3333333333333333,0.3333333333333333,0.0,0.3333333333333333,0.3333333333333333,0.3333333333333333,0.6666666666666666,1.0,0.6666666666666666,0.6666666666666666,0.6666666666666666,0.6666666666666666,0.6666666666666666,0.3333333333333333,0.6666666666666666,0.3333333333333333,0.6666666666666666,0.3333333333333333,0.3333333333333333,0.6666666666666666,0.3333333333333333,0.6666666666666666,0.6666666666666666,0.3333333333333333,0.3333333333333333,1.0,0.6666666666666666,0.6666666666666666,0.3333333333333333,0.6666666666666666,0.6666666666666666,0.6666666666666666,0.6666666666666666,0.3333333333333333,0.3333333333333333,1.0,0.6666666666666666,0.3333333333333333,1.0,0.6666666666666666,0.3333333333333333,0.6666666666666666,1.0,0.6666666666666666,0.6666666666666666,0.6666666666666666,1,9,1,0,0,12,23,5,0.3333333333333333,0.6083333333333333,0.5,0.3333333333333333,0.2777777777777778,0.8333333333333333,0.6666666666666666,0.5833333333333333,0.5333333333333333,0.6666666666666666,0.6,0.7333333333333333,0.3333333333333333,0.6083333333333333,0.37037037037037035,0.6595238095238095,0.547945205479452,0.5615724027276373,1,1,1,1,1,0,1,1,1,2
2024,Slovakia,SK,Europe,EFUR3,https://www.fatf-gafi.org/content/fatf-gafi/en/publications/Mutualevaluations/FUR-Slovak-Republic-Dec-2024.html,2024-12-01,MONEYVAL,1,ME,SE,ME,ME,ME,ME,ME,LE,ME,ME,ME,LC,C,LC,LC,LC,LC,LC,PC,LC,PC,LC,PC,PC,LC,PC,LC,LC,PC,PC,C,LC,LC,PC,LC,LC,LC,LC,PC,PC,C,LC,PC,C,LC,PC,LC,C,LC,LC,LC,0.3333333333333333,0.6666666666666666,0.3333333333333333,0.3333333333333333,0.3333333333333333,0.3333333333333333,0.3333333333333333,0.0,0.3333333333333333,0.3333333333333333,0.3333333333333333,0.6666666666666666,1.0,0.6666666666666666,0.6666666666666666,0.6666666666666666,0.6666666666666666,0.6666666666666666,0.3333333333333333,0.6666666666666666,0.3333333333333333,0.6666666666666666,0.3333333333333333,0.3333333333333333,0.6666666666666666,0.3333333333333333,0.6666666666666666,0.6666666666666666,0.3333333333333333,0.3333333333333333,1.0,0.6666666666666666,0.6666666666666666,0.3333333333333333,0.6666666666666666,0.6666666666666666,0.6666666666666666,0.6666666666666666,0.3333333333333333,0.3333333333333333,1.0,0.6666666666666666,0.3333333333333333,1.0,0.6666666666666666,0.3333333333333333,0.6666666666666666,1.0,0.6666666666666666,0.6666666666666666,0.6666666666666666,1,9,1,0,0,12,23,5,0.3333333333333333,0.6083333333333333,0.5,0.3333333333333333,0.2777777777777778,0.8333333333333333,0.6666666666666666,0.5833333333333333,0.5333333333333333,0.6666666666666666,0.6,0.7333333333333333,0.3333333333333333,0.6083333333333333,0.37037037037037035,0.6595238095238095,0.547945205479452,0.5615724027276373,1,1,1,1,1,0,1,1,1,3
2017,Slovenia,SI,Europe,MER,https://www.fatf-gafi.org/en/publications/Mutualevaluations/Mer-slovenia-2017.html,2017-06-01,MONEYVAL,1,ME,SE,ME,ME,ME,ME,ME,ME,ME,ME,ME,PC,LC,LC,LC,PC,PC,PC,PC,LC,LC,C,PC,PC,C,C,PC,LC,LC,LC,C,C,LC,LC,LC,LC,PC,C,PC,C,C,LC,PC,LC,C,C,LC,LC,LC,LC,LC,0.3333333333333333,0.6666666666666666,0.3333333333333333,0.3333333333333333,0.3333333333333333,0.3333333333333333,0.3333333333333333,0.3333333333333333,0.3333333333333333,0.3333333333333333,0.3333333333333333,0.3333333333333333,0.6666666666666666,0.6666666666666666,0.6666666666666666,0.3333333333333333,0.3333333333333333,0.3333333333333333,0.3333333333333333,0.6666666666666666,0.6666666666666666,1.0,0.3333333333333333,0.3333333333333333,1.0,1.0,0.3333333333333333,0.6666666666666666,0.6666666666666666,0.6666666666666666,1.0,1.0,0.6666666666666666,0.6666666666666666,0.6666666666666666,0.6666666666666666,0.3333333333333333,1.0,0.3333333333333333,1.0,1.0,0.6666666666666666,0.3333333333333333,0.6666666666666666,1.0,1.0,0.6666666666666666,0.6666666666666666,0.6666666666666666,0.6666666666666666,0.6666666666666666,0,10,1,0,0,11,19,10,0.3636363636363636,0.6583333333333333,0.5,0.3333333333333333,0.3333333333333333,0.5,0.6666666666666666,0.3333333333333333,0.7111111111111111,0.6666666666666666,0.7333333333333333,0.6666666666666666,0.3636363636363636,0.6583333333333333,0.3888888888888889,0.611111111111111,0.5523590333716916,0.6363636363636365,0,0,1,1,1,0,1,1,1,0
2018,Slovenia,SI,Europe,EFUR1,https://www.fatf-gafi.org/en/publications/Mutualevaluations/Fur-slovenia-2019.html,2018-12-01,MONEYVAL,1,ME,SE,ME,ME,ME,ME,ME,ME,ME,ME,ME,PC,LC,LC,LC,PC,PC,PC,PC,LC,LC,C,PC,PC,C,C,C,LC,LC,LC,C,C,LC,LC,LC,LC,PC,C,PC,C,C,LC,PC,LC,C,C,LC,LC,LC,LC,LC,0.3333333333333333,0.6666666666666666,0.3333333333333333,0.3333333333333333,0.3333333333333333,0.3333333333333333,0.3333333333333333,0.3333333333333333,0.3333333333333333,0.3333333333333333,0.3333333333333333,0.3333333333333333,0.6666666666666666,0.6666666666666666,0.6666666666666666,0.3333333333333333,0.3333333333333333,0.3333333333333333,0.3333333333333333,0.6666666666666666,0.6666666666666666,1.0,0.3333333333333333,0.3333333333333333,1.0,1.0,1.0,0.6666666666666666,0.6666666666666666,0.6666666666666666,1.0,1.0,0.6666666666666666,0.6666666666666666,0.6666666666666666,0.6666666666666666,0.3333333333333333,1.0,0.3333333333333333,1.0,1.0,0.6666666666666666,0.3333333333333333,0.6666666666666666,1.0,1.0,0.6666666666666666,0.6666666666666666,0.6666666666666666,0.6666666666666666,0.6666666666666666,0,10,1,0,0,10,19,11,0.3636363636363636,0.6749999999999999,0.5,0.3333333333333333,0.3333333333333333,0.5,0.6666666666666666,0.3333333333333333,0.7555555555555555,0.6666666666666666,0.7333333333333333,0.6666666666666666,0.3636363636363636,0.6749999999999999,0.3888888888888889,0.6174603174603175,0.5387205387205387,0.6298200514138818,1,1,1,1,1,0,1,1,1,1
2019,Slovenia,SI,Europe,EFUR2,https://www.fatf-gafi.org/en/publications/Mutualevaluations/Fur2-slovenia-2019.html,2019-12-01,MONEYVAL,1,ME,SE,ME,ME,ME,ME,ME,ME,ME,ME,ME,PC,LC,LC,LC,PC,PC,PC,PC,LC,LC,C,PC,PC,C,C,C,LC,LC,LC,C,C,LC,LC,LC,LC,PC,C,PC,C,C,LC,PC,LC,C,C,LC,LC,LC,LC,LC,0.3333333333333333,0.6666666666666666,0.3333333333333333,0.3333333333333333,0.3333333333333333,0.3333333333333333,0.3333333333333333,0.3333333333333333,0.3333333333333333,0.3333333333333333,0.3333333333333333,0.3333333333333333,0.6666666666666666,0.6666666666666666,0.6666666666666666,0.3333333333333333,0.3333333333333333,0.3333333333333333,0.3333333333333333,0.6666666666666666,0.6666666666666666,1.0,0.3333333333333333,0.3333333333333333,1.0,1.0,1.0,0.6666666666666666,0.6666666666666666,0.6666666666666666,1.0,1.0,0.6666666666666666,0.6666666666666666,0.6666666666666666,0.6666666666666666,0.3333333333333333,1.0,0.3333333333333333,1.0,1.0,0.6666666666666666,0.3333333333333333,0.6666666666666666,1.0,1.0,0.6666666666666666,0.6666666666666666,0.6666666666666666,0.6666666666666666,0.6666666666666666,0,10,1,0,0,10,19,11,0.3636363636363636,0.6749999999999999,0.5,0.3333333333333333,0.3333333333333333,0.5,0.6666666666666666,0.3333333333333333,0.7555555555555555,0.6666666666666666,0.7333333333333333,0.6666666666666666,0.3636363636363636,0.6749999999999999,0.3888888888888889,0.6174603174603175,0.5387205387205387,0.6298200514138818,1,1,1,1,1,0,1,1,1,2
2021,Slovenia,SI,Europe,EFUR3,https://www.fatf-gafi.org/en/publications/Mutualevaluations/Fur-slovenia-2021.html,2021-04-01,MONEYVAL,1,ME,SE,ME,ME,ME,ME,ME,ME,ME,ME,ME,PC,LC,LC,LC,PC,LC,LC,LC,LC,LC,C,C,LC,C,PC,C,LC,LC,LC,C,C,LC,LC,LC,LC,LC,C,LC,C,C,LC,PC,LC,C,C,LC,LC,LC,LC,LC,0.3333333333333333,0.6666666666666666,0.3333333333333333,0.3333333333333333,0.3333333333333333,0.3333333333333333,0.3333333333333333,0.3333333333333333,0.3333333333333333,0.3333333333333333,0.3333333333333333,0.3333333333333333,0.6666666666666666,0.6666666666666666,0.6666666666666666,0.3333333333333333,0.6666666666666666,0.6666666666666666,0.6666666666666666,0.6666666666666666,0.6666666666666666,1.0,1.0,0.6666666666666666,1.0,0.3333333333333333,1.0,0.6666666666666666,0.6666666666666666,0.6666666666666666,1.0,1.0,0.6666666666666666,0.6666666666666666,0.6666666666666666,0.6666666666666666,0.6666666666666666,1.0,0.6666666666666666,1.0,1.0,0.6666666666666666,0.3333333333333333,0.6666666666666666,1.0,1.0,0.6666666666666666,0.6666666666666666,0.6666666666666666,0.6666666666666666,0.6666666666666666,0,10,1,0,0,4,25,11,0.3636363636363636,0.725,0.5,0.3333333333333333,0.3333333333333333,0.5,0.6666666666666666,0.5833333333333333,0.7777777777777778,0.6666666666666666,0.7999999999999999,0.6666666666666666,0.3636363636363636,0.725,0.3888888888888889,0.6658730158730158,0.5015673981191222,0.5840286054827175,1,1,0,1,1,0,1,1,1,3
2022,Slovenia,SI,Europe,EFUR4,https://www.fatf-gafi.org/en/publications/Mutualevaluations/slovenia-follow-up-report-2022.html,2022-05-01,MONEYVAL,1,ME,SE,ME,ME,ME,ME,ME,ME,ME,ME,ME,LC,LC,LC,LC,PC,LC,LC,LC,LC,LC,C,C,LC,C,PC,C,LC,LC,LC,C,C,LC,LC,LC,LC,LC,C,LC,C,C,LC,PC,LC,C,C,LC,LC,LC,LC,LC,0.3333333333333333,0.6666666666666666,0.3333333333333333,0.3333333333333333,0.3333333333333333,0.3333333333333333,0.3333333333333333,0.3333333333333333,0.3333333333333333,0.3333333333333333,0.3333333333333333,0.6666666666666666,0.6666666666666666,0.6666666666666666,0.6666666666666666,0.3333333333333333,0.6666666666666666,0.6666666666666666,0.6666666666666666,0.6666666666666666,0.6666666666666666,1.0,1.0,0.6666666666666666,1.0,0.3333333333333333,1.0,0.6666666666666666,0.6666666666666666,0.6666666666666666,1.0,1.0,0.6666666666666666,0.6666666666666666,0.6666666666666666,0.6666666666666666,0.6666666666666666,1.0,0.6666666666666666,1.0,1.0,0.6666666666666666,0.3333333333333333,0.6666666666666666,1.0,1.0,0.6666666666666666,0.6666666666666666,0.6666666666666666,0.6666666666666666,0.6666666666666666,0,10,1,0,0,3,26,11,0.3636363636363636,0.7333333333333333,0.5,0.3333333333333333,0.3333333333333333,0.6666666666666666,0.6666666666666666,0.5833333333333333,0.7777777777777778,0.6666666666666666,0.7999999999999999,0.6666666666666666,0.3636363636363636,0.7333333333333333,0.3888888888888889,0.6896825396825397,0.4958677685950413,0.5638665132336018,1,1,0,1,1,0,1,1,1,4
2023,Slovenia,SI,Europe,EFUR5,https://www.fatf-gafi.org/en/publications/Mutualevaluations/Slovenia-FUR-2023.html,2023-05-01,MONEYVAL,1,ME,SE,ME,ME,ME,ME,ME,ME,ME,ME,ME,LC,LC,LC,LC,PC,LC,LC,LC,LC,LC,C,C,LC,C,LC,C,LC,LC,LC,C,C,LC,LC,LC,LC,LC,C,LC,C,C,LC,LC,LC,C,C,LC,LC,LC,LC,LC,0.3333333333333333,0.6666666666666666,0.3333333333333333,0.3333333333333333,0.3333333333333333,0.3333333333333333,0.3333333333333333,0.3333333333333333,0.3333333333333333,0.3333333333333333,0.3333333333333333,0.6666666666666666,0.6666666666666666,0.6666666666666666,0.6666666666666666,0.3333333333333333,0.6666666666666666,0.6666666666666666,0.6666666666666666,0.6666666666666666,0.6666666666666666,1.0,1.0,0.6666666666666666,1.0,0.6666666666666666,1.0,0.6666666666666666,0.6666666666666666,0.6666666666666666,1.0,1.0,0.6666666666666666,0.6666666666666666,0.6666666666666666,0.6666666666666666,0.6666666666666666,1.0,0.6666666666666666,1.0,1.0,0.6666666666666666,0.6666666666666666,0.6666666666666666,1.0,1.0,0.6666666666666666,0.6666666666666666,0.6666666666666666,0.6666666666666666,0.6666666666666666,0,10,1,0,0,1,28,11,0.3636363636363636,0.75,0.5,0.3333333333333333,0.3333333333333333,0.6666666666666666,0.6666666666666666,0.5833333333333333,0.7999999999999999,0.6666666666666666,0.8333333333333333,0.6666666666666666,0.3636363636363636,0.75,0.3888888888888889,0.6976190476190476,0.4848484848484848,0.5574516496018203,1,1,0,1,1,0,1,1,1,5
2023,Slovenia,SI,Europe,EFUR6,https://www.fatf-gafi.org/content/fatf-gafi/en/publications/Mutualevaluations/FUR-Slovenia-2024.html,2023-12-01,MONEYVAL,1,ME,SE,ME,ME,ME,ME,ME,ME,ME,ME,ME,LC,LC,LC,LC,LC,LC,LC,LC,LC,LC,C,C,LC,C,LC,C,LC,LC,LC,C,C,LC,LC,LC,LC,LC,C,LC,C,C,LC,LC,LC,C,C,LC,LC,LC,LC,LC,0.3333333333333333,0.6666666666666666,0.3333333333333333,0.3333333333333333,0.3333333333333333,0.3333333333333333,0.3333333333333333,0.3333333333333333,0.3333333333333333,0.3333333333333333,0.3333333333333333,0.6666666666666666,0.6666666666666666,0.6666666666666666,0.6666666666666666,0.6666666666666666,0.6666666666666666,0.6666666666666666,0.6666666666666666,0.6666666666666666,0.6666666666666666,1.0,1.0,0.6666666666666666,1.0,0.6666666666666666,1.0,0.6666666666666666,0.6666666666666666,0.6666666666666666,1.0,1.0,0.6666666666666666,0.6666666666666666,0.6666666666666666,0.6666666666666666,0.6666666666666666,1.0,0.6666666666666666,1.0,1.0,0.6666666666666666,0.6666666666666666,0.6666666666666666,1.0,1.0,0.6666666666666666,0.6666666666666666,0.6666666666666666,0.6666666666666666,0.6666666666666666,0,10,1,0,0,0,29,11,0.3636363636363636,0.7583333333333333,0.5,0.3333333333333333,0.3333333333333333,0.6666666666666666,0.6666666666666666,0.6666666666666666,0.7999999999999999,0.6666666666666666,0.8333333333333333,0.6666666666666666,0.3636363636363636,0.7583333333333333,0.3888888888888889,0.7095238095238094,0.4795204795204795,0.5480984340044743,1,1,0,0,1,0,0,1,1,6
2019,Solomon Islands,SB,Oceania,MER,https://www.fatf-gafi.org/en/publications/Mutualevaluations/Mer-solomon-isands-2019.html,2019-10-01,APG,1,ME,ME,LE,LE,LE,ME,LE,LE,LE,LE,LE,PC,PC,LC,LC,LC,NC,NC,NC,C,NC,PC,PC,NC,PC,NC,NC,PC,NC,NC,C,C,NC,PC,PC,NC,PC,LC,PC,LC,C,LC,LC,PC,PC,PC,PC,PC,PC,LC,PC,0.3333333333333333,0.3333333333333333,0.0,0.0,0.0,0.3333333333333333,0.0,0.0,0.0,0.0,0.0,0.3333333333333333,0.3333333333333333,0.6666666666666666,0.6666666666666666,0.6666666666666666,0.0,0.0,0.0,1.0,0.0,0.3333333333333333,0.3333333333333333,0.0,0.3333333333333333,0.0,0.0,0.3333333333333333,0.0,0.0,1.0,1.0,0.0,0.3333333333333333,0.3333333333333333,0.0,0.3333333333333333,0.6666666666666666,0.3333333333333333,0.6666666666666666,1.0,0.6666666666666666,0.6666666666666666,0.3333333333333333,0.3333333333333333,0.3333333333333333,0.3333333333333333,0.3333333333333333,0.3333333333333333,0.6666666666666666,0.3333333333333333,8,3,0,0,11,17,8,4,0.0909090909090909,0.375,0.3333333333333333,0.0,0.05555555555555555,0.3333333333333333,0.6666666666666666,0.16666666666666666,0.3111111111111111,0.16666666666666666,0.5333333333333333,0.39999999999999997,0.0909090909090909,0.375,0.12962962962962962,0.3682539682539682,0.2424242424242424,0.3520114942528736,0,0,1,1,1,1,1,1,1,0
2021,South Africa,ZA,Africa,MER,https://www.fatf-gafi.org/en/publications/Mutualevaluations/Mer-south-africa-2021.html,2021-10-01,ESAAMLG,1,ME,ME,ME,ME,LE,ME,ME,ME,LE,LE,ME,PC,PC,LC,LC,PC,NC,PC,NC,LC,PC,LC,NC,LC,PC,NC,LC,NC,PC,LC,LC,C,PC,PC,PC,PC,PC,PC,PC,LC,C,C,PC,LC,LC,LC,LC,LC,LC,LC,LC,0.3333333333333333,0.3333333333333333,0.3333333333333333,0.3333333333333333,0.0,0.3333333333333333,0.3333333333333333,0.3333333333333333,0.0,0.0,0.3333333333333333,0.3333333333333333,0.3333333333333333,0.6666666666666666,0.6666666666666666,0.3333333333333333,0.0,0.3333333333333333,0.0,0.6666666666666666,0.3333333333333333,0.6666666666666666,0.0,0.6666666666666666,0.3333333333333333,0.0,0.6666666666666666,0.0,0.3333333333333333,0.6666666666666666,0.6666666666666666,1.0,0.3333333333333333,0.3333333333333333,0.3333333333333333,0.3333333333333333,0.3333333333333333,0.3333333333333333,0.3333333333333333,0.6666666666666666,1.0,1.0,0.3333333333333333,0.6666666666666666,0.6666666666666666,0.6666666666666666,0.6666666666666666,0.6666666666666666,0.6666666666666666,0.6666666666666666,0.6666666666666666,3,8,0,0,5,15,17,3,0.2424242424242424,0.48333333333333334,0.3333333333333333,0.2222222222222222,0.2222222222222222,0.3333333333333333,0.6666666666666666,0.16666666666666666,0.4444444444444444,0.3333333333333333,0.6,0.6666666666666666,0.2424242424242424,0.48333333333333334,0.25925925925925924,0.4587301587301587,0.5015673981191222,0.5651672433679354,0,0,1,1,1,0,1,1,1,0
2023,South Africa,ZA,Africa,EFUR2,https://www.fatf-gafi.org/content/fatf-gafi/en/publications/Mutualevaluations/south-africa-fur-2023.html,2023-11-01,FATF,1,ME,ME,ME,ME,LE,ME,ME,ME,LE,LE,ME,LC,PC,LC,LC,C,PC,LC,PC,LC,LC,LC,LC,LC,LC,PC,LC,NA,LC,LC,LC,C,LC,C,LC,LC,LC,LC,LC,LC,C,C,PC,LC,LC,LC,LC,LC,LC,LC,LC,0.3333333333333333,0.3333333333333333,0.3333333333333333,0.3333333333333333,0.0,0.3333333333333333,0.3333333333333333,0.3333333333333333,0.0,0.0,0.3333333333333333,0.6666666666666666,0.3333333333333333,0.6666666666666666,0.6666666666666666,1.0,0.3333333333333333,0.6666666666666666,0.3333333333333333,0.6666666666666666,0.6666666666666666,0.6666666666666666,0.6666666666666666,0.6666666666666666,0.6666666666666666,0.3333333333333333,0.6666666666666666,0.6666666666666666,0.6666666666666666,0.6666666666666666,0.6666666666666666,1.0,0.6666666666666666,1.0,0.6666666666666666,0.6666666666666666,0.6666666666666666,0.6666666666666666,0.6666666666666666,0.6666666666666666,1.0,1.0,0.3333333333333333,0.6666666666666666,0.6666666666666666,0.6666666666666666,0.6666666666666666,0.6666666666666666,0.6666666666666666,0.6666666666666666,0.6666666666666666,3,8,0,0,0,5,29,5,0.2424242424242424,0.6666666666666666,0.3333333333333333,0.2222222222222222,0.2222222222222222,0.5,0.6666666666666666,0.5833333333333333,0.6888888888888889,0.6666666666666666,0.7,0.6666666666666666,0.2424242424242424,0.6666666666666666,0.25925925925925924,0.6388888888888888,0.36363636363636365,0.4057971014492754,1,1,0,0,1,0,0,1,1,2
2024,South Africa,ZA,Africa,EFUR3,https://www.fatf-gafi.org/content/fatf-gafi/en/publications/Mutualevaluations/south-africa-fur-2024.html,2024-10-01,FATF,1,ME,ME,ME,ME,LE,ME,ME,ME,LE,LE,ME,LC,LC,LC,LC,C,LC,LC,PC,LC,LC,LC,LC,LC,LC,LC,LC,NA,LC,LC,LC,C,LC,C,LC,LC,LC,LC,LC,LC,C,C,PC,LC,LC,LC,LC,LC,LC,LC,LC,0.3333333333333333,0.3333333333333333,0.3333333333333333,0.3333333333333333,0.0,0.3333333333333333,0.3333333333333333,0.3333333333333333,0.0,0.0,0.3333333333333333,0.6666666666666666,0.6666666666666666,0.6666666666666666,0.6666666666666666,1.0,0.6666666666666666,0.6666666666666666,0.3333333333333333,0.6666666666666666,0.6666666666666666,0.6666666666666666,0.6666666666666666,0.6666666666666666,0.6666666666666666,0.6666666666666666,0.6666666666666666,0.6923076923076923,0.6666666666666666,0.6666666666666666,0.6666666666666666,1.0,0.6666666666666666,1.0,0.6666666666666666,0.6666666666666666,0.6666666666666666,0.6666666666666666,0.6666666666666666,0.6666666666666666,1.0,1.0,0.3333333333333333,0.6666666666666666,0.6666666666666666,0.6666666666666666,0.6666666666666666,0.6666666666666666,0.6666666666666666,0.6666666666666666,0.6666666666666666,3,8,0,0,0,2,32,5,0.2424242424242424,0.6923076923076923,0.3333333333333333,0.2222222222222222,0.2222222222222222,0.6666666666666666,0.6666666666666666,0.6666666666666666,0.7128205128205128,0.6666666666666666,0.7,0.6666666666666666,0.2424242424242424,0.6923076923076923,0.25925925925925924,0.678021978021978,0.35016835016835013,0.382375892910739,1,1,0,0,1,0,0,1,1,3
2014,Spain,ES,Europe,MER,https://www.fatf-gafi.org/en/publications/Mutualevaluations/Mer-spain-2014.html,2014-12-01,FATF,0,SE,SE,SE,ME,SE,HE,SE,SE,SE,ME,ME,C,LC,LC,C,LC,PC,PC,LC,C,LC,C,C,C,C,C,PC,LC,C,C,C,C,LC,C,LC,LC,LC,C,LC,C,C,C,C,C,C,C,C,C,C,LC,C,0.6666666666666666,0.6666666666666666,0.6666666666666666,0.3333333333333333,0.6666666666666666,1.0,0.6666666666666666,0.6666666666666666,0.6666666666666666,0.3333333333333333,0.3333333333333333,1.0,0.6666666666666666,0.6666666666666666,1.0,0.6666666666666666,0.3333333333333333,0.3333333333333333,0.6666666666666666,1.0,0.6666666666666666,1.0,1.0,1.0,1.0,1.0,0.3333333333333333,0.6666666666666666,1.0,1.0,1.0,1.0,0.6666666666666666,1.0,0.6666666666666666,0.6666666666666666,0.6666666666666666,1.0,0.6666666666666666,1.0,1.0,1.0,1.0,1.0,1.0,1.0,1.0,1.0,1.0,0.6666666666666666,1.0,0,3,7,1,0,3,12,25,0.6060606060606061,0.85,0.6666666666666666,0.5555555555555556,0.611111111111111,0.8333333333333333,0.8333333333333333,0.5,0.8888888888888888,0.6666666666666666,0.9333333333333333,0.9333333333333333,0.6060606060606061,0.85,0.611111111111111,0.7984126984126984,0.7130124777183601,0.7654075546719682,0,0,0,0,0,0,0,0,0,0
2018,Spain,ES,Europe,RFUR1,https://www.fatf-gafi.org/en/publications/Mutualevaluations/Fur-spain-2018.html,2018-03-01,FATF,0,SE,SE,SE,ME,SE,HE,SE,SE,SE,ME,ME,C,LC,LC,C,C,PC,PC,LC,C,LC,C,C,C,C,C,C,LC,C,C,C,C,LC,C,LC,LC,LC,C,LC,C,C,C,C,C,C,C,C,C,C,C,C,0.6666666666666666,0.6666666666666666,0.6666666666666666,0.3333333333333333,0.6666666666666666,1.0,0.6666666666666666,0.6666666666666666,0.6666666666666666,0.3333333333333333,0.3333333333333333,1.0,0.6666666666666666,0.6666666666666666,1.0,1.0,0.3333333333333333,0.3333333333333333,0.6666666666666666,1.0,0.6666666666666666,1.0,1.0,1.0,1.0,1.0,1.0,0.6666666666666666,1.0,1.0,1.0,1.0,0.6666666666666666,1.0,0.6666666666666666,0.6666666666666666,0.6666666666666666,1.0,0.6666666666666666,1.0,1.0,1.0,1.0,1.0,1.0,1.0,1.0,1.0,1.0,1.0,1.0,0,3,7,1,0,2,10,28,0.6060606060606061,0.8833333333333333,0.6666666666666666,0.5555555555555556,0.611111111111111,0.8333333333333333,0.8333333333333333,0.5833333333333333,0.9333333333333333,0.6666666666666666,0.9333333333333333,1.0,0.6060606060606061,0.8833333333333333,0.611111111111111,0.8261904761904761,0.686106346483705,0.7396733909702209,1,0,0,0,0,0,0,0,0,1
2019,Spain,ES,Europe,FUAR,https://www.fatf-gafi.org/en/publications/Mutualevaluations/Fuar-spain-2019.html,2019-12-01,FATF,0,SE,SE,SE,SE,SE,HE,SE,SE,SE,ME,SE,C,LC,LC,C,C,PC,PC,LC,C,LC,C,C,C,C,C,C,LC,C,C,C,C,LC,C,LC,LC,LC,C,LC,C,C,C,C,C,C,C,C,C,C,C,C,0.6666666666666666,0.6666666666666666,0.6666666666666666,0.6666666666666666,0.6666666666666666,1.0,0.6666666666666666,0.6666666666666666,0.6666666666666666,0.3333333333333333,0.6666666666666666,1.0,0.6666666666666666,0.6666666666666666,1.0,1.0,0.3333333333333333,0.3333333333333333,0.6666666666666666,1.0,0.6666666666666666,1.0,1.0,1.0,1.0,1.0,1.0,0.6666666666666666,1.0,1.0,1.0,1.0,0.6666666666666666,1.0,0.6666666666666666,0.6666666666666666,0.6666666666666666,1.0,0.6666666666666666,1.0,1.0,1.0,1.0,1.0,1.0,1.0,1.0,1.0,1.0,1.0,1.0,0,1,9,1,0,2,10,28,0.6666666666666666,0.8833333333333333,0.6666666666666666,0.6666666666666666,0.6666666666666666,0.8333333333333333,0.8333333333333333,0.5833333333333333,0.9333333333333333,0.6666666666666666,0.9333333333333333,1.0,0.6666666666666666,0.8833333333333333,0.6666666666666666,0.8261904761904761,0.7547169811320754,0.8069164265129684,1,0,0,0,0,0,0,0,0,5
2015,Sri Lanka,LK,Asia,MER,https://www.fatf-gafi.org/en/publications/Mutualevaluations/Mer-sri-lanka-2015.html,2015-09-01,APG,1,ME,LE,LE,LE,LE,LE,LE,LE,SE,LE,LE,PC,PC,LC,PC,C,LC,NC,PC,LC,NC,LC,NC,NC,NC,PC,NC,NC,PC,NC,C,C,NC,PC,NC,NC,PC,C,NC,PC,C,LC,PC,PC,PC,PC,LC,PC,PC,LC,PC,0.3333333333333333,0.0,0.0,0.0,0.0,0.0,0.0,0.0,0.6666666666666666,0.0,0.0,0.3333333333333333,0.3333333333333333,0.6666666666666666,0.3333333333333333,1.0,0.6666666666666666,0.0,0.3333333333333333,0.6666666666666666,0.0,0.6666666666666666,0.0,0.0,0.0,0.3333333333333333,0.0,0.0,0.3333333333333333,0.0,1.0,1.0,0.0,0.3333333333333333,0.0,0.0,0.3333333333333333,1.0,0.0,0.3333333333333333,1.0,0.6666666666666666,0.3333333333333333,0.3333333333333333,0.3333333333333333,0.3333333333333333,0.6666666666666666,0.3333333333333333,0.3333333333333333,0.6666666666666666,0.3333333333333333,9,1,1,0,12,16,7,5,0.0909090909090909,0.375,0.16666666666666666,0.0,0.1111111111111111,0.3333333333333333,0.5,0.5,0.28888888888888886,0.0,0.4666666666666667,0.4666666666666666,0.0909090909090909,0.375,0.09259259259259259,0.36507936507936506,0.2424242424242424,0.2536231884057971,0,0,1,1,1,1,1,1,1,0
2016,Sri Lanka,LK,Asia,EFUR1,https://www.fatf-gafi.org/en/publications/Mutualevaluations/Fur-sri-lanka-2016.html,2016-07-01,APG,1,ME,LE,LE,LE,LE,LE,LE,LE,SE,LE,LE,PC,LC,LC,PC,C,LC,NC,PC,LC,LC,LC,LC,LC,NC,LC,LC,LC,LC,LC,C,C,NC,PC,NC,NC,PC,C,NC,PC,C,LC,PC,PC,PC,PC,LC,PC,PC,LC,PC,0.3333333333333333,0.0,0.0,0.0,0.0,0.0,0.0,0.0,0.6666666666666666,0.0,0.0,0.3333333333333333,0.6666666666666666,0.6666666666666666,0.3333333333333333,1.0,0.6666666666666666,0.0,0.3333333333333333,0.6666666666666666,0.6666666666666666,0.6666666666666666,0.6666666666666666,0.6666666666666666,0.0,0.6666666666666666,0.6666666666666666,0.6666666666666666,0.6666666666666666,0.6666666666666666,1.0,1.0,0.0,0.3333333333333333,0.0,0.0,0.3333333333333333,1.0,0.0,0.3333333333333333,1.0,0.6666666666666666,0.3333333333333333,0.3333333333333333,0.3333333333333333,0.3333333333333333,0.6666666666666666,0.3333333333333333,0.3333333333333333,0.6666666666666666,0.3333333333333333,9,1,1,0,6,13,16,5,0.0909090909090909,0.5,0.16666666666666666,0.0,0.1111111111111111,0.5,0.5,0.5,0.6,0.0,0.4666666666666667,0.4666666666666666,0.0909090909090909,0.5,0.09259259259259259,0.43333333333333335,0.1818181818181818,0.21367521367521367,1,1,1,0,1,1,1,1,1,1
2018,Sri Lanka,LK,Asia,EFUR3,https://www.fatf-gafi.org/en/publications/Mutualevaluations/Fur-sri-lanka-2018.html,2018-09-01,APG,1,ME,LE,LE,LE,LE,LE,LE,LE,SE,LE,LE,LC,LC,LC,PC,C,LC,NC,PC,LC,LC,LC,LC,LC,NC,LC,LC,LC,LC,LC,C,C,LC,C,NC,NC,PC,C,NC,LC,C,LC,PC,LC,LC,PC,LC,PC,PC,LC,PC,0.3333333333333333,0.0,0.0,0.0,0.0,0.0,0.0,0.0,0.6666666666666666,0.0,0.0,0.6666666666666666,0.6666666666666666,0.6666666666666666,0.3333333333333333,1.0,0.6666666666666666,0.0,0.3333333333333333,0.6666666666666666,0.6666666666666666,0.6666666666666666,0.6666666666666666,0.6666666666666666,0.0,0.6666666666666666,0.6666666666666666,0.6666666666666666,0.6666666666666666,0.6666666666666666,1.0,1.0,0.6666666666666666,1.0,0.0,0.0,0.3333333333333333,1.0,0.0,0.6666666666666666,1.0,0.6666666666666666,0.3333333333333333,0.6666666666666666,0.6666666666666666,0.3333333333333333,0.6666666666666666,0.3333333333333333,0.3333333333333333,0.6666666666666666,0.3333333333333333,9,1,1,0,5,8,21,6,0.0909090909090909,0.5666666666666667,0.16666666666666666,0.0,0.1111111111111111,0.6666666666666666,0.5,0.5,0.6888888888888889,0.0,0.5666666666666667,0.4666666666666666,0.0909090909090909,0.5666666666666667,0.09259259259259259,0.48412698412698413,0.160427807486631,0.1912568306010929,1,1,1,0,1,1,1,1,1,3
2019,Sri Lanka,LK,Asia,EFUR4,https://www.fatf-gafi.org/en/publications/Mutualevaluations/Fur-sri-lanka-2019.html,2019-10-01,APG,1,ME,LE,LE,LE,LE,LE,LE,LE,SE,LE,LE,LC,LC,LC,PC,C,LC,LC,PC,LC,LC,LC,LC,LC,NC,LC,LC,LC,LC,LC,C,C,LC,C,NC,LC,PC,C,PC,LC,C,LC,PC,LC,LC,PC,LC,C,LC,LC,PC,0.3333333333333333,0.0,0.0,0.0,0.0,0.0,0.0,0.0,0.6666666666666666,0.0,0.0,0.6666666666666666,0.6666666666666666,0.6666666666666666,0.3333333333333333,1.0,0.6666666666666666,0.6666666666666666,0.3333333333333333,0.6666666666666666,0.6666666666666666,0.6666666666666666,0.6666666666666666,0.6666666666666666,0.0,0.6666666666666666,0.6666666666666666,0.6666666666666666,0.6666666666666666,0.6666666666666666,1.0,1.0,0.6666666666666666,1.0,0.0,0.6666666666666666,0.3333333333333333,1.0,0.3333333333333333,0.6666666666666666,1.0,0.6666666666666666,0.3333333333333333,0.6666666666666666,0.6666666666666666,0.3333333333333333,0.6666666666666666,1.0,0.6666666666666666,0.6666666666666666,0.3333333333333333,9,1,1,0,2,7,24,7,0.0909090909090909,0.6333333333333333,0.16666666666666666,0.0,0.1111111111111111,0.6666666666666666,0.5,0.6666666666666666,0.6888888888888889,0.3333333333333333,0.6,0.6666666666666666,0.0909090909090909,0.6333333333333333,0.09259259259259259,0.5888888888888889,0.14354066985645933,0.15723270440251572,1,1,1,0,1,1,1,1,1,4
2020,Sri Lanka,LK,Asia,EFUR5,https://www.fatf-gafi.org/en/publications/Mutualevaluations/Fur-sri-lanka-2020.html,2020-11-01,APG,1,ME,LE,LE,LE,LE,LE,LE,LE,SE,LE,LE,LC,LC,LC,PC,C,LC,LC,PC,LC,LC,LC,LC,LC,LC,PC,LC,LC,LC,LC,C,C,LC,C,NC,LC,PC,C,PC,LC,C,LC,PC,LC,LC,PC,LC,C,LC,LC,PC,0.3333333333333333,0.0,0.0,0.0,0.0,0.0,0.0,0.0,0.6666666666666666,0.0,0.0,0.6666666666666666,0.6666666666666666,0.6666666666666666,0.3333333333333333,1.0,0.6666666666666666,0.6666666666666666,0.3333333333333333,0.6666666666666666,0.6666666666666666,0.6666666666666666,0.6666666666666666,0.6666666666666666,0.6666666666666666,0.3333333333333333,0.6666666666666666,0.6666666666666666,0.6666666666666666,0.6666666666666666,1.0,1.0,0.6666666666666666,1.0,0.0,0.6666666666666666,0.3333333333333333,1.0,0.3333333333333333,0.6666666666666666,1.0,0.6666666666666666,0.3333333333333333,0.6666666666666666,0.6666666666666666,0.3333333333333333,0.6666666666666666,1.0,0.6666666666666666,0.6666666666666666,0.3333333333333333,9,1,1,0,1,8,24,7,0.0909090909090909,0.6416666666666666,0.16666666666666666,0.0,0.1111111111111111,0.6666666666666666,0.5,0.6666666666666666,0.711111111111111,0.3333333333333333,0.6,0.6666666666666666,0.0909090909090909,0.6416666666666666,0.09259259259259259,0.5920634920634921,0.14167650531286893,0.15638963360142985,1,1,1,0,1,1,1,1,1,5
2021,Sri Lanka,LK,Asia,EFUR6,https://www.fatf-gafi.org/en/publications/Mutualevaluations/Fur-sri-lanka-2021.html,2021-10-01,APG,1,ME,LE,LE,LE,LE,LE,LE,LE,SE,LE,LE,LC,LC,LC,PC,C,LC,LC,PC,LC,LC,LC,LC,LC,LC,PC,LC,LC,LC,LC,C,C,LC,C,NC,LC,PC,C,PC,LC,C,LC,LC,LC,LC,PC,LC,C,LC,LC,PC,0.3333333333333333,0.0,0.0,0.0,0.0,0.0,0.0,0.0,0.6666666666666666,0.0,0.0,0.6666666666666666,0.6666666666666666,0.6666666666666666,0.3333333333333333,1.0,0.6666666666666666,0.6666666666666666,0.3333333333333333,0.6666666666666666,0.6666666666666666,0.6666666666666666,0.6666666666666666,0.6666666666666666,0.6666666666666666,0.3333333333333333,0.6666666666666666,0.6666666666666666,0.6666666666666666,0.6666666666666666,1.0,1.0,0.6666666666666666,1.0,0.0,0.6666666666666666,0.3333333333333333,1.0,0.3333333333333333,0.6666666666666666,1.0,0.6666666666666666,0.6666666666666666,0.6666666666666666,0.6666666666666666,0.3333333333333333,0.6666666666666666,1.0,0.6666666666666666,0.6666666666666666,0.3333333333333333,9,1,1,0,1,7,25,7,0.0909090909090909,0.65,0.16666666666666666,0.0,0.1111111111111111,0.6666666666666666,0.5,0.6666666666666666,0.711111111111111,0.3333333333333333,0.6333333333333333,0.6666666666666666,0.0909090909090909,0.65,0.09259259259259259,0.5968253968253968,0.13986013986013984,0.1551418439716312,1,1,1,0,1,1,1,1,1,6
2024,Saint Vincent and the Grenadines,VC,North America,MER,https://www.fatf-gafi.org/content/fatf-gafi/en/publications/Mutualevaluations/St-Vincent-Grenadines-MER-2024.html,2024-01-01,CFATF,1,SE,SE,ME,ME,ME,SE,ME,ME,LE,LE,LE,LC,LC,C,C,PC,PC,NC,LC,C,LC,C,LC,LC,LC,PC,PC,C,C,C,C,C,LC,C,PC,PC,LC,LC,LC,C,C,LC,LC,C,LC,LC,LC,PC,PC,PC,LC,0.6666666666666666,0.6666666666666666,0.3333333333333333,0.3333333333333333,0.3333333333333333,0.6666666666666666,0.3333333333333333,0.3333333333333333,0.0,0.0,0.0,0.6666666666666666,0.6666666666666666,1.0,1.0,0.3333333333333333,0.3333333333333333,0.0,0.6666666666666666,1.0,0.6666666666666666,1.0,0.6666666666666666,0.6666666666666666,0.6666666666666666,0.3333333333333333,0.3333333333333333,1.0,1.0,1.0,1.0,1.0,0.6666666666666666,1.0,0.3333333333333333,0.3333333333333333,0.6666666666666666,0.6666666666666666,0.6666666666666666,1.0,1.0,0.6666666666666666,0.6666666666666666,1.0,0.6666666666666666,0.6666666666666666,0.6666666666666666,0.3333333333333333,0.3333333333333333,0.3333333333333333,0.6666666666666666,3,5,3,0,1,9,17,13,0.3333333333333333,0.6833333333333333,0.6666666666666666,0.3333333333333333,0.2222222222222222,0.6666666666666666,1.0,0.3333333333333333,0.7999999999999999,0.3333333333333333,0.7666666666666666,0.4666666666666666,0.3333333333333333,0.6833333333333333,0.4074074074074074,0.6238095238095238,0.4878048780487805,0.6530958439355385,0,0,1,1,1,0,1,1,1,0
2023,Suriname,SR,South America,MER,https://www.fatf-gafi.org/en/publications/Mutualevaluations/mer-suriname-2023.html,2023-01-01,CFATF,1,LE,LE,LE,LE,LE,LE,LE,LE,LE,LE,LE,PC,PC,PC,LC,PC,NC,NC,NC,LC,PC,LC,PC,PC,LC,NC,LC,LC,LC,PC,LC,PC,PC,PC,NC,NC,PC,PC,PC,PC,PC,PC,PC,LC,C,PC,PC,PC,NC,PC,PC,0.0,0.0,0.0,0.0,0.0,0.0,0.0,0.0,0.0,0.0,0.0,0.3333333333333333,0.3333333333333333,0.3333333333333333,0.6666666666666666,0.3333333333333333,0.0,0.0,0.0,0.6666666666666666,0.3333333333333333,0.6666666666666666,0.3333333333333333,0.3333333333333333,0.6666666666666666,0.0,0.6666666666666666,0.6666666666666666,0.6666666666666666,0.3333333333333333,0.6666666666666666,0.3333333333333333,0.3333333333333333,0.3333333333333333,0.0,0.0,0.3333333333333333,0.3333333333333333,0.3333333333333333,0.3333333333333333,0.3333333333333333,0.3333333333333333,0.3333333333333333,0.6666666666666666,1.0,0.3333333333333333,0.3333333333333333,0.3333333333333333,0.0,0.3333333333333333,0.3333333333333333,11,0,0,0,7,23,9,1,0.0,0.36666666666666664,0.0,0.0,0.0,0.3333333333333333,0.5,0.08333333333333333,0.4666666666666666,0.0,0.4333333333333333,0.26666666666666666,0.0,0.36666666666666664,0.0,0.2976190476190476,0.0,0.0,0,0,1,1,1,1,1,1,1,0
2023,Suriname,SR,South America,EFUR1,https://www.fatf-gafi.org/content/fatf-gafi/en/publications/Mutualevaluations/suriname-fur-2023.html,2023-10-01,CFATF,1,LE,LE,LE,LE,LE,LE,LE,LE,LE,LE,LE,PC,PC,PC,LC,PC,NC,NC,NC,LC,PC,LC,LC,C,LC,NC,LC,LC,LC,PC,LC,C,LC,PC,NC,NC,PC,PC,PC,PC,PC,PC,PC,LC,C,PC,PC,PC,NC,PC,PC,0.0,0.0,0.0,0.0,0.0,0.0,0.0,0.0,0.0,0.0,0.0,0.3333333333333333,0.3333333333333333,0.3333333333333333,0.6666666666666666,0.3333333333333333,0.0,0.0,0.0,0.6666666666666666,0.3333333333333333,0.6666666666666666,0.6666666666666666,1.0,0.6666666666666666,0.0,0.6666666666666666,0.6666666666666666,0.6666666666666666,0.3333333333333333,0.6666666666666666,1.0,0.6666666666666666,0.3333333333333333,0.0,0.0,0.3333333333333333,0.3333333333333333,0.3333333333333333,0.3333333333333333,0.3333333333333333,0.3333333333333333,0.3333333333333333,0.6666666666666666,1.0,0.3333333333333333,0.3333333333333333,0.3333333333333333,0.0,0.3333333333333333,0.3333333333333333,11,0,0,0,7,19,11,3,0.0,0.41666666666666663,0.0,0.0,0.0,0.3333333333333333,0.5,0.08333333333333333,0.6,0.0,0.4333333333333333,0.26666666666666666,0.0,0.41666666666666663,0.0,0.31666666666666665,0.0,0.0,1,1,1,1,1,1,1,1,1,1
2017,Sweden,SE,Europe,MER,https://www.fatf-gafi.org/en/publications/Mutualevaluations/Mer-sweden-2017.html,2017-04-01,FATF,1,ME,HE,ME,ME,ME,ME,SE,SE,SE,ME,SE,LC,PC,LC,LC,LC,PC,PC,LC,LC,LC,C,LC,LC,C,C,PC,PC,PC,LC,C,C,LC,LC,PC,PC,PC,LC,LC,LC,C,LC,PC,LC,LC,LC,C,LC,LC,C,C,0.3333333333333333,1.0,0.3333333333333333,0.3333333333333333,0.3333333333333333,0.3333333333333333,0.6666666666666666,0.6666666666666666,0.6666666666666666,0.3333333333333333,0.6666666666666666,0.6666666666666666,0.3333333333333333,0.6666666666666666,0.6666666666666666,0.6666666666666666,0.3333333333333333,0.3333333333333333,0.6666666666666666,0.6666666666666666,0.6666666666666666,1.0,0.6666666666666666,0.6666666666666666,1.0,1.0,0.3333333333333333,0.3333333333333333,0.3333333333333333,0.6666666666666666,1.0,1.0,0.6666666666666666,0.6666666666666666,0.3333333333333333,0.3333333333333333,0.3333333333333333,0.6666666666666666,0.6666666666666666,0.6666666666666666,1.0,0.6666666666666666,0.3333333333333333,0.6666666666666666,0.6666666666666666,0.6666666666666666,1.0,0.6666666666666666,0.6666666666666666,1.0,1.0,0,6,4,1,0,10,21,9,0.5151515151515151,0.6583333333333333,0.6666666666666666,0.3333333333333333,0.5555555555555556,0.5,0.6666666666666666,0.5,0.7111111111111111,0.3333333333333333,0.6333333333333333,0.8666666666666667,0.5151515151515151,0.6583333333333333,0.5185185185185185,0.6015873015873016,0.7825086306098964,0.8619173262972735,0,0,1,0,0,0,1,0,1,0
2018,Sweden,SE,Europe,EFUR1,https://www.fatf-gafi.org/en/publications/Mutualevaluations/Fur-sweden-2018.html,2018-07-01,FATF,1,ME,HE,ME,ME,ME,ME,SE,SE,SE,ME,SE,LC,C,LC,LC,LC,PC,PC,LC,C,LC,C,C,LC,C,C,C,LC,LC,C,C,C,LC,LC,LC,LC,PC,LC,LC,C,C,LC,PC,LC,LC,LC,C,LC,LC,C,C,0.3333333333333333,1.0,0.3333333333333333,0.3333333333333333,0.3333333333333333,0.3333333333333333,0.6666666666666666,0.6666666666666666,0.6666666666666666,0.3333333333333333,0.6666666666666666,0.6666666666666666,1.0,0.6666666666666666,0.6666666666666666,0.6666666666666666,0.3333333333333333,0.3333333333333333,0.6666666666666666,1.0,0.6666666666666666,1.0,1.0,0.6666666666666666,1.0,1.0,1.0,0.6666666666666666,0.6666666666666666,1.0,1.0,1.0,0.6666666666666666,0.6666666666666666,0.6666666666666666,0.6666666666666666,0.3333333333333333,0.6666666666666666,0.6666666666666666,1.0,1.0,0.6666666666666666,0.3333333333333333,0.6666666666666666,0.6666666666666666,0.6666666666666666,1.0,0.6666666666666666,0.6666666666666666,1.0,1.0,0,6,4,1,0,4,21,15,0.5151515151515151,0.7583333333333333,0.6666666666666666,0.3333333333333333,0.5555555555555556,0.8333333333333333,0.6666666666666666,0.5,0.8666666666666667,0.6666666666666666,0.6666666666666666,0.8666666666666667,0.5151515151515151,0.7583333333333333,0.5185185185185185,0.7238095238095238,0.6793206793206793,0.7163742690058479,1,1,0,0,0,0,0,0,0,1
2020,Sweden,SE,Europe,RFUR1,https://www.fatf-gafi.org/en/publications/Mutualevaluations/Fur-sweden-2020.html,2020-09-01,FATF,1,ME,HE,ME,ME,ME,ME,SE,SE,SE,ME,SE,LC,C,LC,LC,LC,PC,PC,LC,C,LC,C,C,LC,C,LC,C,LC,LC,C,C,C,LC,LC,LC,LC,LC,LC,LC,C,C,LC,PC,LC,LC,LC,C,LC,LC,C,C,0.3333333333333333,1.0,0.3333333333333333,0.3333333333333333,0.3333333333333333,0.3333333333333333,0.6666666666666666,0.6666666666666666,0.6666666666666666,0.3333333333333333,0.6666666666666666,0.6666666666666666,1.0,0.6666666666666666,0.6666666666666666,0.6666666666666666,0.3333333333333333,0.3333333333333333,0.6666666666666666,1.0,0.6666666666666666,1.0,1.0,0.6666666666666666,1.0,0.6666666666666666,1.0,0.6666666666666666,0.6666666666666666,1.0,1.0,1.0,0.6666666666666666,0.6666666666666666,0.6666666666666666,0.6666666666666666,0.6666666666666666,0.6666666666666666,0.6666666666666666,1.0,1.0,0.6666666666666666,0.3333333333333333,0.6666666666666666,0.6666666666666666,0.6666666666666666,1.0,0.6666666666666666,0.6666666666666666,1.0,1.0,0,6,4,1,0,3,23,14,0.5151515151515151,0.7583333333333333,0.6666666666666666,0.3333333333333333,0.5555555555555556,0.8333333333333333,0.6666666666666666,0.5,0.8444444444444444,0.6666666666666666,0.7,0.8666666666666667,0.5151515151515151,0.7583333333333333,0.5185185185185185,0.7253968253968254,0.6793206793206793,0.7148067104303428,1,0,0,0,0,0,0,0,0,1
2016,Switzerland,CH,Europe,MER,https://www.fatf-gafi.org/en/publications/Mutualevaluations/Mer-switzerland-2016.html,2016-12-01,FATF,1,SE,ME,ME,ME,ME,SE,SE,SE,SE,SE,SE,LC,LC,LC,LC,LC,LC,C,PC,C,PC,C,LC,LC,C,LC,PC,LC,LC,PC,LC,LC,PC,PC,LC,LC,LC,LC,LC,C,C,LC,LC,PC,LC,PC,LC,LC,LC,LC,PC,0.6666666666666666,0.3333333333333333,0.3333333333333333,0.3333333333333333,0.3333333333333333,0.6666666666666666,0.6666666666666666,0.6666666666666666,0.6666666666666666,0.6666666666666666,0.6666666666666666,0.6666666666666666,0.6666666666666666,0.6666666666666666,0.6666666666666666,0.6666666666666666,0.6666666666666666,1.0,0.3333333333333333,1.0,0.3333333333333333,1.0,0.6666666666666666,0.6666666666666666,1.0,0.6666666666666666,0.3333333333333333,0.6666666666666666,0.6666666666666666,0.3333333333333333,0.6666666666666666,0.6666666666666666,0.3333333333333333,0.3333333333333333,0.6666666666666666,0.6666666666666666,0.6666666666666666,0.6666666666666666,0.6666666666666666,1.0,1.0,0.6666666666666666,0.6666666666666666,0.3333333333333333,0.6666666666666666,0.3333333333333333,0.6666666666666666,0.6666666666666666,0.6666666666666666,0.6666666666666666,0.3333333333333333,0,4,7,0,0,9,25,6,0.5454545454545454,0.6416666666666666,0.5,0.3333333333333333,0.6666666666666666,0.6666666666666666,0.6666666666666666,0.6666666666666666,0.6222222222222222,0.6666666666666666,0.6666666666666666,0.6,0.5454545454545454,0.6416666666666666,0.5,0.6507936507936508,0.8500590318772137,0.7682926829268293,0,0,1,1,0,0,1,0,1,0
2020,Switzerland,CH,Europe,EFUR3,https://www.fatf-gafi.org/en/publications/Mutualevaluations/Fur3-switzerland-2020.html,2020-01-01,FATF,1,SE,ME,ME,ME,ME,SE,SE,SE,SE,SE,SE,LC,LC,LC,LC,LC,LC,C,PC,C,PC,C,LC,LC,C,LC,LC,LC,LC,C,LC,LC,PC,PC,LC,LC,LC,LC,LC,C,C,LC,LC,C,LC,PC,LC,LC,LC,LC,PC,0.6666666666666666,0.3333333333333333,0.3333333333333333,0.3333333333333333,0.3333333333333333,0.6666666666666666,0.6666666666666666,0.6666666666666666,0.6666666666666666,0.6666666666666666,0.6666666666666666,0.6666666666666666,0.6666666666666666,0.6666666666666666,0.6666666666666666,0.6666666666666666,0.6666666666666666,1.0,0.3333333333333333,1.0,0.3333333333333333,1.0,0.6666666666666666,0.6666666666666666,1.0,0.6666666666666666,0.6666666666666666,0.6666666666666666,0.6666666666666666,1.0,0.6666666666666666,0.6666666666666666,0.3333333333333333,0.3333333333333333,0.6666666666666666,0.6666666666666666,0.6666666666666666,0.6666666666666666,0.6666666666666666,1.0,1.0,0.6666666666666666,0.6666666666666666,1.0,0.6666666666666666,0.3333333333333333,0.6666666666666666,0.6666666666666666,0.6666666666666666,0.6666666666666666,0.3333333333333333,0,4,7,0,0,6,26,8,0.5454545454545454,0.6833333333333333,0.5,0.3333333333333333,0.6666666666666666,0.6666666666666666,0.6666666666666666,0.6666666666666666,0.6888888888888889,0.6666666666666666,0.7333333333333333,0.6,0.5454545454545454,0.6833333333333333,0.5,0.6698412698412698,0.7982261640798225,0.7464454976303319,1,1,0,1,0,0,1,0,1,3
2023,Switzerland,CH,Europe,EFUR4,https://www.fatf-gafi.org/content/fatf-gafi/en/publications/Mutualevaluations/switzerland-fur-2023.html,2023-10-01,FATF,1,SE,ME,ME,ME,ME,SE,SE,SE,SE,SE,SE,LC,LC,LC,LC,LC,LC,C,LC,C,LC,C,LC,LC,C,LC,LC,LC,LC,C,LC,LC,PC,PC,LC,LC,LC,LC,LC,C,C,LC,LC,C,LC,PC,LC,LC,LC,LC,LC,0.6666666666666666,0.3333333333333333,0.3333333333333333,0.3333333333333333,0.3333333333333333,0.6666666666666666,0.6666666666666666,0.6666666666666666,0.6666666666666666,0.6666666666666666,0.6666666666666666,0.6666666666666666,0.6666666666666666,0.6666666666666666,0.6666666666666666,0.6666666666666666,0.6666666666666666,1.0,0.6666666666666666,1.0,0.6666666666666666,1.0,0.6666666666666666,0.6666666666666666,1.0,0.6666666666666666,0.6666666666666666,0.6666666666666666,0.6666666666666666,1.0,0.6666666666666666,0.6666666666666666,0.3333333333333333,0.3333333333333333,0.6666666666666666,0.6666666666666666,0.6666666666666666,0.6666666666666666,0.6666666666666666,1.0,1.0,0.6666666666666666,0.6666666666666666,1.0,0.6666666666666666,0.3333333333333333,0.6666666666666666,0.6666666666666666,0.6666666666666666,0.6666666666666666,0.6666666666666666,0,4,7,0,0,3,29,8,0.5454545454545454,0.7083333333333333,0.5,0.3333333333333333,0.6666666666666666,0.6666666666666666,0.6666666666666666,0.75,0.7111111111111111,0.6666666666666666,0.7333333333333333,0.6666666666666666,0.5454545454545454,0.7083333333333333,0.5,0.6944444444444444,0.7700534759358288,0.72,1,1,0,0,0,0,0,0,0,4
2019,Taiwan,TW,Asia,MER,https://www.fatf-gafi.org/en/publications/Mutualevaluations/Mer-chinese-taipei-2019.html,2019-10-01,APG,0,SE,SE,ME,ME,ME,SE,ME,SE,SE,SE,SE,LC,LC,LC,LC,LC,LC,LC,LC,C,LC,LC,C,C,C,C,C,C,LC,C,LC,LC,PC,LC,LC,PC,LC,LC,PC,LC,C,LC,LC,LC,C,PC,LC,LC,LC,LC,LC,0.6666666666666666,0.6666666666666666,0.3333333333333333,0.3333333333333333,0.3333333333333333,0.6666666666666666,0.3333333333333333,0.6666666666666666,0.6666666666666666,0.6666666666666666,0.6666666666666666,0.6666666666666666,0.6666666666666666,0.6666666666666666,0.6666666666666666,0.6666666666666666,0.6666666666666666,0.6666666666666666,0.6666666666666666,1.0,0.6666666666666666,0.6666666666666666,1.0,1.0,1.0,1.0,1.0,1.0,0.6666666666666666,1.0,0.6666666666666666,0.6666666666666666,0.3333333333333333,0.6666666666666666,0.6666666666666666,0.3333333333333333,0.6666666666666666,0.6666666666666666,0.3333333333333333,0.6666666666666666,1.0,0.6666666666666666,0.6666666666666666,0.6666666666666666,1.0,0.3333333333333333,0.6666666666666666,0.6666666666666666,0.6666666666666666,0.6666666666666666,0.6666666666666666,0,4,7,0,0,4,26,10,0.5454545454545454,0.7166666666666667,0.6666666666666666,0.3333333333333333,0.611111111111111,0.6666666666666666,0.6666666666666666,0.6666666666666666,0.8222222222222222,0.5,0.6666666666666666,0.6666666666666666,0.5454545454545454,0.7166666666666667,0.537037037037037,0.665079365079365,0.7610993657505285,0.807478122513922,0,0,0,0,0,0,0,0,0,0
2018,Tajikistan,TJ,Asia,MER,https://www.fatf-gafi.org/en/publications/Mutualevaluations/Mer-tajikistan-2018.html,2018-12-01,EAG,1,SE,SE,ME,ME,ME,ME,LE,ME,SE,ME,LE,LC,C,LC,LC,LC,PC,NC,PC,C,LC,LC,PC,LC,LC,PC,PC,NA,LC,LC,C,C,PC,LC,LC,PC,PC,LC,PC,C,LC,C,LC,LC,LC,PC,C,LC,PC,LC,LC,0.6666666666666666,0.6666666666666666,0.3333333333333333,0.3333333333333333,0.3333333333333333,0.3333333333333333,0.0,0.3333333333333333,0.6666666666666666,0.3333333333333333,0.0,0.6666666666666666,1.0,0.6666666666666666,0.6666666666666666,0.6666666666666666,0.3333333333333333,0.0,0.3333333333333333,1.0,0.6666666666666666,0.6666666666666666,0.3333333333333333,0.6666666666666666,0.6666666666666666,0.3333333333333333,0.3333333333333333,0.6153846153846153,0.6666666666666666,0.6666666666666666,1.0,1.0,0.3333333333333333,0.6666666666666666,0.6666666666666666,0.3333333333333333,0.3333333333333333,0.6666666666666666,0.3333333333333333,1.0,0.6666666666666666,1.0,0.6666666666666666,0.6666666666666666,0.6666666666666666,0.3333333333333333,1.0,0.6666666666666666,0.3333333333333333,0.6666666666666666,0.6666666666666666,2,6,3,0,1,11,20,7,0.3636363636363636,0.6153846153846153,0.6666666666666666,0.3333333333333333,0.2777777777777778,0.8333333333333333,0.6666666666666666,0.3333333333333333,0.641025641025641,0.5,0.6333333333333333,0.6666666666666666,0.3636363636363636,0.6153846153846153,0.42592592592592593,0.6106227106227106,0.5909090909090909,0.6975271612344198,0,0,1,0,1,0,1,1,1,0
2021,Tajikistan,TJ,Asia,EFUR2,https://www.fatf-gafi.org/en/publications/Mutualevaluations/Fur-tajikistan-2021.html,2021-06-01,EAG,1,SE,SE,ME,ME,ME,ME,LE,ME,SE,ME,LE,LC,C,LC,LC,LC,PC,PC,PC,C,LC,LC,PC,LC,LC,PC,LC,NA,LC,LC,C,C,PC,LC,LC,PC,PC,LC,PC,C,LC,C,LC,LC,LC,LC,C,LC,PC,LC,LC,0.6666666666666666,0.6666666666666666,0.3333333333333333,0.3333333333333333,0.3333333333333333,0.3333333333333333,0.0,0.3333333333333333,0.6666666666666666,0.3333333333333333,0.0,0.6666666666666666,1.0,0.6666666666666666,0.6666666666666666,0.6666666666666666,0.3333333333333333,0.3333333333333333,0.3333333333333333,1.0,0.6666666666666666,0.6666666666666666,0.3333333333333333,0.6666666666666666,0.6666666666666666,0.3333333333333333,0.6666666666666666,0.641025641025641,0.6666666666666666,0.6666666666666666,1.0,1.0,0.3333333333333333,0.6666666666666666,0.6666666666666666,0.3333333333333333,0.3333333333333333,0.6666666666666666,0.3333333333333333,1.0,0.6666666666666666,1.0,0.6666666666666666,0.6666666666666666,0.6666666666666666,0.6666666666666666,1.0,0.6666666666666666,0.3333333333333333,0.6666666666666666,0.6666666666666666,2,6,3,0,0,10,22,7,0.3636363636363636,0.641025641025641,0.6666666666666666,0.3333333333333333,0.2777777777777778,0.8333333333333333,0.6666666666666666,0.41666666666666663,0.6649572649572649,0.5,0.6666666666666666,0.6666666666666666,0.3636363636363636,0.641025641025641,0.42592592592592593,0.6307081807081807,0.5672727272727273,0.6753137805310877,1,1,1,0,1,0,1,1,1,2
2024,Tajikistan,TJ,Asia,EFUR5,https://www.fatf-gafi.org/content/fatf-gafi/en/publications/Mutualevaluations/Tajikistan-FUR-2024.html,2024-05-01,EAG,1,SE,SE,ME,ME,ME,ME,LE,ME,SE,ME,LE,LC,C,LC,LC,LC,LC,LC,PC,C,LC,LC,LC,LC,LC,PC,LC,PC,LC,LC,C,C,LC,LC,LC,LC,PC,LC,PC,C,LC,C,LC,LC,LC,LC,C,LC,PC,LC,LC,0.6666666666666666,0.6666666666666666,0.3333333333333333,0.3333333333333333,0.3333333333333333,0.3333333333333333,0.0,0.3333333333333333,0.6666666666666666,0.3333333333333333,0.0,0.6666666666666666,1.0,0.6666666666666666,0.6666666666666666,0.6666666666666666,0.6666666666666666,0.6666666666666666,0.3333333333333333,1.0,0.6666666666666666,0.6666666666666666,0.6666666666666666,0.6666666666666666,0.6666666666666666,0.3333333333333333,0.6666666666666666,0.3333333333333333,0.6666666666666666,0.6666666666666666,1.0,1.0,0.6666666666666666,0.6666666666666666,0.6666666666666666,0.6666666666666666,0.3333333333333333,0.6666666666666666,0.3333333333333333,1.0,0.6666666666666666,1.0,0.6666666666666666,0.6666666666666666,0.6666666666666666,0.6666666666666666,1.0,0.6666666666666666,0.3333333333333333,0.6666666666666666,0.6666666666666666,2,6,3,0,0,6,27,7,0.3636363636363636,0.6749999999999999,0.6666666666666666,0.3333333333333333,0.2777777777777778,0.8333333333333333,0.6666666666666666,0.5833333333333333,0.6888888888888889,0.6666666666666666,0.6666666666666666,0.6666666666666666,0.3636363636363636,0.6749999999999999,0.42592592592592593,0.6817460317460317,0.5387205387205387,0.6247574699262709,1,1,0,0,1,0,0,1,1,5
2024,Tajikistan,TJ,Asia,EFUR6,https://www.fatf-gafi.org/content/fatf-gafi/en/publications/Mutualevaluations/Tajikistan-FUR-Nov-2024.html,2024-11-01,EAG,1,SE,SE,ME,ME,ME,ME,LE,ME,SE,ME,LE,LC,C,LC,LC,LC,LC,LC,LC,C,LC,LC,LC,LC,LC,PC,LC,PC,LC,LC,C,C,LC,LC,LC,LC,PC,LC,PC,C,LC,C,LC,LC,LC,LC,C,LC,LC,LC,LC,0.6666666666666666,0.6666666666666666,0.3333333333333333,0.3333333333333333,0.3333333333333333,0.3333333333333333,0.0,0.3333333333333333,0.6666666666666666,0.3333333333333333,0.0,0.6666666666666666,1.0,0.6666666666666666,0.6666666666666666,0.6666666666666666,0.6666666666666666,0.6666666666666666,0.6666666666666666,1.0,0.6666666666666666,0.6666666666666666,0.6666666666666666,0.6666666666666666,0.6666666666666666,0.3333333333333333,0.6666666666666666,0.3333333333333333,0.6666666666666666,0.6666666666666666,1.0,1.0,0.6666666666666666,0.6666666666666666,0.6666666666666666,0.6666666666666666,0.3333333333333333,0.6666666666666666,0.3333333333333333,1.0,0.6666666666666666,1.0,0.6666666666666666,0.6666666666666666,0.6666666666666666,0.6666666666666666,1.0,0.6666666666666666,0.6666666666666666,0.6666666666666666,0.6666666666666666,2,6,3,0,0,4,29,7,0.3636363636363636,0.6916666666666667,0.6666666666666666,0.3333333333333333,0.2777777777777778,0.8333333333333333,0.6666666666666666,0.6666666666666666,0.6888888888888889,0.6666666666666666,0.6666666666666666,0.7333333333333333,0.3636363636363636,0.6916666666666667,0.42592592592592593,0.7031746031746031,0.5257393209200437,0.6057185854025584,1,1,0,0,1,0,0,1,1,6
2021,Tanzania,TZ,Africa,MER,https://www.fatf-gafi.org/en/publications/Mutualevaluations/Mer-tanzania-2021.html,2021-06-01,ESAAMLG,1,LE,ME,LE,LE,LE,LE,LE,ME,LE,LE,LE,PC,PC,PC,LC,PC,NC,NC,NC,LC,PC,LC,NC,PC,LC,PC,PC,NC,NC,NC,LC,C,PC,PC,PC,NC,PC,LC,NC,LC,C,PC,PC,PC,PC,PC,LC,LC,LC,C,LC,0.0,0.3333333333333333,0.0,0.0,0.0,0.0,0.0,0.3333333333333333,0.0,0.0,0.0,0.3333333333333333,0.3333333333333333,0.3333333333333333,0.6666666666666666,0.3333333333333333,0.0,0.0,0.0,0.6666666666666666,0.3333333333333333,0.6666666666666666,0.0,0.3333333333333333,0.6666666666666666,0.3333333333333333,0.3333333333333333,0.0,0.0,0.0,0.6666666666666666,1.0,0.3333333333333333,0.3333333333333333,0.3333333333333333,0.0,0.3333333333333333,0.6666666666666666,0.0,0.6666666666666666,1.0,0.3333333333333333,0.3333333333333333,0.3333333333333333,0.3333333333333333,0.3333333333333333,0.6666666666666666,0.6666666666666666,0.6666666666666666,1.0,0.6666666666666666,9,2,0,0,9,17,11,3,0.0606060606060606,0.39999999999999997,0.16666666666666666,0.0,0.05555555555555555,0.3333333333333333,0.5,0.08333333333333333,0.37777777777777777,0.16666666666666666,0.4333333333333333,0.7333333333333333,0.0606060606060606,0.39999999999999997,0.07407407407407407,0.3753968253968254,0.15151515151515152,0.19732205778717404,0,0,1,1,1,1,1,1,1,0
2022,Tanzania,TZ,Africa,EFUR1,https://www.fatf-gafi.org/en/publications/Mutualevaluations/FUR-Tanzania-2023.html,2022-09-01,ESAAMLG,1,LE,ME,LE,LE,LE,LE,LE,ME,LE,LE,LE,PC,PC,C,LC,LC,NC,NC,NC,LC,PC,LC,NC,PC,LC,PC,PC,NC,NC,NC,LC,C,PC,PC,PC,NC,PC,LC,NC,LC,C,PC,PC,PC,PC,PC,LC,LC,LC,C,LC,0.0,0.3333333333333333,0.0,0.0,0.0,0.0,0.0,0.3333333333333333,0.0,0.0,0.0,0.3333333333333333,0.3333333333333333,1.0,0.6666666666666666,0.6666666666666666,0.0,0.0,0.0,0.6666666666666666,0.3333333333333333,0.6666666666666666,0.0,0.3333333333333333,0.6666666666666666,0.3333333333333333,0.3333333333333333,0.0,0.0,0.0,0.6666666666666666,1.0,0.3333333333333333,0.3333333333333333,0.3333333333333333,0.0,0.3333333333333333,0.6666666666666666,0.0,0.6666666666666666,1.0,0.3333333333333333,0.3333333333333333,0.3333333333333333,0.3333333333333333,0.3333333333333333,0.6666666666666666,0.6666666666666666,0.6666666666666666,1.0,0.6666666666666666,9,2,0,0,9,15,12,4,0.0606060606060606,0.425,0.16666666666666666,0.0,0.05555555555555555,0.3333333333333333,0.8333333333333333,0.16666666666666666,0.37777777777777777,0.16666666666666666,0.4333333333333333,0.7333333333333333,0.0606060606060606,0.425,0.07407407407407407,0.4349206349206349,0.142602495543672,0.17031630170316303,1,1,1,1,1,1,1,1,1,1
2023,Tanzania,TZ,Africa,EFUR2,https://www.fatf-gafi.org/en/publications/Mutualevaluations/Tanzania-fur-2023.html,2023-09-01,ESAAMLG,1,LE,ME,LE,LE,LE,LE,LE,ME,LE,LE,LE,PC,PC,C,LC,LC,PC,NC,NC,LC,LC,LC,PC,C,LC,PC,PC,PC,C,C,LC,C,PC,PC,PC,NC,PC,LC,NC,LC,C,PC,PC,PC,PC,PC,LC,LC,LC,C,LC,0.0,0.3333333333333333,0.0,0.0,0.0,0.0,0.0,0.3333333333333333,0.0,0.0,0.0,0.3333333333333333,0.3333333333333333,1.0,0.6666666666666666,0.6666666666666666,0.3333333333333333,0.0,0.0,0.6666666666666666,0.6666666666666666,0.6666666666666666,0.3333333333333333,1.0,0.6666666666666666,0.3333333333333333,0.3333333333333333,0.3333333333333333,1.0,1.0,0.6666666666666666,1.0,0.3333333333333333,0.3333333333333333,0.3333333333333333,0.0,0.3333333333333333,0.6666666666666666,0.0,0.6666666666666666,1.0,0.3333333333333333,0.3333333333333333,0.3333333333333333,0.3333333333333333,0.3333333333333333,0.6666666666666666,0.6666666666666666,0.6666666666666666,1.0,0.6666666666666666,9,2,0,0,4,16,13,7,0.0606060606060606,0.525,0.16666666666666666,0.0,0.05555555555555555,0.3333333333333333,0.8333333333333333,0.25,0.6222222222222222,0.16666666666666666,0.4333333333333333,0.7333333333333333,0.0606060606060606,0.525,0.07407407407407407,0.4817460317460317,0.11544011544011543,0.15376166941241076,1,1,1,0,1,1,1,1,1,2
2017,Thailand,TH,Asia,MER,https://www.fatf-gafi.org/en/publications/Mutualevaluations/Mer-thailand-2017.html,2017-12-01,APG,1,SE,SE,ME,LE,LE,SE,ME,SE,ME,ME,LE,PC,LC,LC,LC,LC,LC,NC,PC,LC,LC,LC,LC,PC,LC,LC,PC,C,LC,PC,PC,LC,NC,PC,PC,PC,PC,LC,PC,LC,C,LC,PC,LC,LC,PC,LC,LC,C,LC,LC,0.6666666666666666,0.6666666666666666,0.3333333333333333,0.0,0.0,0.6666666666666666,0.3333333333333333,0.6666666666666666,0.3333333333333333,0.3333333333333333,0.0,0.3333333333333333,0.6666666666666666,0.6666666666666666,0.6666666666666666,0.6666666666666666,0.6666666666666666,0.0,0.3333333333333333,0.6666666666666666,0.6666666666666666,0.6666666666666666,0.6666666666666666,0.3333333333333333,0.6666666666666666,0.6666666666666666,0.3333333333333333,1.0,0.6666666666666666,0.3333333333333333,0.3333333333333333,0.6666666666666666,0.0,0.3333333333333333,0.3333333333333333,0.3333333333333333,0.3333333333333333,0.6666666666666666,0.3333333333333333,0.6666666666666666,1.0,0.6666666666666666,0.3333333333333333,0.6666666666666666,0.6666666666666666,0.3333333333333333,0.6666666666666666,0.6666666666666666,1.0,0.6666666666666666,0.6666666666666666,3,4,4,0,2,13,22,3,0.3636363636363636,0.5499999999999999,0.6666666666666666,0.1111111111111111,0.38888888888888884,0.5,0.6666666666666666,0.41666666666666663,0.5333333333333333,0.3333333333333333,0.5666666666666667,0.7333333333333333,0.3636363636363636,0.5499999999999999,0.38888888888888884,0.5357142857142857,0.6611570247933884,0.7259259259259259,0,0,1,1,1,0,1,1,1,0
2018,Thailand,TH,Asia,EFUR1,https://www.fatf-gafi.org/en/publications/Mutualevaluations/Fur-thailand-2018.html,2018-09-01,APG,1,SE,SE,ME,LE,LE,SE,ME,SE,ME,ME,LE,PC,LC,LC,LC,LC,LC,LC,PC,LC,LC,LC,LC,PC,LC,LC,PC,C,LC,PC,PC,LC,NC,PC,PC,PC,PC,LC,PC,LC,C,LC,LC,LC,LC,PC,LC,LC,C,LC,LC,0.6666666666666666,0.6666666666666666,0.3333333333333333,0.0,0.0,0.6666666666666666,0.3333333333333333,0.6666666666666666,0.3333333333333333,0.3333333333333333,0.0,0.3333333333333333,0.6666666666666666,0.6666666666666666,0.6666666666666666,0.6666666666666666,0.6666666666666666,0.6666666666666666,0.3333333333333333,0.6666666666666666,0.6666666666666666,0.6666666666666666,0.6666666666666666,0.3333333333333333,0.6666666666666666,0.6666666666666666,0.3333333333333333,1.0,0.6666666666666666,0.3333333333333333,0.3333333333333333,0.6666666666666666,0.0,0.3333333333333333,0.3333333333333333,0.3333333333333333,0.3333333333333333,0.6666666666666666,0.3333333333333333,0.6666666666666666,1.0,0.6666666666666666,0.6666666666666666,0.6666666666666666,0.6666666666666666,0.3333333333333333,0.6666666666666666,0.6666666666666666,1.0,0.6666666666666666,0.6666666666666666,3,4,4,0,1,12,24,3,0.3636363636363636,0.575,0.6666666666666666,0.1111111111111111,0.38888888888888884,0.5,0.6666666666666666,0.5833333333333333,0.5333333333333333,0.3333333333333333,0.6,0.7333333333333333,0.3636363636363636,0.575,0.38888888888888884,0.5642857142857143,0.6324110671936759,0.6891701828410688,1,1,1,1,1,0,1,1,1,1
2021,Thailand,TH,Asia,EFUR2,https://www.fatf-gafi.org/en/publications/Mutualevaluations/Fur-thailand-2021.html,2021-07-01,APG,1,SE,SE,ME,LE,LE,SE,ME,SE,ME,ME,LE,PC,C,LC,LC,LC,LC,LC,PC,LC,LC,LC,LC,LC,LC,LC,LC,C,LC,LC,LC,LC,NC,PC,PC,PC,PC,LC,PC,LC,C,LC,LC,LC,LC,PC,LC,LC,C,LC,LC,0.6666666666666666,0.6666666666666666,0.3333333333333333,0.0,0.0,0.6666666666666666,0.3333333333333333,0.6666666666666666,0.3333333333333333,0.3333333333333333,0.0,0.3333333333333333,1.0,0.6666666666666666,0.6666666666666666,0.6666666666666666,0.6666666666666666,0.6666666666666666,0.3333333333333333,0.6666666666666666,0.6666666666666666,0.6666666666666666,0.6666666666666666,0.6666666666666666,0.6666666666666666,0.6666666666666666,0.6666666666666666,1.0,0.6666666666666666,0.6666666666666666,0.6666666666666666,0.6666666666666666,0.0,0.3333333333333333,0.3333333333333333,0.3333333333333333,0.3333333333333333,0.6666666666666666,0.3333333333333333,0.6666666666666666,1.0,0.6666666666666666,0.6666666666666666,0.6666666666666666,0.6666666666666666,0.3333333333333333,0.6666666666666666,0.6666666666666666,1.0,0.6666666666666666,0.6666666666666666,3,4,4,0,1,8,27,4,0.3636363636363636,0.6166666666666666,0.6666666666666666,0.1111111111111111,0.38888888888888884,0.6666666666666666,0.6666666666666666,0.5833333333333333,0.6222222222222222,0.3333333333333333,0.6,0.7333333333333333,0.3636363636363636,0.6166666666666666,0.38888888888888884,0.6007936507936508,0.5896805896805897,0.6472919418758256,1,1,1,0,1,0,1,1,1,2
2023,Thailand,TH,Asia,EFUR6,https://www.fatf-gafi.org/content/fatf-gafi/en/publications/Mutualevaluations/fur-thailand-2023.html,2023-10-01,APG,1,SE,SE,ME,LE,LE,SE,ME,SE,ME,ME,LE,LC,C,LC,LC,LC,LC,LC,PC,LC,LC,LC,LC,LC,LC,LC,LC,C,LC,LC,LC,LC,NC,PC,PC,PC,LC,LC,PC,LC,C,LC,LC,LC,LC,PC,LC,LC,C,LC,LC,0.6666666666666666,0.6666666666666666,0.3333333333333333,0.0,0.0,0.6666666666666666,0.3333333333333333,0.6666666666666666,0.3333333333333333,0.3333333333333333,0.0,0.6666666666666666,1.0,0.6666666666666666,0.6666666666666666,0.6666666666666666,0.6666666666666666,0.6666666666666666,0.3333333333333333,0.6666666666666666,0.6666666666666666,0.6666666666666666,0.6666666666666666,0.6666666666666666,0.6666666666666666,0.6666666666666666,0.6666666666666666,1.0,0.6666666666666666,0.6666666666666666,0.6666666666666666,0.6666666666666666,0.0,0.3333333333333333,0.3333333333333333,0.3333333333333333,0.6666666666666666,0.6666666666666666,0.3333333333333333,0.6666666666666666,1.0,0.6666666666666666,0.6666666666666666,0.6666666666666666,0.6666666666666666,0.3333333333333333,0.6666666666666666,0.6666666666666666,1.0,0.6666666666666666,0.6666666666666666,3,4,4,0,1,6,29,4,0.3636363636363636,0.6333333333333333,0.6666666666666666,0.1111111111111111,0.38888888888888884,0.8333333333333333,0.6666666666666666,0.5833333333333333,0.6222222222222222,0.3333333333333333,0.6333333333333333,0.7333333333333333,0.3636363636363636,0.6333333333333333,0.38888888888888884,0.6293650793650793,0.5741626794258373,0.6179066834804539,1,1,0,0,1,0,0,1,1,6
2024,Timor Leste,TL,Asia,MER,https://www.fatf-gafi.org/content/fatf-gafi/en/publications/Mutualevaluations/TImor-Leste-MER-APG-2024.html,2024-11-01,APG,1,ME,ME,LE,ME,LE,ME,ME,LE,LE,LE,LE,PC,LC,LC,LC,LC,NC,NC,NC,LC,PC,LC,LC,LC,LC,NC,LC,NA,LC,PC,LC,LC,PC,PC,PC,PC,PC,LC,NC,LC,C,LC,PC,PC,PC,PC,LC,LC,LC,LC,LC,0.3333333333333333,0.3333333333333333,0.0,0.3333333333333333,0.0,0.3333333333333333,0.3333333333333333,0.0,0.0,0.0,0.0,0.3333333333333333,0.6666666666666666,0.6666666666666666,0.6666666666666666,0.6666666666666666,0.0,0.0,0.0,0.6666666666666666,0.3333333333333333,0.6666666666666666,0.6666666666666666,0.6666666666666666,0.6666666666666666,0.0,0.6666666666666666,0.48717948717948717,0.6666666666666666,0.3333333333333333,0.6666666666666666,0.6666666666666666,0.3333333333333333,0.3333333333333333,0.3333333333333333,0.3333333333333333,0.3333333333333333,0.6666666666666666,0.0,0.6666666666666666,1.0,0.6666666666666666,0.3333333333333333,0.3333333333333333,0.3333333333333333,0.3333333333333333,0.6666666666666666,0.6666666666666666,0.6666666666666666,0.6666666666666666,0.6666666666666666,6,5,0,0,5,12,21,1,0.15151515151515152,0.48717948717948717,0.3333333333333333,0.1111111111111111,0.1111111111111111,0.5,0.6666666666666666,0.16666666666666666,0.5213675213675213,0.3333333333333333,0.4666666666666667,0.6666666666666666,0.15151515151515152,0.48717948717948717,0.18518518518518517,0.47448107448107446,0.31100478468899523,0.39028992966203463,0,0,1,1,1,1,1,1,1,0
2022,Togo,TG,Africa,MER,https://www.fatf-gafi.org/en/publications/Mutualevaluations/Mer-togo-2022.html,2022-06-01,GIABA,1,LE,LE,LE,LE,LE,LE,LE,LE,LE,LE,LE,PC,PC,C,LC,PC,PC,PC,PC,C,PC,LC,PC,LC,PC,NC,PC,LC,LC,NC,PC,C,PC,PC,PC,PC,PC,C,PC,PC,C,C,PC,PC,PC,PC,LC,LC,LC,LC,LC,0.0,0.0,0.0,0.0,0.0,0.0,0.0,0.0,0.0,0.0,0.0,0.3333333333333333,0.3333333333333333,1.0,0.6666666666666666,0.3333333333333333,0.3333333333333333,0.3333333333333333,0.3333333333333333,1.0,0.3333333333333333,0.6666666666666666,0.3333333333333333,0.6666666666666666,0.3333333333333333,0.0,0.3333333333333333,0.6666666666666666,0.6666666666666666,0.0,0.3333333333333333,1.0,0.3333333333333333,0.3333333333333333,0.3333333333333333,0.3333333333333333,0.3333333333333333,1.0,0.3333333333333333,0.3333333333333333,1.0,1.0,0.3333333333333333,0.3333333333333333,0.3333333333333333,0.3333333333333333,0.6666666666666666,0.6666666666666666,0.6666666666666666,0.6666666666666666,0.6666666666666666,11,0,0,0,2,22,10,6,0.0,0.5,0.0,0.0,0.0,0.3333333333333333,0.8333333333333333,0.3333333333333333,0.4666666666666667,0.3333333333333333,0.5333333333333333,0.6666666666666666,0.0,0.5,0.0,0.5,0.0,0.0,0,0,1,1,1,1,1,1,1,0
2021,Tonga,TO,Oceania,MER,https://www.fatf-gafi.org/en/publications/Mutualevaluations/Mer-tonga-2021.html,2021-09-01,APG,1,LE,ME,LE,LE,LE,LE,LE,LE,LE,LE,LE,PC,LC,PC,LC,PC,PC,NC,PC,C,NC,PC,NC,NC,LC,NC,NC,NC,NC,NC,NC,LC,NC,NC,PC,NC,PC,PC,PC,PC,LC,PC,PC,LC,PC,PC,PC,PC,PC,LC,PC,0.0,0.3333333333333333,0.0,0.0,0.0,0.0,0.0,0.0,0.0,0.0,0.0,0.3333333333333333,0.6666666666666666,0.3333333333333333,0.6666666666666666,0.3333333333333333,0.3333333333333333,0.0,0.3333333333333333,1.0,0.0,0.3333333333333333,0.0,0.0,0.6666666666666666,0.0,0.0,0.0,0.0,0.0,0.0,0.6666666666666666,0.0,0.0,0.3333333333333333,0.0,0.3333333333333333,0.3333333333333333,0.3333333333333333,0.3333333333333333,0.6666666666666666,0.3333333333333333,0.3333333333333333,0.6666666666666666,0.3333333333333333,0.3333333333333333,0.3333333333333333,0.3333333333333333,0.3333333333333333,0.6666666666666666,0.3333333333333333,10,1,0,0,13,19,7,1,0.0303030303030303,0.3,0.16666666666666666,0.0,0.0,0.5,0.5,0.25,0.17777777777777778,0.16666666666666666,0.39999999999999997,0.39999999999999997,0.0303030303030303,0.3,0.05555555555555555,0.34206349206349207,0.10101010101010101,0.16241299303944315,0,0,1,1,1,1,1,1,1,0
2016,Trinidad and Tobago,TT,North America,MER,https://www.fatf-gafi.org/en/publications/Mutualevaluations/Mer-trinidad-and-tobago-2016.html,2016-06-01,CFATF,1,ME,ME,ME,ME,ME,ME,LE,LE,LE,LE,LE,PC,LC,LC,LC,C,PC,NC,NC,C,LC,C,C,C,C,C,LC,C,C,PC,C,LC,LC,LC,PC,PC,PC,LC,PC,LC,C,LC,PC,PC,C,PC,LC,PC,PC,LC,PC,0.3333333333333333,0.3333333333333333,0.3333333333333333,0.3333333333333333,0.3333333333333333,0.3333333333333333,0.0,0.0,0.0,0.0,0.0,0.3333333333333333,0.6666666666666666,0.6666666666666666,0.6666666666666666,1.0,0.3333333333333333,0.0,0.0,1.0,0.6666666666666666,1.0,1.0,1.0,1.0,1.0,0.6666666666666666,1.0,1.0,0.3333333333333333,1.0,0.6666666666666666,0.6666666666666666,0.6666666666666666,0.3333333333333333,0.3333333333333333,0.3333333333333333,0.6666666666666666,0.3333333333333333,0.6666666666666666,1.0,0.6666666666666666,0.3333333333333333,0.3333333333333333,1.0,0.3333333333333333,0.6666666666666666,0.3333333333333333,0.3333333333333333,0.6666666666666666,0.3333333333333333,5,6,0,0,2,13,13,12,0.1818181818181818,0.625,0.3333333333333333,0.3333333333333333,0.05555555555555555,0.5,0.6666666666666666,0.3333333333333333,0.8444444444444444,0.3333333333333333,0.5666666666666667,0.4666666666666666,0.1818181818181818,0.625,0.24074074074074073,0.5301587301587302,0.2909090909090909,0.4540918163672654,0,0,1,0,1,1,1,1,1,0
2019,Trinidad and Tobago,TT,North America,EFUR3,https://www.fatf-gafi.org/en/publications/Mutualevaluations/Fur-trinidad-and-tobago-2019.html,2019-06-01,CFATF,1,ME,ME,ME,ME,ME,ME,LE,LE,LE,LE,LE,LC,LC,LC,LC,C,C,LC,PC,C,C,C,C,C,C,C,C,C,C,C,C,C,C,C,C,PC,C,LC,PC,C,C,LC,C,C,C,PC,LC,C,PC,C,LC,0.3333333333333333,0.3333333333333333,0.3333333333333333,0.3333333333333333,0.3333333333333333,0.3333333333333333,0.0,0.0,0.0,0.0,0.0,0.6666666666666666,0.6666666666666666,0.6666666666666666,0.6666666666666666,1.0,1.0,0.6666666666666666,0.3333333333333333,1.0,1.0,1.0,1.0,1.0,1.0,1.0,1.0,1.0,1.0,1.0,1.0,1.0,1.0,1.0,1.0,0.3333333333333333,1.0,0.6666666666666666,0.3333333333333333,1.0,1.0,0.6666666666666666,1.0,1.0,1.0,0.3333333333333333,0.6666666666666666,1.0,0.3333333333333333,1.0,0.6666666666666666,5,6,0,0,0,5,9,26,0.1818181818181818,0.8416666666666667,0.3333333333333333,0.3333333333333333,0.05555555555555555,0.6666666666666666,0.6666666666666666,0.75,1.0,0.6666666666666666,0.8,0.7333333333333333,0.1818181818181818,0.8416666666666667,0.24074074074074073,0.7547619047619047,0.216021602160216,0.31896249561864704,1,1,0,0,1,1,0,1,1,3
2016,Tunisia,TN,Africa,MER,https://www.fatf-gafi.org/en/publications/Mutualevaluations/Mer-tunisia-2016.html,2016-05-01,MENAFATF/WB,1,ME,ME,LE,LE,LE,ME,ME,ME,LE,LE,LE,PC,PC,C,LC,C,PC,NC,LC,C,PC,C,PC,LC,LC,PC,NC,PC,PC,PC,C,C,PC,PC,PC,NC,NC,LC,PC,LC,C,PC,LC,PC,NC,LC,PC,C,PC,C,LC,0.3333333333333333,0.3333333333333333,0.0,0.0,0.0,0.3333333333333333,0.3333333333333333,0.3333333333333333,0.0,0.0,0.0,0.3333333333333333,0.3333333333333333,1.0,0.6666666666666666,1.0,0.3333333333333333,0.0,0.6666666666666666,1.0,0.3333333333333333,1.0,0.3333333333333333,0.6666666666666666,0.6666666666666666,0.3333333333333333,0.0,0.3333333333333333,0.3333333333333333,0.3333333333333333,1.0,1.0,0.3333333333333333,0.3333333333333333,0.3333333333333333,0.0,0.0,0.6666666666666666,0.3333333333333333,0.6666666666666666,1.0,0.3333333333333333,0.6666666666666666,0.3333333333333333,0.0,0.6666666666666666,0.3333333333333333,1.0,0.3333333333333333,1.0,0.6666666666666666,6,5,0,0,5,17,9,9,0.15151515151515152,0.5166666666666666,0.3333333333333333,0.0,0.16666666666666666,0.3333333333333333,0.8333333333333333,0.5,0.5333333333333333,0.16666666666666666,0.4666666666666667,0.6666666666666666,0.15151515151515152,0.5166666666666666,0.16666666666666666,0.5,0.2932551319648094,0.3333333333333333,0,0,1,1,1,1,1,1,1,0
2017,Tunisia,TN,Africa,EFUR2,https://www.fatf-gafi.org/en/publications/Mutualevaluations/Fur-tunisia-2017.html,2017-12-06,MENAFATF,1,ME,ME,LE,LE,LE,ME,ME,ME,LE,LE,LE,LC,PC,C,LC,LC,PC,NC,PC,C,LC,C,LC,LC,LC,LC,LC,LC,LC,LC,C,C,PC,PC,PC,PC,PC,LC,PC,LC,C,PC,LC,PC,PC,LC,LC,C,PC,C,LC,0.3333333333333333,0.3333333333333333,0.0,0.0,0.0,0.3333333333333333,0.3333333333333333,0.3333333333333333,0.0,0.0,0.0,0.6666666666666666,0.3333333333333333,1.0,0.6666666666666666,0.6666666666666666,0.3333333333333333,0.0,0.3333333333333333,1.0,0.6666666666666666,1.0,0.6666666666666666,0.6666666666666666,0.6666666666666666,0.6666666666666666,0.6666666666666666,0.6666666666666666,0.6666666666666666,0.6666666666666666,1.0,1.0,0.3333333333333333,0.3333333333333333,0.3333333333333333,0.3333333333333333,0.3333333333333333,0.6666666666666666,0.3333333333333333,0.6666666666666666,1.0,0.3333333333333333,0.6666666666666666,0.3333333333333333,0.3333333333333333,0.6666666666666666,0.6666666666666666,1.0,0.3333333333333333,1.0,0.6666666666666666,6,5,0,0,1,13,18,8,0.15151515151515152,0.6083333333333333,0.3333333333333333,0.0,0.16666666666666666,0.5,0.8333333333333333,0.3333333333333333,0.7111111111111111,0.3333333333333333,0.5333333333333333,0.7333333333333333,0.15151515151515152,0.6083333333333333,0.16666666666666666,0.5682539682539682,0.24906600249066005,0.29329608938547486,1,1,1,0,1,1,1,1,1,2
2018,Tunisia,TN,Africa,EFUR3,https://www.fatf-gafi.org/en/publications/Mutualevaluations/Fur-tunisia-2019.html,2018-12-01,MENAFATF,1,ME,ME,LE,LE,LE,ME,ME,ME,LE,LE,LE,LC,PC,C,LC,LC,LC,NC,LC,C,LC,C,LC,LC,LC,LC,LC,LC,PC,LC,C,C,PC,PC,PC,PC,LC,LC,PC,LC,C,PC,LC,PC,LC,LC,LC,C,PC,C,LC,0.3333333333333333,0.3333333333333333,0.0,0.0,0.0,0.3333333333333333,0.3333333333333333,0.3333333333333333,0.0,0.0,0.0,0.6666666666666666,0.3333333333333333,1.0,0.6666666666666666,0.6666666666666666,0.6666666666666666,0.0,0.6666666666666666,1.0,0.6666666666666666,1.0,0.6666666666666666,0.6666666666666666,0.6666666666666666,0.6666666666666666,0.6666666666666666,0.6666666666666666,0.3333333333333333,0.6666666666666666,1.0,1.0,0.3333333333333333,0.3333333333333333,0.3333333333333333,0.3333333333333333,0.6666666666666666,0.6666666666666666,0.3333333333333333,0.6666666666666666,1.0,0.3333333333333333,0.6666666666666666,0.3333333333333333,0.6666666666666666,0.6666666666666666,0.6666666666666666,1.0,0.3333333333333333,1.0,0.6666666666666666,6,5,0,0,1,10,21,8,0.15151515151515152,0.6333333333333333,0.3333333333333333,0.0,0.16666666666666666,0.5,0.8333333333333333,0.5,0.6888888888888889,0.3333333333333333,0.6,0.7333333333333333,0.15151515151515152,0.6333333333333333,0.16666666666666666,0.5984126984126984,0.23923444976076558,0.27851458885941643,1,1,1,0,1,1,1,1,1,3
2019,Tunisia,TN,Africa,EFUR4,https://www.fatf-gafi.org/en/publications/Mutualevaluations/Fur-tunisia-2020.html,2019-11-01,MENAFATF,1,ME,ME,LE,LE,LE,ME,ME,ME,LE,LE,LE,LC,PC,C,LC,LC,C,LC,C,C,LC,C,LC,LC,LC,LC,LC,LC,LC,LC,C,C,LC,PC,LC,LC,LC,LC,LC,LC,C,LC,LC,PC,LC,LC,LC,C,PC,C,LC,0.3333333333333333,0.3333333333333333,0.0,0.0,0.0,0.3333333333333333,0.3333333333333333,0.3333333333333333,0.0,0.0,0.0,0.6666666666666666,0.3333333333333333,1.0,0.6666666666666666,0.6666666666666666,1.0,0.6666666666666666,1.0,1.0,0.6666666666666666,1.0,0.6666666666666666,0.6666666666666666,0.6666666666666666,0.6666666666666666,0.6666666666666666,0.6666666666666666,0.6666666666666666,0.6666666666666666,1.0,1.0,0.6666666666666666,0.3333333333333333,0.6666666666666666,0.6666666666666666,0.6666666666666666,0.6666666666666666,0.6666666666666666,0.6666666666666666,1.0,0.6666666666666666,0.6666666666666666,0.3333333333333333,0.6666666666666666,0.6666666666666666,0.6666666666666666,1.0,0.3333333333333333,1.0,0.6666666666666666,6,5,0,0,0,4,26,10,0.15151515151515152,0.7166666666666667,0.3333333333333333,0.0,0.16666666666666666,0.5,0.8333333333333333,0.8333333333333333,0.7333333333333333,0.6666666666666666,0.6666666666666666,0.7333333333333333,0.15151515151515152,0.7166666666666667,0.16666666666666666,0.7095238095238094,0.21141649048625794,0.23489932885906042,1,1,0,0,1,1,0,1,1,4
2019,Turkey,TR,Asia,MER,https://www.fatf-gafi.org/en/publications/Mutualevaluations/Mer-turkey-2019.html,2019-12-01,FATF,1,SE,SE,ME,ME,ME,ME,ME,ME,ME,LE,LE,LC,LC,LC,C,LC,PC,NC,PC,C,LC,C,NC,LC,LC,LC,LC,C,PC,LC,C,C,PC,PC,PC,PC,PC,LC,PC,C,C,LC,LC,LC,LC,PC,LC,C,C,C,LC,0.6666666666666666,0.6666666666666666,0.3333333333333333,0.3333333333333333,0.3333333333333333,0.3333333333333333,0.3333333333333333,0.3333333333333333,0.3333333333333333,0.0,0.0,0.6666666666666666,0.6666666666666666,0.6666666666666666,1.0,0.6666666666666666,0.3333333333333333,0.0,0.3333333333333333,1.0,0.6666666666666666,1.0,0.0,0.6666666666666666,0.6666666666666666,0.6666666666666666,0.6666666666666666,1.0,0.3333333333333333,0.6666666666666666,1.0,1.0,0.3333333333333333,0.3333333333333333,0.3333333333333333,0.3333333333333333,0.3333333333333333,0.6666666666666666,0.3333333333333333,1.0,1.0,0.6666666666666666,0.6666666666666666,0.6666666666666666,0.6666666666666666,0.3333333333333333,0.6666666666666666,1.0,1.0,1.0,0.6666666666666666,2,7,2,0,2,10,17,11,0.3333333333333333,0.6416666666666666,0.6666666666666666,0.3333333333333333,0.2222222222222222,0.6666666666666666,0.8333333333333333,0.3333333333333333,0.6666666666666666,0.3333333333333333,0.6333333333333333,0.8666666666666667,0.3333333333333333,0.6416666666666666,0.4074074074074074,0.6190476190476191,0.5194805194805195,0.6581196581196581,0,0,1,0,1,0,1,1,1,0
2021,Turkey,TR,Asia,EFUR1,https://www.fatf-gafi.org/en/publications/Mutualevaluations/Fur-turkey-2021.html,2021-11-01,FATF,1,SE,SE,ME,ME,ME,ME,ME,ME,ME,LE,LE,LC,LC,LC,C,LC,LC,LC,PC,C,LC,C,NC,LC,LC,NC,LC,C,LC,LC,C,C,PC,PC,PC,PC,PC,LC,PC,C,C,LC,LC,LC,LC,LC,LC,C,C,C,LC,0.6666666666666666,0.6666666666666666,0.3333333333333333,0.3333333333333333,0.3333333333333333,0.3333333333333333,0.3333333333333333,0.3333333333333333,0.3333333333333333,0.0,0.0,0.6666666666666666,0.6666666666666666,0.6666666666666666,1.0,0.6666666666666666,0.6666666666666666,0.6666666666666666,0.3333333333333333,1.0,0.6666666666666666,1.0,0.0,0.6666666666666666,0.6666666666666666,0.0,0.6666666666666666,1.0,0.6666666666666666,0.6666666666666666,1.0,1.0,0.3333333333333333,0.3333333333333333,0.3333333333333333,0.3333333333333333,0.3333333333333333,0.6666666666666666,0.3333333333333333,1.0,1.0,0.6666666666666666,0.6666666666666666,0.6666666666666666,0.6666666666666666,0.6666666666666666,0.6666666666666666,1.0,1.0,1.0,0.6666666666666666,2,7,2,0,2,7,20,11,0.3333333333333333,0.6666666666666666,0.6666666666666666,0.3333333333333333,0.2222222222222222,0.6666666666666666,0.8333333333333333,0.5833333333333333,0.6444444444444444,0.3333333333333333,0.6666666666666666,0.8666666666666667,0.3333333333333333,0.6666666666666666,0.4074074074074074,0.6563492063492063,0.5,0.6207174526400645,1,1,1,0,1,0,1,1,1,1
2022,Turkey,TR,Asia,EFUR2,https://www.fatf-gafi.org/en/publications/Mutualevaluations/Fur-turkey-2022.html,2022-05-01,FATF,1,SE,SE,ME,ME,ME,ME,ME,ME,ME,LE,LE,LC,LC,LC,C,LC,LC,LC,PC,C,LC,C,NC,LC,LC,NC,LC,C,LC,LC,C,C,PC,C,LC,LC,PC,LC,PC,C,C,LC,LC,LC,LC,LC,LC,C,C,C,LC,0.6666666666666666,0.6666666666666666,0.3333333333333333,0.3333333333333333,0.3333333333333333,0.3333333333333333,0.3333333333333333,0.3333333333333333,0.3333333333333333,0.0,0.0,0.6666666666666666,0.6666666666666666,0.6666666666666666,1.0,0.6666666666666666,0.6666666666666666,0.6666666666666666,0.3333333333333333,1.0,0.6666666666666666,1.0,0.0,0.6666666666666666,0.6666666666666666,0.0,0.6666666666666666,1.0,0.6666666666666666,0.6666666666666666,1.0,1.0,0.3333333333333333,1.0,0.6666666666666666,0.6666666666666666,0.3333333333333333,0.6666666666666666,0.3333333333333333,1.0,1.0,0.6666666666666666,0.6666666666666666,0.6666666666666666,0.6666666666666666,0.6666666666666666,0.6666666666666666,1.0,1.0,1.0,0.6666666666666666,2,7,2,0,2,4,22,12,0.3333333333333333,0.7,0.6666666666666666,0.3333333333333333,0.2222222222222222,0.6666666666666666,0.8333333333333333,0.5833333333333333,0.6888888888888889,0.6666666666666666,0.6666666666666666,0.8666666666666667,0.3333333333333333,0.7,0.4074074074074074,0.7103174603174602,0.4761904761904762,0.5735567970204842,1,1,0,0,1,0,0,1,1,2
2023,Turkey,TR,Asia,EFUR3,https://www.fatf-gafi.org/en/publications/Mutualevaluations/turkiye-fur-2023.html,2023-07-01,FATF,1,SE,SE,ME,ME,ME,ME,ME,ME,ME,LE,LE,LC,LC,LC,C,LC,LC,LC,LC,C,LC,C,C,LC,LC,PC,LC,C,LC,LC,C,C,LC,C,LC,LC,C,LC,LC,C,C,LC,LC,LC,LC,LC,LC,C,C,C,LC,0.6666666666666666,0.6666666666666666,0.3333333333333333,0.3333333333333333,0.3333333333333333,0.3333333333333333,0.3333333333333333,0.3333333333333333,0.3333333333333333,0.0,0.0,0.6666666666666666,0.6666666666666666,0.6666666666666666,1.0,0.6666666666666666,0.6666666666666666,0.6666666666666666,0.6666666666666666,1.0,0.6666666666666666,1.0,1.0,0.6666666666666666,0.6666666666666666,0.3333333333333333,0.6666666666666666,1.0,0.6666666666666666,0.6666666666666666,1.0,1.0,0.6666666666666666,1.0,0.6666666666666666,0.6666666666666666,1.0,0.6666666666666666,0.6666666666666666,1.0,1.0,0.6666666666666666,0.6666666666666666,0.6666666666666666,0.6666666666666666,0.6666666666666666,0.6666666666666666,1.0,1.0,1.0,0.6666666666666666,2,7,2,0,0,1,25,14,0.3333333333333333,0.775,0.6666666666666666,0.3333333333333333,0.2222222222222222,0.6666666666666666,0.8333333333333333,0.6666666666666666,0.7999999999999999,0.6666666666666666,0.7666666666666666,0.8666666666666667,0.3333333333333333,0.775,0.4074074074074074,0.7523809523809524,0.4301075268817204,0.5414908579465542,1,1,0,0,1,0,0,1,1,3
2023,Turkmenistan,TM,Asia,MER,https://www.fatf-gafi.org/en/publications/Mutualevaluations/Turkmenistan-MER-2023.html,2023-07-01,EAG,1,SE,SE,ME,ME,LE,ME,ME,SE,SE,ME,ME,LC,LC,LC,PC,LC,LC,LC,PC,C,LC,C,PC,C,LC,PC,PC,C,LC,LC,C,C,LC,PC,PC,PC,PC,LC,PC,C,LC,LC,LC,PC,LC,LC,LC,LC,PC,LC,PC,0.6666666666666666,0.6666666666666666,0.3333333333333333,0.3333333333333333,0.0,0.3333333333333333,0.3333333333333333,0.6666666666666666,0.6666666666666666,0.3333333333333333,0.3333333333333333,0.6666666666666666,0.6666666666666666,0.6666666666666666,0.3333333333333333,0.6666666666666666,0.6666666666666666,0.6666666666666666,0.3333333333333333,1.0,0.6666666666666666,1.0,0.3333333333333333,1.0,0.6666666666666666,0.3333333333333333,0.3333333333333333,1.0,0.6666666666666666,0.6666666666666666,1.0,1.0,0.6666666666666666,0.3333333333333333,0.3333333333333333,0.3333333333333333,0.3333333333333333,0.6666666666666666,0.3333333333333333,1.0,0.6666666666666666,0.6666666666666666,0.6666666666666666,0.3333333333333333,0.6666666666666666,0.6666666666666666,0.6666666666666666,0.6666666666666666,0.3333333333333333,0.6666666666666666,0.3333333333333333,1,6,4,0,0,13,20,7,0.4242424242424242,0.6166666666666667,0.6666666666666666,0.2222222222222222,0.4444444444444444,0.6666666666666666,0.5,0.5833333333333333,0.7111111111111111,0.3333333333333333,0.6,0.5333333333333333,0.4242424242424242,0.6166666666666667,0.4444444444444444,0.5611111111111111,0.6879606879606879,0.792079207920792,0,0,1,0,1,0,1,1,1,0
2020,Turks and Caicos Islands,TC,North America,MER,https://www.fatf-gafi.org/en/publications/Mutualevaluations/Mer-tci-2020.html,2020-01-01,CFATF,1,ME,ME,LE,LE,ME,ME,LE,LE,LE,ME,ME,PC,LC,C,C,C,LC,LC,PC,C,PC,C,C,PC,PC,PC,PC,PC,C,PC,C,C,PC,PC,LC,C,PC,C,PC,C,C,LC,C,LC,PC,LC,PC,LC,LC,C,PC,0.3333333333333333,0.3333333333333333,0.0,0.0,0.3333333333333333,0.3333333333333333,0.0,0.0,0.0,0.3333333333333333,0.3333333333333333,0.3333333333333333,0.6666666666666666,1.0,1.0,1.0,0.6666666666666666,0.6666666666666666,0.3333333333333333,1.0,0.3333333333333333,1.0,1.0,0.3333333333333333,0.3333333333333333,0.3333333333333333,0.3333333333333333,0.3333333333333333,1.0,0.3333333333333333,1.0,1.0,0.3333333333333333,0.3333333333333333,0.6666666666666666,1.0,0.3333333333333333,1.0,0.3333333333333333,1.0,1.0,0.6666666666666666,1.0,0.6666666666666666,0.3333333333333333,0.6666666666666666,0.3333333333333333,0.6666666666666666,0.6666666666666666,1.0,0.3333333333333333,5,6,0,0,0,16,9,15,0.1818181818181818,0.6583333333333333,0.3333333333333333,0.1111111111111111,0.16666666666666666,0.5,1.0,0.6666666666666666,0.6,0.8333333333333333,0.7,0.6,0.1818181818181818,0.6583333333333333,0.2037037037037037,0.7,0.2761795166858458,0.291005291005291,0,0,1,1,1,1,1,1,1,0
2022,Turks and Caicos Islands,TC,North America,EFUR3,https://www.fatf-gafi.org/en/publications/Mutualevaluations/turks-and-caicos-islands-FUR-2022.html,2022-12-01,CFATF,1,ME,ME,LE,LE,ME,ME,LE,LE,LE,ME,ME,PC,LC,C,C,C,LC,LC,LC,C,C,C,C,PC,C,NC,LC,C,C,C,C,C,LC,C,LC,C,LC,C,PC,C,C,LC,C,LC,LC,LC,PC,LC,LC,C,C,0.3333333333333333,0.3333333333333333,0.0,0.0,0.3333333333333333,0.3333333333333333,0.0,0.0,0.0,0.3333333333333333,0.3333333333333333,0.3333333333333333,0.6666666666666666,1.0,1.0,1.0,0.6666666666666666,0.6666666666666666,0.6666666666666666,1.0,1.0,1.0,1.0,0.3333333333333333,1.0,0.0,0.6666666666666666,1.0,1.0,1.0,1.0,1.0,0.6666666666666666,1.0,0.6666666666666666,1.0,0.6666666666666666,1.0,0.3333333333333333,1.0,1.0,0.6666666666666666,1.0,0.6666666666666666,0.6666666666666666,0.6666666666666666,0.3333333333333333,0.6666666666666666,0.6666666666666666,1.0,1.0,5,6,0,0,1,4,14,21,0.1818181818181818,0.7916666666666666,0.3333333333333333,0.1111111111111111,0.16666666666666666,0.5,1.0,0.75,0.8444444444444444,0.8333333333333333,0.7666666666666666,0.7333333333333333,0.1818181818181818,0.7916666666666666,0.2037037037037037,0.7753968253968254,0.2296650717703349,0.2627089730467417,1,1,0,0,1,1,0,1,1,3
2023,Turks and Caicos Islands,TC,North America,EFUR4,https://www.fatf-gafi.org/content/fatf-gafi/en/publications/Mutualevaluations/fur-tci-2023.html,2023-10-01,CFATF,1,ME,ME,LE,LE,ME,ME,LE,LE,LE,ME,ME,PC,LC,C,C,C,LC,LC,LC,C,C,C,C,LC,C,NC,LC,C,C,C,C,C,LC,C,LC,C,LC,C,C,C,C,LC,C,LC,LC,LC,PC,LC,LC,C,C,0.3333333333333333,0.3333333333333333,0.0,0.0,0.3333333333333333,0.3333333333333333,0.0,0.0,0.0,0.3333333333333333,0.3333333333333333,0.3333333333333333,0.6666666666666666,1.0,1.0,1.0,0.6666666666666666,0.6666666666666666,0.6666666666666666,1.0,1.0,1.0,1.0,0.6666666666666666,1.0,0.0,0.6666666666666666,1.0,1.0,1.0,1.0,1.0,0.6666666666666666,1.0,0.6666666666666666,1.0,0.6666666666666666,1.0,1.0,1.0,1.0,0.6666666666666666,1.0,0.6666666666666666,0.6666666666666666,0.6666666666666666,0.3333333333333333,0.6666666666666666,0.6666666666666666,1.0,1.0,5,6,0,0,1,2,15,22,0.1818181818181818,0.8166666666666667,0.3333333333333333,0.1111111111111111,0.16666666666666666,0.5,1.0,0.75,0.8666666666666667,0.8333333333333333,0.8333333333333333,0.7333333333333333,0.1818181818181818,0.8166666666666667,0.2037037037037037,0.7880952380952381,0.22263450834879403,0.25847599865726756,1,1,0,0,1,1,0,1,1,4
2016,Uganda,UG,Africa,MER,https://www.fatf-gafi.org/en/publications/Mutualevaluations/Mer-uganda-2016.html,2016-04-01,ESAAMLG,1,LE,LE,LE,LE,LE,LE,LE,LE,LE,LE,LE,NC,PC,PC,LC,NC,NC,NC,NC,C,PC,NC,NC,C,PC,NC,NC,NC,NC,NC,NC,C,PC,PC,NC,NC,NC,NC,NC,PC,PC,PC,NC,NC,PC,PC,C,PC,PC,NC,PC,0.0,0.0,0.0,0.0,0.0,0.0,0.0,0.0,0.0,0.0,0.0,0.0,0.3333333333333333,0.3333333333333333,0.6666666666666666,0.0,0.0,0.0,0.0,1.0,0.3333333333333333,0.0,0.0,1.0,0.3333333333333333,0.0,0.0,0.0,0.0,0.0,0.0,1.0,0.3333333333333333,0.3333333333333333,0.0,0.0,0.0,0.0,0.0,0.3333333333333333,0.3333333333333333,0.3333333333333333,0.0,0.0,0.3333333333333333,0.3333333333333333,1.0,0.3333333333333333,0.3333333333333333,0.0,0.3333333333333333,11,0,0,0,21,14,1,4,0.0,0.23333333333333334,0.0,0.0,0.0,0.16666666666666666,0.5,0.0,0.28888888888888886,0.0,0.16666666666666666,0.39999999999999997,0.0,0.23333333333333334,0.0,0.21746031746031744,0.0,0.0,0,0,1,1,1,1,1,1,1,0
2018,Uganda,UG,Africa,EFUR2,https://www.fatf-gafi.org/en/publications/Mutualevaluations/Fur-uganda-2018.html,2018-09-01,ESAAMLG,1,LE,LE,LE,LE,LE,LE,LE,LE,LE,LE,LE,PC,PC,C,LC,C,C,NC,NC,C,PC,C,PC,C,PC,PC,C,C,C,PC,C,C,PC,PC,NC,NC,NC,PC,NC,PC,PC,PC,NC,NC,PC,PC,C,PC,PC,NC,PC,0.0,0.0,0.0,0.0,0.0,0.0,0.0,0.0,0.0,0.0,0.0,0.3333333333333333,0.3333333333333333,1.0,0.6666666666666666,1.0,1.0,0.0,0.0,1.0,0.3333333333333333,1.0,0.3333333333333333,1.0,0.3333333333333333,0.3333333333333333,1.0,1.0,1.0,0.3333333333333333,1.0,1.0,0.3333333333333333,0.3333333333333333,0.0,0.0,0.0,0.3333333333333333,0.0,0.3333333333333333,0.3333333333333333,0.3333333333333333,0.0,0.0,0.3333333333333333,0.3333333333333333,1.0,0.3333333333333333,0.3333333333333333,0.0,0.3333333333333333,11,0,0,0,9,18,1,12,0.0,0.4666666666666667,0.0,0.0,0.0,0.3333333333333333,0.8333333333333333,0.5,0.6888888888888889,0.0,0.19999999999999998,0.39999999999999997,0.0,0.4666666666666667,0.0,0.4222222222222222,0.0,0.0,1,1,1,1,1,1,1,1,1,2
2020,Uganda,UG,Africa,EFUR5,https://www.fatf-gafi.org/en/publications/Mutualevaluations/Fur-uganda-2021.html,2020-12-01,ESAAMLG,1,LE,LE,LE,LE,LE,LE,LE,LE,LE,LE,LE,PC,PC,C,LC,C,C,NC,NC,C,LC,C,PC,C,PC,PC,C,C,C,PC,C,C,PC,LC,NC,NC,NC,PC,NC,C,PC,LC,C,NC,PC,LC,C,PC,PC,NC,PC,0.0,0.0,0.0,0.0,0.0,0.0,0.0,0.0,0.0,0.0,0.0,0.3333333333333333,0.3333333333333333,1.0,0.6666666666666666,1.0,1.0,0.0,0.0,1.0,0.6666666666666666,1.0,0.3333333333333333,1.0,0.3333333333333333,0.3333333333333333,1.0,1.0,1.0,0.3333333333333333,1.0,1.0,0.3333333333333333,0.6666666666666666,0.0,0.0,0.0,0.3333333333333333,0.0,1.0,0.3333333333333333,0.6666666666666666,1.0,0.0,0.3333333333333333,0.6666666666666666,1.0,0.3333333333333333,0.3333333333333333,0.0,0.3333333333333333,11,0,0,0,8,13,5,14,0.0,0.5416666666666666,0.0,0.0,0.0,0.3333333333333333,0.8333333333333333,0.5,0.7333333333333333,0.0,0.43333333333333335,0.39999999999999997,0.0,0.5416666666666666,0.0,0.4619047619047619,0.0,0.0,1,1,1,0,1,1,1,1,1,5
2021,Uganda,UG,Africa,EFUR7,https://www.fatf-gafi.org/en/publications/Mutualevaluations/FUR-Uganda-Sep-2021.html,2021-09-01,ESAAMLG,1,LE,LE,LE,LE,LE,LE,LE,LE,LE,LE,LE,PC,LC,C,LC,C,C,NC,NC,C,LC,C,PC,C,LC,PC,C,C,C,PC,C,C,PC,LC,NC,NC,NC,PC,NC,C,PC,LC,C,NC,PC,LC,C,PC,PC,NC,PC,0.0,0.0,0.0,0.0,0.0,0.0,0.0,0.0,0.0,0.0,0.0,0.3333333333333333,0.6666666666666666,1.0,0.6666666666666666,1.0,1.0,0.0,0.0,1.0,0.6666666666666666,1.0,0.3333333333333333,1.0,0.6666666666666666,0.3333333333333333,1.0,1.0,1.0,0.3333333333333333,1.0,1.0,0.3333333333333333,0.6666666666666666,0.0,0.0,0.0,0.3333333333333333,0.0,1.0,0.3333333333333333,0.6666666666666666,1.0,0.0,0.3333333333333333,0.6666666666666666,1.0,0.3333333333333333,0.3333333333333333,0.0,0.3333333333333333,11,0,0,0,8,11,7,14,0.0,0.5583333333333333,0.0,0.0,0.0,0.5,0.8333333333333333,0.5,0.7555555555555555,0.0,0.43333333333333335,0.39999999999999997,0.0,0.5583333333333333,0.0,0.4888888888888889,0.0,0.0,1,1,1,0,1,1,1,1,1,7
2022,Uganda,UG,Africa,EFUR9,https://www.fatf-gafi.org/en/publications/Mutualevaluations/FUR-Uganda-2022.html,2022-09-01,ESAAMLG,1,LE,LE,LE,LE,LE,LE,LE,LE,LE,LE,LE,PC,LC,C,LC,C,C,NC,NC,C,LC,C,C,C,LC,PC,C,C,C,PC,C,C,LC,LC,NC,NC,NC,PC,NC,C,PC,LC,C,NC,PC,LC,C,PC,PC,NC,PC,0.0,0.0,0.0,0.0,0.0,0.0,0.0,0.0,0.0,0.0,0.0,0.3333333333333333,0.6666666666666666,1.0,0.6666666666666666,1.0,1.0,0.0,0.0,1.0,0.6666666666666666,1.0,1.0,1.0,0.6666666666666666,0.3333333333333333,1.0,1.0,1.0,0.3333333333333333,1.0,1.0,0.6666666666666666,0.6666666666666666,0.0,0.0,0.0,0.3333333333333333,0.0,1.0,0.3333333333333333,0.6666666666666666,1.0,0.0,0.3333333333333333,0.6666666666666666,1.0,0.3333333333333333,0.3333333333333333,0.0,0.3333333333333333,11,0,0,0,8,9,8,15,0.0,0.5833333333333334,0.0,0.0,0.0,0.5,0.8333333333333333,0.5,0.8222222222222222,0.0,0.43333333333333335,0.39999999999999997,0.0,0.5833333333333334,0.0,0.4984126984126984,0.0,0.0,1,1,1,0,1,1,1,1,1,9
2017,Ukraine,UA,Europe,MER,https://www.fatf-gafi.org/en/publications/Mutualevaluations/Mer-ukraine-2017.html,2017-12-01,MONEYVAL,1,SE,ME,ME,ME,ME,SE,LE,ME,ME,ME,ME,LC,C,LC,LC,PC,PC,PC,LC,C,LC,C,LC,C,LC,LC,C,NA,LC,C,C,C,LC,LC,LC,PC,LC,LC,PC,C,C,C,LC,PC,C,PC,LC,LC,LC,LC,LC,0.6666666666666666,0.3333333333333333,0.3333333333333333,0.3333333333333333,0.3333333333333333,0.6666666666666666,0.0,0.3333333333333333,0.3333333333333333,0.3333333333333333,0.3333333333333333,0.6666666666666666,1.0,0.6666666666666666,0.6666666666666666,0.3333333333333333,0.3333333333333333,0.3333333333333333,0.6666666666666666,1.0,0.6666666666666666,1.0,0.6666666666666666,1.0,0.6666666666666666,0.6666666666666666,1.0,0.7094017094017093,0.6666666666666666,1.0,1.0,1.0,0.6666666666666666,0.6666666666666666,0.6666666666666666,0.3333333333333333,0.6666666666666666,0.6666666666666666,0.3333333333333333,1.0,1.0,1.0,0.6666666666666666,0.3333333333333333,1.0,0.3333333333333333,0.6666666666666666,0.6666666666666666,0.6666666666666666,0.6666666666666666,0.6666666666666666,1,8,2,0,0,7,20,12,0.3636363636363636,0.7094017094017093,0.5,0.3333333333333333,0.3333333333333333,0.8333333333333333,0.6666666666666666,0.41666666666666663,0.8250712250712251,0.5,0.7,0.6666666666666666,0.3636363636363636,0.7094017094017093,0.3888888888888889,0.6583435083435083,0.5125958378970427,0.5907081697629131,0,0,0,1,1,0,1,1,1,0
2019,Ukraine,UA,Europe,EFUR1,https://www.fatf-gafi.org/en/publications/Mutualevaluations/Fur-ukraine-2019.html,2019-07-01,MONEYVAL,1,SE,ME,ME,ME,ME,SE,LE,ME,ME,ME,ME,LC,C,LC,LC,PC,PC,PC,LC,C,LC,C,LC,C,LC,LC,C,NA,LC,C,C,LC,LC,LC,LC,PC,LC,LC,PC,C,C,C,LC,PC,C,PC,LC,LC,LC,LC,LC,0.6666666666666666,0.3333333333333333,0.3333333333333333,0.3333333333333333,0.3333333333333333,0.6666666666666666,0.0,0.3333333333333333,0.3333333333333333,0.3333333333333333,0.3333333333333333,0.6666666666666666,1.0,0.6666666666666666,0.6666666666666666,0.3333333333333333,0.3333333333333333,0.3333333333333333,0.6666666666666666,1.0,0.6666666666666666,1.0,0.6666666666666666,1.0,0.6666666666666666,0.6666666666666666,1.0,0.7008547008547008,0.6666666666666666,1.0,1.0,0.6666666666666666,0.6666666666666666,0.6666666666666666,0.6666666666666666,0.3333333333333333,0.6666666666666666,0.6666666666666666,0.3333333333333333,1.0,1.0,1.0,0.6666666666666666,0.3333333333333333,1.0,0.3333333333333333,0.6666666666666666,0.6666666666666666,0.6666666666666666,0.6666666666666666,0.6666666666666666,1,8,2,0,0,7,21,11,0.3636363636363636,0.7008547008547008,0.5,0.3333333333333333,0.3333333333333333,0.8333333333333333,0.6666666666666666,0.41666666666666663,0.8022792022792022,0.5,0.7,0.6666666666666666,0.3636363636363636,0.7008547008547008,0.3888888888888889,0.655087505087505,0.5188470066518847,0.5936441862632413,1,1,0,1,1,0,1,1,1,1
2020,Ukraine,UA,Europe,EFUR2,https://www.fatf-gafi.org/en/publications/Mutualevaluations/Fur2-ukraine-2020.html,2020-06-01,MONEYVAL,1,SE,ME,ME,ME,ME,SE,LE,ME,ME,ME,ME,LC,C,LC,LC,LC,PC,PC,LC,C,LC,C,LC,C,LC,PC,C,NA,LC,C,C,LC,LC,LC,LC,PC,LC,LC,PC,C,C,C,LC,PC,C,LC,LC,LC,LC,LC,LC,0.6666666666666666,0.3333333333333333,0.3333333333333333,0.3333333333333333,0.3333333333333333,0.6666666666666666,0.0,0.3333333333333333,0.3333333333333333,0.3333333333333333,0.3333333333333333,0.6666666666666666,1.0,0.6666666666666666,0.6666666666666666,0.6666666666666666,0.3333333333333333,0.3333333333333333,0.6666666666666666,1.0,0.6666666666666666,1.0,0.6666666666666666,1.0,0.6666666666666666,0.3333333333333333,1.0,0.7094017094017093,0.6666666666666666,1.0,1.0,0.6666666666666666,0.6666666666666666,0.6666666666666666,0.6666666666666666,0.3333333333333333,0.6666666666666666,0.6666666666666666,0.3333333333333333,1.0,1.0,1.0,0.6666666666666666,0.3333333333333333,1.0,0.6666666666666666,0.6666666666666666,0.6666666666666666,0.6666666666666666,0.6666666666666666,0.6666666666666666,1,8,2,0,0,6,22,11,0.3636363636363636,0.7094017094017093,0.5,0.3333333333333333,0.3333333333333333,0.8333333333333333,0.6666666666666666,0.5,0.7806267806267806,0.5,0.7333333333333333,0.6666666666666666,0.3636363636363636,0.7094017094017093,0.3888888888888889,0.6686609686609686,0.5125958378970427,0.5815935236472093,1,1,0,0,1,0,0,1,1,2
2020,United Arab Emirates,AE,Asia,MER,https://www.fatf-gafi.org/en/publications/Mutualevaluations/Mer-uae-2020.html,2020-04-01,FATF/MENAFATF,1,ME,LE,ME,ME,LE,ME,LE,ME,SE,ME,LE,PC,LC,LC,LC,LC,PC,PC,LC,C,LC,LC,LC,C,LC,LC,C,LC,LC,PC,C,LC,LC,LC,LC,PC,C,C,LC,PC,C,C,C,LC,LC,LC,C,LC,LC,C,LC,0.3333333333333333,0.0,0.3333333333333333,0.3333333333333333,0.0,0.3333333333333333,0.0,0.3333333333333333,0.6666666666666666,0.3333333333333333,0.0,0.3333333333333333,0.6666666666666666,0.6666666666666666,0.6666666666666666,0.6666666666666666,0.3333333333333333,0.3333333333333333,0.6666666666666666,1.0,0.6666666666666666,0.6666666666666666,0.6666666666666666,1.0,0.6666666666666666,0.6666666666666666,1.0,0.6666666666666666,0.6666666666666666,0.3333333333333333,1.0,0.6666666666666666,0.6666666666666666,0.6666666666666666,0.6666666666666666,0.3333333333333333,1.0,1.0,0.6666666666666666,0.3333333333333333,1.0,1.0,1.0,0.6666666666666666,0.6666666666666666,0.6666666666666666,1.0,0.6666666666666666,0.6666666666666666,1.0,0.6666666666666666,4,6,1,0,0,6,23,11,0.2424242424242424,0.7083333333333333,0.16666666666666666,0.2222222222222222,0.2777777777777778,0.5,0.6666666666666666,0.5,0.7333333333333333,0.5,0.7999999999999999,0.7999999999999999,0.2424242424242424,0.7083333333333333,0.2222222222222222,0.6428571428571428,0.3422459893048128,0.34567901234567905,0,0,0,0,1,1,0,1,1,0
2021,United Arab Emirates,AE,Asia,EFUR1,https://www.fatf-gafi.org/en/publications/Mutualevaluations/Fur-uae-nov-2021.html,2021-11-01,MENAFATF,1,ME,LE,ME,ME,LE,ME,LE,ME,SE,ME,LE,PC,LC,LC,LC,LC,C,C,LC,C,LC,LC,LC,C,LC,PC,C,LC,LC,PC,C,LC,LC,LC,LC,LC,C,C,LC,PC,C,C,C,LC,LC,LC,C,LC,LC,C,LC,0.3333333333333333,0.0,0.3333333333333333,0.3333333333333333,0.0,0.3333333333333333,0.0,0.3333333333333333,0.6666666666666666,0.3333333333333333,0.0,0.3333333333333333,0.6666666666666666,0.6666666666666666,0.6666666666666666,0.6666666666666666,1.0,1.0,0.6666666666666666,1.0,0.6666666666666666,0.6666666666666666,0.6666666666666666,1.0,0.6666666666666666,0.3333333333333333,1.0,0.6666666666666666,0.6666666666666666,0.3333333333333333,1.0,0.6666666666666666,0.6666666666666666,0.6666666666666666,0.6666666666666666,0.6666666666666666,1.0,1.0,0.6666666666666666,0.3333333333333333,1.0,1.0,1.0,0.6666666666666666,0.6666666666666666,0.6666666666666666,1.0,0.6666666666666666,0.6666666666666666,1.0,0.6666666666666666,4,6,1,0,0,4,23,13,0.2424242424242424,0.7416666666666667,0.16666666666666666,0.2222222222222222,0.2777777777777778,0.5,0.6666666666666666,0.8333333333333333,0.7111111111111111,0.6666666666666666,0.7999999999999999,0.7999999999999999,0.2424242424242424,0.7416666666666667,0.2222222222222222,0.711111111111111,0.32686414708886613,0.3125,1,1,0,0,1,1,0,1,1,1
2023,United Arab Emirates,AE,Asia,EFUR3,https://www.fatf-gafi.org/en/publications/Mutualevaluations/FUR-UAE-2023.html,2023-06-01,MENAFATF,1,ME,LE,ME,ME,LE,ME,LE,ME,SE,ME,LE,LC,LC,LC,LC,LC,C,C,LC,C,LC,LC,LC,C,LC,PC,C,LC,LC,C,C,LC,LC,LC,LC,LC,C,C,LC,C,C,C,C,LC,LC,LC,C,LC,LC,C,LC,0.3333333333333333,0.0,0.3333333333333333,0.3333333333333333,0.0,0.3333333333333333,0.0,0.3333333333333333,0.6666666666666666,0.3333333333333333,0.0,0.6666666666666666,0.6666666666666666,0.6666666666666666,0.6666666666666666,0.6666666666666666,1.0,1.0,0.6666666666666666,1.0,0.6666666666666666,0.6666666666666666,0.6666666666666666,1.0,0.6666666666666666,0.3333333333333333,1.0,0.6666666666666666,0.6666666666666666,1.0,1.0,0.6666666666666666,0.6666666666666666,0.6666666666666666,0.6666666666666666,0.6666666666666666,1.0,1.0,0.6666666666666666,1.0,1.0,1.0,1.0,0.6666666666666666,0.6666666666666666,0.6666666666666666,1.0,0.6666666666666666,0.6666666666666666,1.0,0.6666666666666666,4,6,1,0,0,1,24,15,0.2424242424242424,0.7833333333333333,0.16666666666666666,0.2222222222222222,0.2777777777777778,0.6666666666666666,0.6666666666666666,0.8333333333333333,0.7555555555555555,0.6666666666666666,0.8666666666666667,0.7999999999999999,0.2424242424242424,0.7833333333333333,0.2222222222222222,0.7507936507936508,0.3094777562862669,0.29598308668076106,1,1,0,0,1,1,0,1,1,3
2018,United Kingdom,GB,Europe,MER,https://www.fatf-gafi.org/en/publications/Mutualevaluations/Mer-united-kingdom-2018.html,2018-12-01,FATF,0,HE,SE,ME,ME,SE,ME,SE,SE,HE,HE,HE,LC,C,C,C,C,LC,LC,C,C,LC,C,C,PC,C,LC,C,LC,LC,LC,C,C,LC,LC,LC,C,C,C,C,PC,C,C,LC,LC,C,C,C,LC,C,C,LC,1.0,0.6666666666666666,0.3333333333333333,0.3333333333333333,0.6666666666666666,0.3333333333333333,0.6666666666666666,0.6666666666666666,1.0,1.0,1.0,0.6666666666666666,1.0,1.0,1.0,1.0,0.6666666666666666,0.6666666666666666,1.0,1.0,0.6666666666666666,1.0,1.0,0.3333333333333333,1.0,0.6666666666666666,1.0,0.6666666666666666,0.6666666666666666,0.6666666666666666,1.0,1.0,0.6666666666666666,0.6666666666666666,0.6666666666666666,1.0,1.0,1.0,1.0,0.3333333333333333,1.0,1.0,0.6666666666666666,0.6666666666666666,1.0,1.0,1.0,0.6666666666666666,1.0,1.0,0.6666666666666666,0,3,4,4,0,2,15,23,0.6969696969696969,0.8416666666666667,0.8333333333333333,0.4444444444444444,0.7777777777777778,0.8333333333333333,1.0,0.8333333333333333,0.7999999999999999,0.8333333333333333,0.8666666666666667,0.8666666666666667,0.6969696969696969,0.8416666666666667,0.6851851851851851,0.8619047619047618,0.828082808280828,0.7949662369551872,0,0,0,0,0,0,0,0,0,0
2022,United Kingdom,GB,Europe,RFUR1,https://www.fatf-gafi.org/en/publications/Mutualevaluations/Fur-united-kingdom-2022.html,2022-05-01,FATF,0,HE,SE,ME,ME,SE,ME,SE,SE,HE,HE,HE,LC,C,C,C,C,LC,LC,C,C,LC,C,C,C,C,LC,C,LC,LC,LC,C,C,LC,LC,LC,C,C,C,C,PC,C,C,LC,LC,C,C,C,LC,C,C,LC,1.0,0.6666666666666666,0.3333333333333333,0.3333333333333333,0.6666666666666666,0.3333333333333333,0.6666666666666666,0.6666666666666666,1.0,1.0,1.0,0.6666666666666666,1.0,1.0,1.0,1.0,0.6666666666666666,0.6666666666666666,1.0,1.0,0.6666666666666666,1.0,1.0,1.0,1.0,0.6666666666666666,1.0,0.6666666666666666,0.6666666666666666,0.6666666666666666,1.0,1.0,0.6666666666666666,0.6666666666666666,0.6666666666666666,1.0,1.0,1.0,1.0,0.3333333333333333,1.0,1.0,0.6666666666666666,0.6666666666666666,1.0,1.0,1.0,0.6666666666666666,1.0,1.0,0.6666666666666666,0,3,4,4,0,1,15,24,0.6969696969696969,0.8583333333333333,0.8333333333333333,0.4444444444444444,0.7777777777777778,0.8333333333333333,1.0,0.8333333333333333,0.8444444444444444,0.8333333333333333,0.8666666666666667,0.8666666666666667,0.6969696969696969,0.8583333333333333,0.6851851851851851,0.8682539682539683,0.8120035304501324,0.7891529555149298,1,0,0,0,0,0,0,0,0,1
2016,United States,US,North America,MER,https://www.fatf-gafi.org/en/publications/Mutualevaluations/Mer-united-states-2016.html,2016-12-01,FATF/APG,1,SE,SE,ME,ME,LE,SE,SE,HE,HE,HE,HE,PC,C,LC,LC,C,LC,LC,LC,C,PC,LC,PC,LC,LC,LC,PC,LC,LC,LC,PC,C,NC,NC,NC,PC,LC,C,NC,C,C,LC,C,LC,LC,LC,LC,LC,LC,LC,C,0.6666666666666666,0.6666666666666666,0.3333333333333333,0.3333333333333333,0.0,0.6666666666666666,0.6666666666666666,1.0,1.0,1.0,1.0,0.3333333333333333,1.0,0.6666666666666666,0.6666666666666666,1.0,0.6666666666666666,0.6666666666666666,0.6666666666666666,1.0,0.3333333333333333,0.6666666666666666,0.3333333333333333,0.6666666666666666,0.6666666666666666,0.6666666666666666,0.3333333333333333,0.6666666666666666,0.6666666666666666,0.6666666666666666,0.3333333333333333,1.0,0.0,0.0,0.0,0.3333333333333333,0.6666666666666666,1.0,0.0,1.0,1.0,0.6666666666666666,1.0,0.6666666666666666,0.6666666666666666,0.6666666666666666,0.6666666666666666,0.6666666666666666,0.6666666666666666,0.6666666666666666,1.0,1,2,4,4,4,6,21,9,0.6666666666666666,0.625,0.6666666666666666,0.2222222222222222,0.8888888888888888,0.6666666666666666,0.6666666666666666,0.75,0.5333333333333333,0.16666666666666666,0.7333333333333333,0.7333333333333333,0.6666666666666666,0.625,0.5925925925925926,0.6071428571428571,1.0666666666666667,0.9760348583877996,0,0,1,1,0,0,1,0,1,0
2020,United States,US,North America,EFUR3,https://www.fatf-gafi.org/en/publications/Mutualevaluations/Fur-united-states-2020.html,2020-03-01,FATF,1,SE,SE,ME,ME,LE,SE,SE,HE,HE,HE,HE,PC,C,LC,LC,C,LC,LC,LC,C,LC,LC,PC,LC,LC,LC,PC,LC,LC,LC,PC,C,NC,NC,NC,PC,LC,C,NC,C,C,LC,C,LC,LC,LC,LC,LC,LC,LC,C,0.6666666666666666,0.6666666666666666,0.3333333333333333,0.3333333333333333,0.0,0.6666666666666666,0.6666666666666666,1.0,1.0,1.0,1.0,0.3333333333333333,1.0,0.6666666666666666,0.6666666666666666,1.0,0.6666666666666666,0.6666666666666666,0.6666666666666666,1.0,0.6666666666666666,0.6666666666666666,0.3333333333333333,0.6666666666666666,0.6666666666666666,0.6666666666666666,0.3333333333333333,0.6666666666666666,0.6666666666666666,0.6666666666666666,0.3333333333333333,1.0,0.0,0.0,0.0,0.3333333333333333,0.6666666666666666,1.0,0.0,1.0,1.0,0.6666666666666666,1.0,0.6666666666666666,0.6666666666666666,0.6666666666666666,0.6666666666666666,0.6666666666666666,0.6666666666666666,0.6666666666666666,1.0,1,2,4,4,4,5,22,9,0.6666666666666666,0.6333333333333333,0.6666666666666666,0.2222222222222222,0.8888888888888888,0.6666666666666666,0.6666666666666666,0.75,0.5555555555555556,0.16666666666666666,0.7333333333333333,0.7333333333333333,0.6666666666666666,0.6333333333333333,0.5925925925925926,0.6103174603174603,1.0526315789473684,0.9709579540528825,1,1,1,1,0,0,1,0,1,3
2024,United States,US,North America,EFUR7,https://www.fatf-gafi.org/content/fatf-gafi/en/publications/Mutualevaluations/united-states-fur-2024.html,2024-03-01,FATF,1,SE,SE,ME,ME,LE,SE,SE,HE,HE,HE,HE,PC,C,LC,LC,C,LC,LC,LC,C,LC,LC,PC,LC,LC,LC,PC,LC,LC,LC,PC,C,NC,NC,LC,PC,LC,C,NC,C,C,LC,C,LC,LC,LC,LC,LC,LC,LC,C,0.6666666666666666,0.6666666666666666,0.3333333333333333,0.3333333333333333,0.0,0.6666666666666666,0.6666666666666666,1.0,1.0,1.0,1.0,0.3333333333333333,1.0,0.6666666666666666,0.6666666666666666,1.0,0.6666666666666666,0.6666666666666666,0.6666666666666666,1.0,0.6666666666666666,0.6666666666666666,0.3333333333333333,0.6666666666666666,0.6666666666666666,0.6666666666666666,0.3333333333333333,0.6666666666666666,0.6666666666666666,0.6666666666666666,0.3333333333333333,1.0,0.0,0.0,0.6666666666666666,0.3333333333333333,0.6666666666666666,1.0,0.0,1.0,1.0,0.6666666666666666,1.0,0.6666666666666666,0.6666666666666666,0.6666666666666666,0.6666666666666666,0.6666666666666666,0.6666666666666666,0.6666666666666666,1.0,1,2,4,4,3,5,23,9,0.6666666666666666,0.65,0.6666666666666666,0.2222222222222222,0.8888888888888888,0.6666666666666666,0.6666666666666666,0.75,0.5555555555555556,0.5,0.7333333333333333,0.7333333333333333,0.6666666666666666,0.65,0.5925925925925926,0.6579365079365079,1.0256410256410255,0.9006835544833132,1,1,1,1,0,0,1,0,1,7
2020,Uruguay,UY,South America,MER,https://www.fatf-gafi.org/en/publications/Mutualevaluations/Mer-uruguay-2020.html,2020-01-01,GAFILAT,1,ME,ME,ME,ME,ME,ME,ME,ME,ME,ME,ME,LC,C,LC,LC,LC,LC,LC,C,C,LC,C,C,LC,LC,LC,LC,NA,C,C,LC,C,LC,LC,LC,LC,C,C,LC,LC,C,C,C,C,C,LC,C,LC,LC,LC,LC,0.3333333333333333,0.3333333333333333,0.3333333333333333,0.3333333333333333,0.3333333333333333,0.3333333333333333,0.3333333333333333,0.3333333333333333,0.3333333333333333,0.3333333333333333,0.3333333333333333,0.6666666666666666,1.0,0.6666666666666666,0.6666666666666666,0.6666666666666666,0.6666666666666666,0.6666666666666666,1.0,1.0,0.6666666666666666,1.0,1.0,0.6666666666666666,0.6666666666666666,0.6666666666666666,0.6666666666666666,0.8034188034188035,1.0,1.0,0.6666666666666666,1.0,0.6666666666666666,0.6666666666666666,0.6666666666666666,0.6666666666666666,1.0,1.0,0.6666666666666666,0.6666666666666666,1.0,1.0,1.0,1.0,1.0,0.6666666666666666,1.0,0.6666666666666666,0.6666666666666666,0.6666666666666666,0.6666666666666666,0,11,0,0,0,0,23,16,0.3333333333333333,0.8034188034188035,0.3333333333333333,0.3333333333333333,0.3333333333333333,0.8333333333333333,0.6666666666666666,0.75,0.809116809116809,0.6666666666666666,0.9,0.7333333333333333,0.3333333333333333,0.8034188034188035,0.3333333333333333,0.7655881155881156,0.41489361702127653,0.4353951250631296,0,0,0,0,1,0,0,1,1,0
2022,Uzbekistan,UZ,Asia,MER,https://www.fatf-gafi.org/en/publications/Mutualevaluations/Mer-uzbekistan-2022.html,2022-08-01,EAG,1,SE,SE,ME,ME,ME,SE,ME,ME,SE,SE,SE,LC,C,LC,LC,LC,PC,PC,PC,LC,LC,LC,PC,LC,LC,LC,LC,LC,PC,LC,C,LC,PC,LC,LC,PC,PC,LC,LC,C,C,C,C,LC,LC,PC,LC,C,LC,C,LC,0.6666666666666666,0.6666666666666666,0.3333333333333333,0.3333333333333333,0.3333333333333333,0.6666666666666666,0.3333333333333333,0.3333333333333333,0.6666666666666666,0.6666666666666666,0.6666666666666666,0.6666666666666666,1.0,0.6666666666666666,0.6666666666666666,0.6666666666666666,0.3333333333333333,0.3333333333333333,0.3333333333333333,0.6666666666666666,0.6666666666666666,0.6666666666666666,0.3333333333333333,0.6666666666666666,0.6666666666666666,0.6666666666666666,0.6666666666666666,0.6666666666666666,0.3333333333333333,0.6666666666666666,1.0,0.6666666666666666,0.3333333333333333,0.6666666666666666,0.6666666666666666,0.3333333333333333,0.3333333333333333,0.6666666666666666,0.6666666666666666,1.0,1.0,1.0,1.0,0.6666666666666666,0.6666666666666666,0.3333333333333333,0.6666666666666666,1.0,0.6666666666666666,1.0,0.6666666666666666,0,5,6,0,0,9,23,8,0.5151515151515151,0.6583333333333333,0.6666666666666666,0.3333333333333333,0.5555555555555556,0.8333333333333333,0.6666666666666666,0.41666666666666663,0.6222222222222222,0.5,0.7333333333333333,0.7999999999999999,0.5151515151515151,0.6583333333333333,0.5185185185185185,0.6531746031746032,0.7825086306098964,0.793843661401377,0,0,1,0,0,0,1,0,1,0
2023,Uzbekistan,UZ,Asia,EFUR1,https://www.fatf-gafi.org/en/publications/Mutualevaluations/fur-uzbekistan-2023.html,2023-07-01,EAG,1,SE,SE,ME,ME,ME,SE,ME,ME,SE,SE,SE,LC,C,LC,LC,LC,LC,LC,PC,LC,LC,LC,PC,LC,LC,LC,LC,LC,PC,LC,C,LC,LC,LC,LC,PC,PC,LC,LC,C,C,C,C,LC,LC,PC,LC,C,LC,C,LC,0.6666666666666666,0.6666666666666666,0.3333333333333333,0.3333333333333333,0.3333333333333333,0.6666666666666666,0.3333333333333333,0.3333333333333333,0.6666666666666666,0.6666666666666666,0.6666666666666666,0.6666666666666666,1.0,0.6666666666666666,0.6666666666666666,0.6666666666666666,0.6666666666666666,0.6666666666666666,0.3333333333333333,0.6666666666666666,0.6666666666666666,0.6666666666666666,0.3333333333333333,0.6666666666666666,0.6666666666666666,0.6666666666666666,0.6666666666666666,0.6666666666666666,0.3333333333333333,0.6666666666666666,1.0,0.6666666666666666,0.6666666666666666,0.6666666666666666,0.6666666666666666,0.3333333333333333,0.3333333333333333,0.6666666666666666,0.6666666666666666,1.0,1.0,1.0,1.0,0.6666666666666666,0.6666666666666666,0.3333333333333333,0.6666666666666666,1.0,0.6666666666666666,1.0,0.6666666666666666,0,5,6,0,0,6,26,8,0.5151515151515151,0.6833333333333333,0.6666666666666666,0.3333333333333333,0.5555555555555556,0.8333333333333333,0.6666666666666666,0.5833333333333333,0.6444444444444444,0.5,0.7333333333333333,0.7999999999999999,0.5151515151515151,0.6833333333333333,0.5185185185185185,0.6801587301587301,0.7538802660753879,0.7623492804356282,1,1,0,0,0,0,0,0,0,1
2015,Vanuatu,VU,Oceania,MER,https://www.fatf-gafi.org/en/publications/Mutualevaluations/Mer-vanuatu-2015.html,2015-09-01,APG,1,LE,LE,LE,LE,LE,LE,LE,LE,LE,LE,LE,NC,NC,NC,PC,PC,PC,NC,NC,LC,PC,LC,LC,LC,PC,LC,NC,NC,NC,PC,LC,LC,PC,PC,NC,NC,PC,PC,PC,LC,C,PC,LC,NC,PC,PC,PC,PC,NC,PC,NC,0.0,0.0,0.0,0.0,0.0,0.0,0.0,0.0,0.0,0.0,0.0,0.0,0.0,0.0,0.3333333333333333,0.3333333333333333,0.3333333333333333,0.0,0.0,0.6666666666666666,0.3333333333333333,0.6666666666666666,0.6666666666666666,0.6666666666666666,0.3333333333333333,0.6666666666666666,0.0,0.0,0.0,0.3333333333333333,0.6666666666666666,0.6666666666666666,0.3333333333333333,0.3333333333333333,0.0,0.0,0.3333333333333333,0.3333333333333333,0.3333333333333333,0.6666666666666666,1.0,0.3333333333333333,0.6666666666666666,0.0,0.3333333333333333,0.3333333333333333,0.3333333333333333,0.3333333333333333,0.0,0.3333333333333333,0.0,11,0,0,0,13,17,9,1,0.0,0.31666666666666665,0.0,0.0,0.0,0.0,0.16666666666666666,0.16666666666666666,0.4222222222222222,0.0,0.4333333333333333,0.19999999999999998,0.0,0.31666666666666665,0.0,0.1984126984126984,0.0,0.0,0,0,1,1,1,1,1,1,1,0
2017,Vanuatu,VU,Oceania,EFUR2,https://www.fatf-gafi.org/en/publications/Mutualevaluations/Fur-vanuatu-2017.html,2017-11-01,APG,1,LE,LE,LE,LE,LE,LE,LE,LE,LE,LE,LE,NC,NC,NC,PC,PC,PC,NC,NC,LC,PC,LC,LC,LC,PC,LC,NC,NC,NC,PC,LC,LC,PC,PC,NC,NC,LC,PC,LC,LC,C,PC,LC,NC,PC,PC,PC,PC,NC,PC,NC,0.0,0.0,0.0,0.0,0.0,0.0,0.0,0.0,0.0,0.0,0.0,0.0,0.0,0.0,0.3333333333333333,0.3333333333333333,0.3333333333333333,0.0,0.0,0.6666666666666666,0.3333333333333333,0.6666666666666666,0.6666666666666666,0.6666666666666666,0.3333333333333333,0.6666666666666666,0.0,0.0,0.0,0.3333333333333333,0.6666666666666666,0.6666666666666666,0.3333333333333333,0.3333333333333333,0.0,0.0,0.6666666666666666,0.3333333333333333,0.6666666666666666,0.6666666666666666,1.0,0.3333333333333333,0.6666666666666666,0.0,0.3333333333333333,0.3333333333333333,0.3333333333333333,0.3333333333333333,0.0,0.3333333333333333,0.0,11,0,0,0,13,15,11,1,0.0,0.3333333333333333,0.0,0.0,0.0,0.0,0.16666666666666666,0.16666666666666666,0.4222222222222222,0.0,0.5,0.19999999999999998,0.0,0.3333333333333333,0.0,0.20793650793650792,0.0,0.0,1,1,1,1,1,1,1,1,1,2
2018,Vanuatu,VU,Oceania,EFUR3,https://www.fatf-gafi.org/en/publications/Mutualevaluations/Fur-vanuatu-2018.html,2018-09-01,APG,1,LE,LE,LE,LE,LE,LE,LE,LE,LE,LE,LE,C,C,C,C,C,C,C,LC,LC,LC,LC,LC,LC,C,LC,C,C,LC,PC,LC,LC,LC,LC,LC,LC,LC,C,LC,LC,C,C,LC,LC,C,C,C,C,LC,C,LC,0.0,0.0,0.0,0.0,0.0,0.0,0.0,0.0,0.0,0.0,0.0,1.0,1.0,1.0,1.0,1.0,1.0,1.0,0.6666666666666666,0.6666666666666666,0.6666666666666666,0.6666666666666666,0.6666666666666666,0.6666666666666666,1.0,0.6666666666666666,1.0,1.0,0.6666666666666666,0.3333333333333333,0.6666666666666666,0.6666666666666666,0.6666666666666666,0.6666666666666666,0.6666666666666666,0.6666666666666666,0.6666666666666666,1.0,0.6666666666666666,0.6666666666666666,1.0,1.0,0.6666666666666666,0.6666666666666666,1.0,1.0,1.0,1.0,0.6666666666666666,1.0,0.6666666666666666,11,0,0,0,0,1,21,18,0.0,0.8083333333333333,0.0,0.0,0.0,1.0,1.0,0.9166666666666666,0.711111111111111,0.6666666666666666,0.8333333333333333,0.8666666666666667,0.0,0.8083333333333333,0.0,0.8563492063492063,0.0,0.0,1,1,0,0,1,1,0,1,1,3
2023,Venezuela,VE,South America,MER,https://www.fatf-gafi.org/en/publications/Mutualevaluations/MER-Venezuela-2023.html,2023-03-01,CFATF,1,ME,LE,LE,LE,LE,LE,LE,LE,LE,LE,LE,PC,PC,LC,PC,PC,NC,NC,NC,LC,PC,LC,PC,LC,PC,PC,PC,PC,PC,PC,PC,LC,PC,PC,NC,NC,PC,PC,PC,PC,LC,LC,PC,PC,PC,PC,LC,PC,PC,LC,PC,0.3333333333333333,0.0,0.0,0.0,0.0,0.0,0.0,0.0,0.0,0.0,0.0,0.3333333333333333,0.3333333333333333,0.6666666666666666,0.3333333333333333,0.3333333333333333,0.0,0.0,0.0,0.6666666666666666,0.3333333333333333,0.6666666666666666,0.3333333333333333,0.6666666666666666,0.3333333333333333,0.3333333333333333,0.3333333333333333,0.3333333333333333,0.3333333333333333,0.3333333333333333,0.3333333333333333,0.6666666666666666,0.3333333333333333,0.3333333333333333,0.0,0.0,0.3333333333333333,0.3333333333333333,0.3333333333333333,0.3333333333333333,0.6666666666666666,0.6666666666666666,0.3333333333333333,0.3333333333333333,0.3333333333333333,0.3333333333333333,0.6666666666666666,0.3333333333333333,0.3333333333333333,0.6666666666666666,0.3333333333333333,10,1,0,0,5,26,9,0,0.0303030303030303,0.36666666666666664,0.16666666666666666,0.0,0.0,0.3333333333333333,0.5,0.08333333333333333,0.4222222222222222,0.0,0.39999999999999997,0.4666666666666666,0.0303030303030303,0.36666666666666664,0.05555555555555555,0.31507936507936507,0.08264462809917356,0.17632241813602015,0,0,1,1,1,1,1,1,1,0
2022,Vietnam,VN,Asia,MER,https://www.fatf-gafi.org/en/publications/Mutualevaluations/Mer-vietnam-2022.html,2022-01-01,APG,1,ME,ME,LE,LE,LE,LE,LE,SE,SE,LE,LE,PC,LC,PC,LC,LC,PC,NC,LC,LC,PC,PC,NC,PC,PC,NC,PC,PC,PC,PC,PC,PC,PC,PC,PC,PC,PC,PC,PC,PC,C,LC,LC,C,PC,NC,LC,LC,PC,LC,LC,0.3333333333333333,0.3333333333333333,0.0,0.0,0.0,0.0,0.0,0.6666666666666666,0.6666666666666666,0.0,0.0,0.3333333333333333,0.6666666666666666,0.3333333333333333,0.6666666666666666,0.6666666666666666,0.3333333333333333,0.0,0.6666666666666666,0.6666666666666666,0.3333333333333333,0.3333333333333333,0.0,0.3333333333333333,0.3333333333333333,0.0,0.3333333333333333,0.3333333333333333,0.3333333333333333,0.3333333333333333,0.3333333333333333,0.3333333333333333,0.3333333333333333,0.3333333333333333,0.3333333333333333,0.3333333333333333,0.3333333333333333,0.3333333333333333,0.3333333333333333,0.3333333333333333,1.0,0.6666666666666666,0.6666666666666666,1.0,0.3333333333333333,0.0,0.6666666666666666,0.6666666666666666,0.3333333333333333,0.6666666666666666,0.6666666666666666,7,2,2,0,4,23,11,2,0.1818181818181818,0.425,0.3333333333333333,0.0,0.2222222222222222,0.5,0.5,0.41666666666666663,0.3111111111111111,0.3333333333333333,0.5,0.6,0.1818181818181818,0.425,0.18518518518518517,0.4515873015873016,0.427807486631016,0.4100761570005858,0,0,1,1,1,1,1,1,1,0
2023,Vietnam,VN,Asia,EFUR1,https://www.fatf-gafi.org/content/fatf-gafi/en/publications/Mutualevaluations/Vietnam-FUR-2023.html,2023-06-01,APG,1,ME,ME,LE,LE,LE,LE,LE,SE,SE,LE,LE,PC,LC,PC,LC,LC,PC,NC,LC,LC,PC,PC,NC,LC,PC,NC,PC,PC,PC,PC,PC,PC,PC,PC,PC,PC,PC,PC,PC,PC,C,LC,LC,C,PC,NC,LC,LC,PC,LC,LC,0.3333333333333333,0.3333333333333333,0.0,0.0,0.0,0.0,0.0,0.6666666666666666,0.6666666666666666,0.0,0.0,0.3333333333333333,0.6666666666666666,0.3333333333333333,0.6666666666666666,0.6666666666666666,0.3333333333333333,0.0,0.6666666666666666,0.6666666666666666,0.3333333333333333,0.3333333333333333,0.0,0.6666666666666666,0.3333333333333333,0.0,0.3333333333333333,0.3333333333333333,0.3333333333333333,0.3333333333333333,0.3333333333333333,0.3333333333333333,0.3333333333333333,0.3333333333333333,0.3333333333333333,0.3333333333333333,0.3333333333333333,0.3333333333333333,0.3333333333333333,0.3333333333333333,1.0,0.6666666666666666,0.6666666666666666,1.0,0.3333333333333333,0.0,0.6666666666666666,0.6666666666666666,0.3333333333333333,0.6666666666666666,0.6666666666666666,7,2,2,0,4,22,12,2,0.1818181818181818,0.4333333333333333,0.3333333333333333,0.0,0.2222222222222222,0.5,0.5,0.41666666666666663,0.3333333333333333,0.3333333333333333,0.5,0.6,0.1818181818181818,0.4333333333333333,0.18518518518518517,0.45476190476190476,0.4195804195804196,0.4072134962187318,1,1,1,1,1,1,1,1,1,1
2019,Zambia,ZM,Africa,MER,https://www.fatf-gafi.org/en/publications/Mutualevaluations/Mer-zambia-2019.html,2019-06-01,ESAAMLG,1,ME,ME,ME,ME,LE,ME,ME,ME,ME,ME,LE,LC,LC,C,C,LC,PC,NC,PC,C,PC,LC,LC,C,LC,PC,PC,LC,LC,LC,C,C,PC,LC,PC,PC,PC,C,PC,C,LC,LC,C,C,C,PC,LC,LC,LC,LC,LC,0.3333333333333333,0.3333333333333333,0.3333333333333333,0.3333333333333333,0.0,0.3333333333333333,0.3333333333333333,0.3333333333333333,0.3333333333333333,0.3333333333333333,0.0,0.6666666666666666,0.6666666666666666,1.0,1.0,0.6666666666666666,0.3333333333333333,0.0,0.3333333333333333,1.0,0.3333333333333333,0.6666666666666666,0.6666666666666666,1.0,0.6666666666666666,0.3333333333333333,0.3333333333333333,0.6666666666666666,0.6666666666666666,0.6666666666666666,1.0,1.0,0.3333333333333333,0.6666666666666666,0.3333333333333333,0.3333333333333333,0.3333333333333333,1.0,0.3333333333333333,1.0,0.6666666666666666,0.6666666666666666,1.0,1.0,1.0,0.3333333333333333,0.6666666666666666,0.6666666666666666,0.6666666666666666,0.6666666666666666,0.6666666666666666,2,9,0,0,1,11,17,11,0.2727272727272727,0.65,0.3333333333333333,0.2222222222222222,0.2777777777777778,0.6666666666666666,1.0,0.3333333333333333,0.6666666666666666,0.3333333333333333,0.7333333333333333,0.6666666666666666,0.2727272727272727,0.65,0.2777777777777778,0.6285714285714286,0.41958041958041953,0.44191919191919193,0,0,1,1,1,0,1,1,1,0
2022,Zambia,ZM,Africa,EFUR1,https://www.fatf-gafi.org/en/publications/Mutualevaluations/Fur-zambia-2022.html,2022-04-01,ESAAMLG,1,ME,ME,ME,ME,LE,ME,ME,ME,ME,ME,LE,LC,PC,C,C,PC,PC,PC,PC,C,LC,LC,LC,C,LC,PC,PC,LC,LC,LC,C,C,LC,LC,PC,PC,PC,C,PC,C,LC,LC,C,C,C,PC,LC,LC,LC,LC,LC,0.3333333333333333,0.3333333333333333,0.3333333333333333,0.3333333333333333,0.0,0.3333333333333333,0.3333333333333333,0.3333333333333333,0.3333333333333333,0.3333333333333333,0.0,0.6666666666666666,0.3333333333333333,1.0,1.0,0.3333333333333333,0.3333333333333333,0.3333333333333333,0.3333333333333333,1.0,0.6666666666666666,0.6666666666666666,0.6666666666666666,1.0,0.6666666666666666,0.3333333333333333,0.3333333333333333,0.6666666666666666,0.6666666666666666,0.6666666666666666,1.0,1.0,0.6666666666666666,0.6666666666666666,0.3333333333333333,0.3333333333333333,0.3333333333333333,1.0,0.3333333333333333,1.0,0.6666666666666666,0.6666666666666666,1.0,1.0,1.0,0.3333333333333333,0.6666666666666666,0.6666666666666666,0.6666666666666666,0.6666666666666666,0.6666666666666666,2,9,0,0,0,12,17,11,0.2727272727272727,0.6583333333333333,0.3333333333333333,0.2222222222222222,0.2777777777777778,0.5,1.0,0.3333333333333333,0.7111111111111111,0.3333333333333333,0.7333333333333333,0.6666666666666666,0.2727272727272727,0.6583333333333333,0.2777777777777778,0.611111111111111,0.41426927502876865,0.4545454545454546,1,1,1,1,1,0,1,1,1,1
2023,Zambia,ZM,Africa,EFUR5,https://www.fatf-gafi.org/content/fatf-gafi/en/publications/Mutualevaluations/zambia-fur-2023.html,2023-09-01,ESAAMLG,1,ME,ME,ME,ME,LE,ME,ME,ME,ME,ME,LE,LC,LC,C,C,PC,PC,PC,PC,C,LC,LC,LC,C,LC,PC,C,LC,LC,LC,C,C,LC,LC,PC,PC,PC,C,PC,C,LC,LC,C,C,C,PC,LC,LC,LC,LC,LC,0.3333333333333333,0.3333333333333333,0.3333333333333333,0.3333333333333333,0.0,0.3333333333333333,0.3333333333333333,0.3333333333333333,0.3333333333333333,0.3333333333333333,0.0,0.6666666666666666,0.6666666666666666,1.0,1.0,0.3333333333333333,0.3333333333333333,0.3333333333333333,0.3333333333333333,1.0,0.6666666666666666,0.6666666666666666,0.6666666666666666,1.0,0.6666666666666666,0.3333333333333333,1.0,0.6666666666666666,0.6666666666666666,0.6666666666666666,1.0,1.0,0.6666666666666666,0.6666666666666666,0.3333333333333333,0.3333333333333333,0.3333333333333333,1.0,0.3333333333333333,1.0,0.6666666666666666,0.6666666666666666,1.0,1.0,1.0,0.3333333333333333,0.6666666666666666,0.6666666666666666,0.6666666666666666,0.6666666666666666,0.6666666666666666,2,9,0,0,0,10,18,12,0.2727272727272727,0.6833333333333333,0.3333333333333333,0.2222222222222222,0.2777777777777778,0.6666666666666666,1.0,0.3333333333333333,0.7555555555555555,0.3333333333333333,0.7333333333333333,0.6666666666666666,0.2727272727272727,0.6833333333333333,0.2777777777777778,0.6412698412698412,0.39911308203991125,0.4331683168316832,1,1,1,1,1,0,1,1,1,5
2016,Zimbabwe,ZW,Africa,MER,https://www.fatf-gafi.org/en/publications/Mutualevaluations/Mer-zimbabwe-2016.html,2016-09-01,ESAAMLG,1,LE,LE,LE,LE,LE,LE,LE,LE,ME,ME,LE,PC,LC,C,PC,C,C,NC,NC,C,PC,C,PC,LC,PC,NC,PC,LC,PC,NC,C,C,PC,PC,NC,NC,PC,LC,PC,PC,C,LC,LC,PC,PC,LC,C,C,LC,C,LC,0.0,0.0,0.0,0.0,0.0,0.0,0.0,0.0,0.3333333333333333,0.3333333333333333,0.0,0.3333333333333333,0.6666666666666666,1.0,0.3333333333333333,1.0,1.0,0.0,0.0,1.0,0.3333333333333333,1.0,0.3333333333333333,0.6666666666666666,0.3333333333333333,0.0,0.3333333333333333,0.6666666666666666,0.3333333333333333,0.0,1.0,1.0,0.3333333333333333,0.3333333333333333,0.0,0.0,0.3333333333333333,0.6666666666666666,0.3333333333333333,0.3333333333333333,1.0,0.6666666666666666,0.6666666666666666,0.3333333333333333,0.3333333333333333,0.6666666666666666,1.0,1.0,0.6666666666666666,1.0,0.6666666666666666,9,2,0,0,6,14,9,11,0.0606060606060606,0.5416666666666666,0.0,0.0,0.1111111111111111,0.5,0.6666666666666666,0.5,0.5111111111111111,0.0,0.5333333333333333,0.8666666666666667,0.0606060606060606,0.5416666666666666,0.037037037037037035,0.5111111111111111,0.11188811188811189,0.07246376811594203,0,0,1,1,1,1,1,1,1,0
2019,Zimbabwe,ZW,Africa,EFUR5,https://www.fatf-gafi.org/en/publications/Mutualevaluations/Fur-zimbabwe-2019.html,2019-04-01,ESAAMLG,1,LE,LE,LE,LE,LE,LE,LE,LE,ME,ME,LE,PC,LC,C,C,C,C,NC,NC,C,LC,C,C,LC,C,C,LC,LC,C,C,C,C,LC,C,NC,NC,PC,LC,PC,PC,C,LC,LC,PC,PC,LC,C,C,LC,C,LC,0.0,0.0,0.0,0.0,0.0,0.0,0.0,0.0,0.3333333333333333,0.3333333333333333,0.0,0.3333333333333333,0.6666666666666666,1.0,1.0,1.0,1.0,0.0,0.0,1.0,0.6666666666666666,1.0,1.0,0.6666666666666666,1.0,1.0,0.6666666666666666,0.6666666666666666,1.0,1.0,1.0,1.0,0.6666666666666666,1.0,0.0,0.0,0.3333333333333333,0.6666666666666666,0.3333333333333333,0.3333333333333333,1.0,0.6666666666666666,0.6666666666666666,0.3333333333333333,0.3333333333333333,0.6666666666666666,1.0,1.0,0.6666666666666666,1.0,0.6666666666666666,9,2,0,0,4,6,12,18,0.0606060606060606,0.7,0.0,0.0,0.1111111111111111,0.5,1.0,0.5,0.8888888888888888,0.0,0.5333333333333333,0.8666666666666667,0.0606060606060606,0.7,0.037037037037037035,0.6126984126984127,0.08658008658008658,0.06044905008635578,1,1,1,0,1,1,1,1,1,5
2019,Zimbabwe,ZW,Africa,EFUR6,https://www.fatf-gafi.org/en/publications/Mutualevaluations/Fur2-zimbabwe-2019.html,2019-09-01,ESAAMLG,1,LE,LE,LE,LE,LE,LE,LE,LE,ME,ME,LE,LC,PC,C,C,LC,C,PC,PC,C,C,C,C,LC,C,PC,C,LC,C,C,C,C,C,C,LC,LC,PC,LC,PC,PC,C,LC,LC,C,PC,LC,C,C,LC,C,LC,0.0,0.0,0.0,0.0,0.0,0.0,0.0,0.0,0.3333333333333333,0.3333333333333333,0.0,0.6666666666666666,0.3333333333333333,1.0,1.0,0.6666666666666666,1.0,0.3333333333333333,0.3333333333333333,1.0,1.0,1.0,1.0,0.6666666666666666,1.0,0.3333333333333333,1.0,0.6666666666666666,1.0,1.0,1.0,1.0,1.0,1.0,0.6666666666666666,0.6666666666666666,0.3333333333333333,0.6666666666666666,0.3333333333333333,0.3333333333333333,1.0,0.6666666666666666,0.6666666666666666,1.0,0.3333333333333333,0.6666666666666666,1.0,1.0,0.6666666666666666,1.0,0.6666666666666666,9,2,0,0,0,8,12,20,0.0606060606060606,0.7666666666666666,0.0,0.0,0.1111111111111111,0.5,1.0,0.5833333333333333,0.9111111111111111,0.6666666666666666,0.6,0.8666666666666667,0.0606060606060606,0.7666666666666666,0.037037037037037035,0.7325396825396825,0.07905138339920949,0.05055976886962803,1,1,1,0,1,1,1,1,1,6
2021,Zimbabwe,ZW,Africa,EFUR7,https://www.fatf-gafi.org/en/publications/Mutualevaluations/Fur-zimbabwe-2021.html,2021-04-01,ESAAMLG,1,LE,LE,LE,LE,LE,LE,LE,LE,ME,ME,LE,PC,LC,C,C,C,C,PC,PC,C,C,C,C,LC,C,C,C,LC,C,C,C,C,C,C,NC,LC,PC,LC,PC,LC,C,LC,LC,C,PC,LC,C,C,LC,C,LC,0.0,0.0,0.0,0.0,0.0,0.0,0.0,0.0,0.3333333333333333,0.3333333333333333,0.0,0.3333333333333333,0.6666666666666666,1.0,1.0,1.0,1.0,0.3333333333333333,0.3333333333333333,1.0,1.0,1.0,1.0,0.6666666666666666,1.0,1.0,1.0,0.6666666666666666,1.0,1.0,1.0,1.0,1.0,1.0,0.0,0.6666666666666666,0.3333333333333333,0.6666666666666666,0.3333333333333333,0.6666666666666666,1.0,0.6666666666666666,0.6666666666666666,1.0,0.3333333333333333,0.6666666666666666,1.0,1.0,0.6666666666666666,1.0,0.6666666666666666,9,2,0,0,1,6,11,22,0.0606060606060606,0.7833333333333333,0.0,0.0,0.1111111111111111,0.5,1.0,0.6666666666666666,0.9555555555555556,0.3333333333333333,0.6333333333333333,0.8666666666666667,0.0606060606060606,0.7833333333333333,0.037037037037037035,0.707936507936508,0.07736943907156672,0.0523168908819133,1,1,0,0,1,1,0,1,1,7
2022,Zimbabwe,ZW,Africa,EFUR8,https://www.fatf-gafi.org/en/publications/Mutualevaluations/Fur-zimbabwe-2022.html,2022-04-01,ESAAMLG,1,LE,LE,LE,LE,LE,LE,LE,LE,ME,ME,LE,LC,PC,C,C,LC,C,PC,PC,C,C,C,C,LC,C,PC,C,LC,C,C,C,C,C,C,LC,LC,LC,LC,LC,LC,C,LC,LC,C,LC,LC,C,C,LC,C,LC,0.0,0.0,0.0,0.0,0.0,0.0,0.0,0.0,0.3333333333333333,0.3333333333333333,0.0,0.6666666666666666,0.3333333333333333,1.0,1.0,0.6666666666666666,1.0,0.3333333333333333,0.3333333333333333,1.0,1.0,1.0,1.0,0.6666666666666666,1.0,0.3333333333333333,1.0,0.6666666666666666,1.0,1.0,1.0,1.0,1.0,1.0,0.6666666666666666,0.6666666666666666,0.6666666666666666,0.6666666666666666,0.6666666666666666,0.6666666666666666,1.0,0.6666666666666666,0.6666666666666666,1.0,0.6666666666666666,0.6666666666666666,1.0,1.0,0.6666666666666666,1.0,0.6666666666666666,9,2,0,0,0,4,16,20,0.0606060606060606,0.7999999999999999,0.0,0.0,0.1111111111111111,0.5,1.0,0.5833333333333333,0.9111111111111111,0.6666666666666666,0.7333333333333333,0.8666666666666667,0.0606060606060606,0.7999999999999999,0.037037037037037035,0.7515873015873016,0.07575757575757576,0.049278423090461106,1,1,0,0,1,1,0,1,1,8
2024,Zimbabwe,ZW,Africa,EFUR10,https://www.fatf-gafi.org/content/fatf-gafi/en/publications/Mutualevaluations/fur-zimbabwe-2024.html,2024-04-01,ESAAMLG,1,LE,LE,LE,LE,LE,LE,LE,LE,ME,ME,LE,LC,PC,C,C,LC,C,LC,PC,C,C,C,C,LC,C,PC,C,LC,C,C,C,C,C,C,LC,LC,LC,LC,LC,LC,C,LC,LC,C,LC,LC,C,C,LC,C,LC,0.0,0.0,0.0,0.0,0.0,0.0,0.0,0.0,0.3333333333333333,0.3333333333333333,0.0,0.6666666666666666,0.3333333333333333,1.0,1.0,0.6666666666666666,1.0,0.6666666666666666,0.3333333333333333,1.0,1.0,1.0,1.0,0.6666666666666666,1.0,0.3333333333333333,1.0,0.6666666666666666,1.0,1.0,1.0,1.0,1.0,1.0,0.6666666666666666,0.6666666666666666,0.6666666666666666,0.6666666666666666,0.6666666666666666,0.6666666666666666,1.0,0.6666666666666666,0.6666666666666666,1.0,0.6666666666666666,0.6666666666666666,1.0,1.0,0.6666666666666666,1.0,0.6666666666666666,9,2,0,0,0,3,17,20,0.0606060606060606,0.8083333333333333,0.0,0.0,0.1111111111111111,0.5,1.0,0.6666666666666666,0.9111111111111111,0.6666666666666666,0.7333333333333333,0.8666666666666667,0.0606060606060606,0.8083333333333333,0.037037037037037035,0.7634920634920634,0.07497656982193064,0.04851004851004851,1,1,0,0,1,1,0,1,1,10
